SqFt,Bedrooms,BHK,Bathrooms,HouseAgeYears,DistanceToCityKm,SchoolRating,CrimeIndex,Latitude,Longitude,SellerName,ContactNumber,Address,PriceUSD
1998.0,3,3,1.0,10,2.5,10,99.6,21.12309,79.08647,Arjun Joshi,+91 768755 9724,"849, Market Street, Dharampeth",311066.0
1124.0,5,5,3.0,75,7.5,4,49.0,21.21109,79.10605,Rahul Deshmukh,+91 675463 6789,"729, Civil Lines, Sitabuldi",151714.0
2288.0,1,1,3.0,48,5.0,5,33.1,21.11982,79.12798,Vikram Chauhan,+91 977739 5823,"547, Ring Road, Manish Nagar",330451.0
2411.0,5,5,1.0,6,3.1,5,53.7,21.16019,79.06259,Sai Rao,+91 865422 7019,"663, Market Street, Trimurti Nagar",377077.0
532.0,3,3,3.0,17,0.9,1,6.4,21.13973,79.08297,Anjali Patel,+91 790135 1945,"403, Station Road, Sadar",147408.0
954.0,4,4,2.0,28,8.3,9,17.7,21.19711,79.14607,Priya Nair,+91 713762 4142,"699, College Road, Wardha Road",205142.0
1883.0,1,1,2.0,1,17.6,8,14.9,21.30415,79.08406,Sai Gupta,+91 992460 2962,"309, Sunrise Boulevard, Pratap Nagar",269078.0
1594.0,5,5,3.5,0,1.3,4,2.8,21.13432,79.08425,Kabir Rao,+91 848122 6553,"314, MG Road, Ramdaspeth",280577.0
1789.0,1,1,3.0,74,3.6,6,72.2,21.1358,79.05545,Arjun Joshi,+91 735787 0439,"827, Market Street, Civil Lines",231723.0
1246.0,5,5,1.5,78,7.4,4,32.5,21.07982,79.09735,Meera Joshi,+91 942214 2525,"415, College Road, Hingna Road",224259.0
2372.0,4,4,1.5,42,1.2,3,16.9,21.14161,79.07753,Kabir Joshi,+91 866800 4572,"531, Market Street, Trimurti Nagar",365863.0
2306.0,2,2,3.5,72,0.8,4,51.2,21.14275,79.08118,Ananya Reddy,+91 646655 1450,"120, Civil Lines, Ramdaspeth",324567.0
1843.0,1,1,3.5,52,0.5,2,32.3,21.1423,79.09124,Amit Patel,+91 896759 0928,"343, Hill Top Road, Pratap Nagar",244936.0
2533.0,4,4,1.0,2,0.5,9,39.3,21.14785,79.0839,Anjali Agarwal,+91 903560 3819,"650, Church Street, Pratap Nagar",407421.0
2104.0,1,1,3.5,57,0.6,7,31.6,21.14274,79.09243,Rahul Nair,+91 979929 4284,"530, Park Avenue, Sadar",340854.0
1241.0,4,4,2.0,1,2.5,10,0.4,21.16232,79.07109,Kavya Gupta,+91 666298 5507,"302, Park Avenue, Trimurti Nagar",295366.0
2040.0,4,4,2.0,65,10.6,1,68.8,21.23014,79.03952,Rahul Bose,+91 999597 5816,"30, Lake View Lane, Trimurti Nagar",255604.0
1177.0,2,2,1.5,29,10.8,7,11.1,21.05011,79.10738,Diya Sharma,+91 964685 3455,"548, Market Street, Civil Lines",144598.0
2371.0,2,2,3.0,11,5.3,6,21.9,21.14926,79.13924,Arjun Iyer,+91 635295 8332,"349, Church Street, Civil Lines",355942.0
1768.0,2,2,3.0,20,12.8,7,19.0,21.24744,79.14617,Amit Deshmukh,+91 856585 8037,"920, MG Road, Sadar",275875.0
1680.0,2,2,2.0,54,5.6,10,33.1,21.16783,79.13699,Ishaan Nair,+91 937545 9690,"44, Hill Top Road, Sitabuldi",253203.0
1357.0,1,1,3.0,67,0.6,4,16.0,21.14538,79.08229,Anjali Agarwal,+91 688954 5989,"682, Lake View Lane, Sitabuldi",206346.0
2595.0,2,2,3.0,45,4.1,2,34.7,21.11933,79.06089,Priya Iyer,+91 996218 1047,"383, Green Valley Road, Hingna Road",382789.0
1700.0,4,4,3.5,12,5.9,1,24.3,21.14923,79.1446,Sanjay Mehta,+91 772587 9702,"268, Hill Top Road, Laxmi Nagar",285468.0
1522.0,2,2,3.5,72,4.6,5,6.1,21.18107,79.11172,Aditya Nair,+91 711879 3991,"713, Green Valley Road, Manish Nagar",270391.0
1571.0,4,4,3.0,63,7.6,2,87.1,21.21083,79.06431,Neha Rao,+91 781415 0848,"514, Sunrise Boulevard, Pratap Nagar",184120.0
2146.0,5,5,3.5,32,2.4,2,30.6,21.16697,79.08172,Priya Rao,+91 845793 5308,"75, MG Road, Wardha Road",338799.0
2038.0,4,4,3.0,44,10.1,2,9.5,21.19805,79.16831,Ananya Bose,+91 953789 4144,"601, Church Street, Laxmi Nagar",261478.0
2068.0,3,3,2.5,77,9.6,3,52.2,21.22254,79.13153,Kavya Deshmukh,+91 925480 7623,"179, Ring Road, Ramdaspeth",265947.0
2080.0,2,2,3.5,30,1.7,2,12.3,21.13303,79.09777,Sneha Iyer,+91 683658 6891,"849, Hill Top Road, Hingna Road",297035.0
3192.0,5,5,1.5,2,16.5,5,77.3,21.00391,79.03938,Ritu Nair,+91 989042 9310,"241, Green Valley Road, Gandhibagh",478749.0
1536.0,2,2,2.0,11,3.8,7,6.2,21.17874,79.07768,Sanjay Nair,+91 970350 1943,"793, Sunrise Boulevard, Gandhibagh",289521.0
1467.0,3,3,2.0,48,13.8,3,46.5,21.26996,79.07696,Kabir Deshmukh,+91 680287 4957,"329, Hill Top Road, Ramdaspeth",235758.0
1271.0,3,3,3.0,79,5.8,2,94.4,21.17103,79.13726,Suman Joshi,+91 795460 4637,"315, Sunrise Boulevard, Ramdaspeth",159819.0
2200.0,4,4,1.5,59,0.6,6,15.9,21.15028,79.08476,Neha Joshi,+91 641151 3504,"3, Civil Lines, Dharampeth",320389.0
2534.0,3,3,2.0,49,1.3,1,20.1,21.15299,79.07786,Priya Nair,+91 933993 8239,"918, Sunrise Boulevard, Trimurti Nagar",334319.0
1726.0,4,4,1.0,25,22.7,8,60.0,21.03015,79.26865,Aarav Iyer,+91 713899 8943,"552, Hill Top Road, Wardha Road",263432.0
1254.0,5,5,3.5,35,4.8,4,98.0,21.10228,79.08618,Rahul Joshi,+91 731191 6264,"148, MG Road, Ramdaspeth",264223.0
1264.0,2,2,3.5,3,10.7,5,38.6,21.15842,78.98545,Anjali Agarwal,+91 913782 2740,"35, Church Street, Civil Lines",237183.0
2223.0,5,5,1.0,29,5.9,3,64.9,21.18593,79.1262,Sai Bose,+91 813217 4704,"276, College Road, Gandhibagh",318978.0
2283.0,1,1,3.0,49,3.1,3,15.2,21.12263,79.07158,Pooja Sharma,+91 945944 8331,"492, Park Avenue, Laxmi Nagar",323354.0
2153.0,5,5,2.0,72,18.3,2,64.1,21.08112,79.25129,Aditya Gupta,+91 970244 0591,"34, Green Valley Road, Laxmi Nagar",277110.0
1367.0,1,1,3.0,73,3.6,6,25.3,21.1612,79.11912,Suman Kulkarni,+91 945353 1893,"361, Sunrise Boulevard, Manish Nagar",265881.0
1951.0,5,5,3.5,65,8.2,2,61.3,21.08534,79.13444,Arjun Patel,+91 601884 8241,"311, Station Road, Hingna Road",316145.0
1876.0,2,2,1.0,1,1.2,7,8.9,21.15575,79.09321,Neha Mehta,+91 656976 6645,"872, Lake View Lane, Pratap Nagar",329302.0
1942.0,5,5,1.5,64,2.1,3,52.5,21.12798,79.08216,Aarav Nair,+91 610748 1328,"414, MG Road, Pratap Nagar",294192.0
2366.0,1,1,2.0,17,27.1,6,23.7,21.36944,79.19402,Anjali Patel,+91 736054 6510,"105, Civil Lines, Ramdaspeth",322805.0
1945.0,3,3,1.5,49,14.5,6,68.2,21.06908,78.975,Kavya Rao,+91 812729 0570,"241, Civil Lines, Gandhibagh",281362.0
2241.0,5,5,1.5,75,26.7,7,74.8,21.38581,79.10825,Suman Rao,+91 850748 6311,"825, Hill Top Road, Trimurti Nagar",277358.0
1844.0,1,1,3.0,71,22.1,8,84.8,21.09434,78.88245,Ananya Kulkarni,+91 803731 0427,"13, Park Avenue, Sadar",207290.0
1988.0,2,2,3.0,53,10.3,6,99.2,21.09114,79.00771,Vivaan Agarwal,+91 831240 1937,"133, Station Road, Sadar",295570.0
2210.0,1,1,2.0,23,12.7,9,45.9,21.06813,78.99785,Rahul Bose,+91 991680 3102,"11, Green Valley Road, Manish Nagar",325814.0
853.0,2,2,1.0,41,18.6,3,67.1,20.99256,79.01439,Ishaan Nair,+91 818270 6614,"50, College Road, Laxmi Nagar",134024.0
1592.0,2,2,1.5,56,3.1,8,1.8,21.15745,79.11517,Riya Kulkarni,+91 796842 4494,"923, Lake View Lane, Hingna Road",309037.0
1494.0,4,4,3.0,41,1.9,4,90.5,21.12932,79.08287,Aarav Deshmukh,+91 765338 2460,"989, Hill Top Road, Trimurti Nagar",254709.0
1385.0,2,2,1.5,32,0.5,7,61.6,21.14961,79.09099,Rohan Bose,+91 968454 6064,"734, Hill Top Road, Trimurti Nagar",243159.0
1621.0,1,1,1.0,32,7.2,5,42.1,21.08765,79.05743,Sneha Mehta,+91 908158 9675,"92, Civil Lines, Laxmi Nagar",317341.0
2772.0,1,1,2.0,47,1.8,10,43.4,21.1569,79.10025,Rahul Gupta,+91 979441 9976,"697, Park Avenue, Wardha Road",410923.0
1237.0,5,5,2.5,2,5.7,3,75.8,21.15243,79.03355,Ishaan Iyer,+91 829062 4013,"772, Park Avenue, Ramdaspeth",201903.0
2429.0,5,5,2.5,79,3.9,6,83.3,21.16859,79.05986,Rohan Gupta,+91 938509 6895,"785, Civil Lines, Ramdaspeth",340851.0
706.0,2,2,2.5,8,8.5,2,80.8,21.13017,79.16872,Pooja Patel,+91 714609 3698,"746, Civil Lines, Wardha Road",165926.0
1582.0,1,1,3.0,78,0.6,7,51.1,21.14163,79.08405,Aarav Reddy,+91 672558 0019,"693, Civil Lines, Civil Lines",207018.0
1906.0,1,1,2.5,2,8.7,1,37.1,21.18727,79.16004,Kabir Rao,+91 856006 7404,"442, Sunrise Boulevard, Laxmi Nagar",257649.0
2181.0,5,5,3.5,41,0.5,5,94.6,21.14151,79.08673,Suman Deshmukh,+91 662372 0604,"62, Ring Road, Laxmi Nagar",368392.0
2262.0,4,4,2.0,33,3.1,1,63.4,21.17199,79.09848,Meera Reddy,+91 850689 2365,"823, Church Street, Ramdaspeth",318916.0
2316.0,4,4,2.5,45,9.7,4,54.4,21.2306,79.06719,Aarav Patel,+91 963009 4462,"924, Market Street, Hingna Road",331208.0
1573.0,2,2,2.5,34,1.8,5,59.8,21.15688,79.07579,Anjali Verma,+91 634061 0637,"500, Hill Top Road, Pratap Nagar",277992.0
1499.0,4,4,3.0,71,15.1,4,63.0,21.01162,79.11212,Ananya Patel,+91 850603 6432,"428, Green Valley Road, Trimurti Nagar",195293.0
2358.0,1,1,3.5,1,23.5,4,71.3,21.07306,79.30096,Amit Nair,+91 942969 3923,"916, Green Valley Road, Sadar",275523.0
1676.0,4,4,1.5,78,2.8,2,55.3,21.13443,79.11187,Sneha Nair,+91 825605 9466,"453, Sunrise Boulevard, Sadar",203033.0
971.0,3,3,3.0,55,8.8,8,87.5,21.21514,79.12866,Ananya Iyer,+91 896408 3924,"370, Church Street, Hingna Road",185130.0
1063.0,2,2,3.5,62,0.5,8,86.0,21.14758,79.09299,Ananya Reddy,+91 981273 9585,"885, Station Road, Sadar",195030.0
1202.0,4,4,3.0,11,19.3,5,44.2,20.99301,79.17631,Meera Nair,+91 908437 2465,"926, MG Road, Pratap Nagar",193826.0
2123.0,4,4,1.0,5,2.0,1,16.9,21.16326,79.08362,Diya Mehta,+91 670966 8401,"205, Sunrise Boulevard, Manish Nagar",306318.0
1893.0,3,3,3.0,31,23.4,1,57.7,21.04097,78.89209,Rohan Sharma,+91 999066 1742,"275, Green Valley Road, Pratap Nagar",239041.0
2249.0,1,1,1.0,25,5.4,7,62.1,21.13923,79.14037,Amit Chauhan,+91 959267 6672,"313, College Road, Sadar",349235.0
1522.0,1,1,1.5,62,1.7,10,52.3,21.15978,79.09453,Rahul Reddy,+91 619392 2049,"160, Church Street, Ramdaspeth",221428.0
1903.0,5,5,3.5,71,2.1,9,89.1,21.1595,79.07354,Riya Patel,+91 883469 6237,"854, Ring Road, Sadar",292761.0
2207.0,2,2,1.5,34,21.6,5,9.3,21.00222,79.22845,Amit Patel,+91 905735 7505,"972, MG Road, Manish Nagar",273470.0
1599.0,2,2,3.0,61,5.4,5,28.7,21.10636,79.05747,Kavya Joshi,+91 927291 8063,"519, Market Street, Dharampeth",238886.0
2097.0,4,4,2.5,4,14.4,2,86.6,21.09616,79.21681,Ritu Rao,+91 912013 1984,"710, Ring Road, Sitabuldi",307840.0
1370.0,2,2,1.0,59,7.5,1,93.9,21.0961,79.03924,Anjali Verma,+91 909710 6064,"420, Park Avenue, Sitabuldi",217884.0
1564.0,2,2,1.0,7,12.0,8,42.6,21.24816,79.0498,Suman Rao,+91 683459 7634,"994, Civil Lines, Wardha Road",261052.0
1552.0,4,4,3.0,53,2.1,5,19.3,21.12831,79.09497,Aditya Gupta,+91 713801 5795,"953, College Road, Dharampeth",270424.0
1023.0,3,3,3.0,30,5.6,5,42.0,21.09567,79.09133,Aditya Chauhan,+91 662431 3257,"748, Park Avenue, Sitabuldi",219054.0
2117.0,4,4,2.5,33,6.6,4,45.6,21.12155,79.14687,Neha Reddy,+91 698399 5271,"887, Green Valley Road, Hingna Road",341964.0
1495.0,1,1,3.5,22,4.9,4,52.0,21.15232,79.04184,Rahul Bose,+91 735898 4078,"135, Station Road, Ramdaspeth",224023.0
1808.0,3,3,1.0,32,5.1,10,27.4,21.14498,79.03884,Kabir Joshi,+91 945818 5616,"886, Park Avenue, Trimurti Nagar",364723.0
2112.0,3,3,2.0,69,20.8,9,31.3,21.31308,78.99848,Aditya Bose,+91 825596 5436,"426, Church Street, Gandhibagh",296576.0
2090.0,4,4,1.5,64,18.4,7,65.6,21.31027,79.06732,Aarav Joshi,+91 985635 5633,"212, Civil Lines, Wardha Road",291203.0
2233.0,1,1,2.0,27,7.3,4,62.2,21.14436,79.15898,Meera Verma,+91 834215 8068,"930, Market Street, Gandhibagh",321228.0
1736.0,1,1,1.0,23,0.7,8,66.2,21.14484,79.09534,Suman Mehta,+91 788319 6383,"843, Park Avenue, Laxmi Nagar",280948.0
1525.0,4,4,2.5,40,1.8,4,37.7,21.14277,79.07097,Neha Rao,+91 779761 9466,"135, Civil Lines, Wardha Road",299645.0
1748.0,4,4,2.0,54,7.5,6,33.6,21.12693,79.158,Amit Agarwal,+91 926338 7407,"656, College Road, Manish Nagar",263716.0
703.0,5,5,2.5,14,0.9,2,35.2,21.1519,79.08305,Vivaan Iyer,+91 771737 8790,"881, Sunrise Boulevard, Sitabuldi",197118.0
859.0,2,2,2.5,58,2.0,8,95.1,21.13101,79.09972,Kabir Patel,+91 730130 3118,"691, Sunrise Boulevard, Gandhibagh",158297.0
940.0,5,5,2.0,75,5.0,1,39.5,21.11221,79.0564,Rahul Verma,+91 974524 7574,"482, College Road, Pratap Nagar",183611.0
1152.0,2,2,2.0,67,5.0,8,60.6,21.10174,79.07828,Diya Deshmukh,+91 738924 7278,"48, Civil Lines, Civil Lines",183130.0
2060.0,4,4,1.0,43,5.1,7,52.3,21.10088,79.07845,Aarav Gupta,+91 921998 6091,"495, MG Road, Trimurti Nagar",308965.0
1211.0,1,1,1.0,25,0.5,1,87.6,21.14241,79.08502,Kabir Kulkarni,+91 917388 8858,"555, Lake View Lane, Sitabuldi",188107.0
1554.0,5,5,2.5,25,1.4,6,36.9,21.13594,79.09612,Sanjay Patel,+91 692468 3237,"842, Ring Road, Laxmi Nagar",299572.0
2644.0,2,2,3.0,59,15.2,3,43.4,21.23202,78.97353,Rahul Verma,+91 852765 6218,"219, Market Street, Sitabuldi",322189.0
1568.0,5,5,3.0,36,4.1,5,84.3,21.11609,79.11109,Sanjay Kulkarni,+91 669934 8081,"207, Lake View Lane, Sadar",297544.0
2279.0,2,2,2.5,8,29.9,1,16.1,21.39196,79.20555,Ananya Iyer,+91 924739 7770,"926, College Road, Laxmi Nagar",313881.0
1193.0,4,4,3.0,54,1.1,8,59.4,21.15541,79.09155,Ritu Joshi,+91 686171 6503,"837, Civil Lines, Trimurti Nagar",227504.0
1666.0,3,3,3.0,11,9.5,6,40.0,21.06211,79.06953,Ritu Sharma,+91 919894 3934,"561, Hill Top Road, Gandhibagh",270694.0
1182.0,1,1,2.5,78,3.4,4,98.6,21.1151,79.08823,Ananya Patel,+91 918108 8881,"445, Park Avenue, Gandhibagh",162365.0
1580.0,1,1,1.0,33,3.6,9,72.1,21.12714,79.11659,Rohan Verma,+91 837379 9775,"617, Ring Road, Manish Nagar",262347.0
2346.0,4,4,2.0,27,18.6,7,1.1,21.31103,79.0605,Suman Reddy,+91 604992 7346,"152, Station Road, Manish Nagar",319908.0
677.0,1,1,2.0,4,37.0,7,83.9,21.26095,79.42404,Ananya Reddy,+91 746028 6893,"243, Station Road, Gandhibagh",94101.0
2082.0,2,2,1.5,13,18.2,2,70.3,21.13812,78.91282,Neha Iyer,+91 723523 1394,"541, College Road, Ramdaspeth",286371.0
1955.0,3,3,3.0,75,24.0,6,56.1,20.99297,79.25276,Ritu Gupta,+91 974461 3117,"421, Ring Road, Civil Lines",194323.0
1414.0,2,2,3.5,42,9.6,8,23.6,21.13045,79.179,Arjun Nair,+91 912531 9955,"178, College Road, Wardha Road",251101.0
860.0,1,1,1.0,72,19.1,10,14.9,21.01179,79.2038,Anjali Chauhan,+91 889103 3858,"529, College Road, Trimurti Nagar",153983.0
1847.0,4,4,2.5,76,0.7,7,62.8,21.14621,79.08122,Ishaan Verma,+91 667957 2259,"652, Civil Lines, Pratap Nagar",303351.0
1456.0,4,4,1.5,3,6.1,2,44.0,21.10415,79.12677,Sai Chauhan,+91 805285 0062,"811, Church Street, Sadar",266867.0
1951.0,4,4,1.0,30,5.7,7,86.2,21.19574,79.10053,Diya Nair,+91 901137 8597,"629, Park Avenue, Manish Nagar",290063.0
1814.0,5,5,1.0,67,2.4,1,26.2,21.13562,79.1084,Neha Joshi,+91 817298 0147,"611, Lake View Lane, Wardha Road",245245.0
2841.0,1,1,2.0,39,2.6,4,63.8,21.13613,79.06497,Kabir Kulkarni,+91 950669 2077,"556, Civil Lines, Laxmi Nagar",337392.0
1644.0,3,3,1.0,40,6.3,10,24.9,21.18221,79.04139,Anjali Deshmukh,+91 656114 8569,"113, Lake View Lane, Civil Lines",309568.0
1135.0,2,2,1.0,45,0.5,9,63.6,21.14359,79.08399,Sneha Bose,+91 834614 5324,"384, College Road, Trimurti Nagar",220573.0
1917.0,5,5,2.5,56,7.7,10,4.8,21.07828,79.10391,Rahul Bose,+91 684861 9556,"450, Ring Road, Trimurti Nagar",365699.0
1943.0,3,3,2.0,75,0.6,4,39.2,21.15153,79.08858,Amit Verma,+91 802763 4644,"523, Church Street, Laxmi Nagar",266675.0
2683.0,1,1,1.5,70,2.0,7,17.3,21.15631,79.10333,Sneha Nair,+91 852567 6467,"295, Civil Lines, Manish Nagar",396052.0
2343.0,4,4,2.0,50,6.4,8,60.6,21.08871,79.08168,Sneha Joshi,+91 734664 2955,"743, Park Avenue, Civil Lines",315893.0
2032.0,1,1,1.0,46,2.2,3,31.7,21.14009,79.1081,Sneha Rao,+91 947390 0580,"538, Sunrise Boulevard, Wardha Road",261633.0
2751.0,2,2,3.0,28,34.5,10,77.2,20.91017,78.87098,Amit Bose,+91 963036 6890,"305, Green Valley Road, Gandhibagh",359195.0
1027.0,4,4,2.0,9,6.5,10,11.5,21.19138,79.12731,Ritu Mehta,+91 780979 0092,"469, Market Street, Sadar",258683.0
1384.0,3,3,3.5,56,7.5,2,55.6,21.09271,79.04311,Rohan Nair,+91 732101 8082,"709, College Road, Hingna Road",251075.0
1198.0,4,4,1.0,0,0.5,8,59.4,21.14881,79.09179,Kavya Chauhan,+91 662807 9441,"23, MG Road, Wardha Road",240047.0
1547.0,3,3,3.0,55,22.0,5,2.2,21.33254,79.0182,Rohan Kulkarni,+91 689467 3018,"341, College Road, Pratap Nagar",210652.0
905.0,5,5,2.5,39,5.1,7,3.6,21.15492,79.13678,Rohan Deshmukh,+91 770885 4983,"208, MG Road, Sitabuldi",192196.0
2213.0,3,3,1.5,62,1.9,6,30.8,21.14714,79.06987,Ritu Mehta,+91 749966 7292,"321, Sunrise Boulevard, Gandhibagh",313132.0
1656.0,1,1,3.0,75,3.0,3,60.9,21.16992,79.07576,Neha Sharma,+91 988288 4550,"659, Ring Road, Sadar",279527.0
844.0,1,1,1.5,44,14.4,1,96.3,21.22031,79.20184,Rahul Bose,+91 956545 5942,"214, Ring Road, Wardha Road",110122.0
1140.0,4,4,1.0,45,26.4,6,9.1,21.36763,78.99571,Amit Kulkarni,+91 608147 1266,"544, Sunrise Boulevard, Wardha Road",206366.0
2004.0,1,1,3.0,38,6.1,9,70.3,21.10174,79.05276,Aarav Patel,+91 625724 2938,"377, Church Street, Sitabuldi",296363.0
2345.0,2,2,1.0,29,2.0,9,69.3,21.16289,79.08361,Neha Gupta,+91 881903 1056,"54, College Road, Sadar",351568.0
3098.0,1,1,2.5,7,1.2,3,66.9,21.15454,79.09566,Rohan Iyer,+91 754745 4268,"884, MG Road, Laxmi Nagar",446563.0
3694.0,2,2,1.0,2,0.5,9,51.6,21.14455,79.08356,Sai Gupta,+91 834824 2349,"597, Lake View Lane, Manish Nagar",523171.0
2069.0,3,3,1.5,57,4.2,4,96.7,21.10831,79.08902,Rohan Mehta,+91 703805 1576,"297, Ring Road, Laxmi Nagar",272210.0
1157.0,1,1,1.0,73,23.5,6,50.2,20.96011,79.19789,Sneha Joshi,+91 757560 0153,"503, Church Street, Sitabuldi",116527.0
414.0,3,3,1.5,4,10.1,4,83.8,21.16169,78.992,Ishaan Gupta,+91 734934 5779,"986, College Road, Trimurti Nagar",89967.0
1974.0,5,5,2.0,26,2.1,6,26.3,21.12783,79.08339,Priya Kulkarni,+91 869655 4236,"150, College Road, Wardha Road",341218.0
1272.0,1,1,2.0,48,7.3,6,80.6,21.08848,79.12368,Sai Reddy,+91 661875 4554,"850, Station Road, Ramdaspeth",163604.0
1530.0,1,1,1.5,56,4.3,7,99.7,21.1114,79.06879,Suman Patel,+91 981330 0873,"2, Green Valley Road, Manish Nagar",218605.0
1402.0,2,2,2.0,58,5.4,5,91.0,21.13745,79.03647,Vikram Bose,+91 724720 4551,"863, Ring Road, Sitabuldi",205235.0
1708.0,5,5,1.5,55,8.6,6,30.4,21.17444,79.16585,Ananya Reddy,+91 686795 5778,"335, Ring Road, Sadar",272834.0
2493.0,3,3,2.5,6,1.5,7,84.6,21.1589,79.08459,Sai Gupta,+91 870354 0230,"296, Ring Road, Hingna Road",363642.0
1902.0,4,4,3.5,20,11.6,5,9.5,21.24061,79.04051,Amit Kulkarni,+91 673788 9420,"779, Lake View Lane, Sitabuldi",322116.0
1697.0,1,1,3.0,37,28.5,6,67.8,21.30323,78.87056,Sneha Deshmukh,+91 861222 3359,"164, Hill Top Road, Wardha Road",200459.0
1127.0,4,4,3.5,5,0.5,1,34.2,21.14443,79.0928,Meera Patel,+91 666111 8197,"133, Park Avenue, Wardha Road",228509.0
711.0,1,1,1.5,27,9.5,9,65.9,21.22869,79.11169,Vivaan Sharma,+91 783118 4423,"466, Church Street, Laxmi Nagar",166645.0
1484.0,4,4,1.0,30,8.0,2,41.2,21.1271,79.01317,Vivaan Agarwal,+91 837843 4102,"943, Park Avenue, Gandhibagh",199844.0
1765.0,1,1,3.5,78,0.8,9,0.9,21.14542,79.09556,Sneha Rao,+91 700291 6146,"331, Station Road, Civil Lines",344953.0
2949.0,5,5,1.5,25,6.9,8,23.1,21.10364,79.03932,Neha Nair,+91 957274 4398,"542, Hill Top Road, Dharampeth",454084.0
1885.0,2,2,3.5,77,3.1,10,4.2,21.17263,79.0958,Sanjay Nair,+91 747923 7205,"398, Green Valley Road, Laxmi Nagar",322930.0
2439.0,1,1,2.5,56,14.1,1,42.7,21.11429,79.22043,Aarav Joshi,+91 825142 5229,"757, Hill Top Road, Sadar",282948.0
1475.0,2,2,1.5,55,12.1,3,84.0,21.23923,79.02785,Rohan Kulkarni,+91 693631 0804,"898, Green Valley Road, Hingna Road",215414.0
1030.0,1,1,3.5,65,30.2,1,73.8,21.2263,79.36646,Vikram Verma,+91 927153 5111,"975, Ring Road, Pratap Nagar",91314.0
1173.0,1,1,2.0,67,6.7,5,78.9,21.17114,79.02915,Suman Gupta,+91 856997 0777,"269, College Road, Gandhibagh",150144.0
1329.0,3,3,3.5,17,0.5,10,80.7,21.1503,79.08848,Amit Bose,+91 866566 0519,"263, Civil Lines, Ramdaspeth",247393.0
3184.0,2,2,2.0,33,0.5,8,37.2,21.14171,79.09023,Aarav Patel,+91 791846 6196,"923, MG Road, Ramdaspeth",458890.0
1266.0,2,2,1.0,42,0.8,8,50.6,21.15246,79.08956,Vivaan Chauhan,+91 746966 8618,"582, Park Avenue, Sitabuldi",230326.0
2345.0,5,5,3.5,78,3.7,9,50.8,21.11527,79.10357,Anjali Nair,+91 787150 7901,"328, Hill Top Road, Civil Lines",373687.0
1213.0,1,1,1.0,3,15.5,1,11.3,21.17719,79.23372,Neha Patel,+91 797826 8022,"340, MG Road, Civil Lines",179780.0
2406.0,2,2,2.5,38,4.2,8,59.8,21.12942,79.12502,Neha Joshi,+91 652320 6685,"177, Lake View Lane, Civil Lines",340341.0
2050.0,1,1,2.0,17,0.5,4,72.0,21.14698,79.09286,Suman Mehta,+91 863349 4836,"85, Park Avenue, Laxmi Nagar",280191.0
1698.0,3,3,3.0,16,15.9,7,61.1,21.0917,79.23088,Kabir Iyer,+91 823864 4718,"346, Sunrise Boulevard, Manish Nagar",257675.0
1774.0,2,2,3.0,60,17.1,8,74.6,21.21475,79.23628,Arjun Deshmukh,+91 863693 3938,"792, Park Avenue, Wardha Road",257377.0
1374.0,1,1,2.5,16,0.7,7,11.9,21.14134,79.09283,Rahul Sharma,+91 885002 0764,"659, Lake View Lane, Trimurti Nagar",272582.0
2090.0,1,1,3.0,63,6.3,5,76.1,21.09608,79.11809,Anjali Verma,+91 881530 4102,"13, Market Street, Sadar",299682.0
1504.0,5,5,1.5,79,3.6,7,20.8,21.12756,79.05919,Ananya Mehta,+91 916746 1754,"45, Park Avenue, Laxmi Nagar",257670.0
1003.0,1,1,1.0,62,7.8,5,87.7,21.16153,79.16151,Ishaan Joshi,+91 883491 5579,"868, Lake View Lane, Ramdaspeth",140784.0
969.0,4,4,3.0,13,21.9,7,24.5,21.00961,78.93492,Vivaan Kulkarni,+91 831317 5739,"792, Sunrise Boulevard, Wardha Road",189088.0
1912.0,5,5,2.0,11,2.5,5,49.2,21.13041,79.07014,Aarav Agarwal,+91 789711 9886,"793, Park Avenue, Sitabuldi",283126.0
2826.0,3,3,2.0,34,19.7,4,48.7,21.08347,78.91033,Ananya Chauhan,+91 684128 6987,"861, Lake View Lane, Sitabuldi",368308.0
1904.0,2,2,1.5,44,6.9,3,26.9,21.09997,79.04294,Kavya Rao,+91 701309 2360,"638, Sunrise Boulevard, Civil Lines",263737.0
1723.0,4,4,1.0,62,7.3,4,36.2,21.13273,79.15717,Neha Rao,+91 861963 7310,"337, MG Road, Wardha Road",229995.0
1986.0,5,5,3.5,33,6.8,8,18.6,21.14408,79.1534,Kabir Chauhan,+91 827526 3164,"590, Ring Road, Laxmi Nagar",335958.0
2649.0,1,1,3.0,13,7.5,9,57.0,21.13714,79.01651,Rahul Bose,+91 865101 2297,"641, Church Street, Dharampeth",397821.0
1943.0,5,5,3.5,79,2.4,2,91.3,21.15775,79.10789,Anjali Sharma,+91 884348 3619,"844, Lake View Lane, Manish Nagar",248947.0
1533.0,5,5,2.5,72,3.9,2,31.7,21.1719,79.11319,Kabir Rao,+91 669262 4314,"531, Ring Road, Ramdaspeth",226106.0
2519.0,1,1,2.0,52,16.3,6,50.8,21.00163,79.05907,Rahul Chauhan,+91 951306 3058,"56, Lake View Lane, Hingna Road",364893.0
2079.0,1,1,1.0,55,2.9,8,86.2,21.14288,79.11571,Meera Sharma,+91 899128 6580,"622, Sunrise Boulevard, Hingna Road",246549.0
2798.0,4,4,1.5,74,23.7,2,45.2,21.22921,78.87771,Rahul Bose,+91 755945 8204,"735, Park Avenue, Gandhibagh",335755.0
1919.0,1,1,2.0,37,3.6,4,83.1,21.16459,79.11666,Aarav Deshmukh,+91 864720 7863,"944, Ring Road, Sitabuldi",235043.0
1004.0,4,4,2.5,11,6.6,1,44.6,21.1929,79.05001,Rahul Patel,+91 934423 2435,"181, MG Road, Civil Lines",170279.0
911.0,1,1,1.5,48,11.1,1,44.0,21.21172,79.00802,Amit Mehta,+91 683081 9554,"859, Park Avenue, Manish Nagar",116513.0
2873.0,4,4,2.5,36,23.2,2,15.7,21.14134,79.31192,Rahul Nair,+91 776901 2190,"21, Hill Top Road, Sadar",360880.0
2920.0,2,2,2.5,63,0.7,8,12.5,21.13958,79.08539,Pooja Iyer,+91 614236 5849,"730, Station Road, Manish Nagar",444572.0
1683.0,1,1,3.5,61,15.4,9,61.1,21.23946,79.19806,Amit Mehta,+91 711310 3522,"312, Station Road, Sitabuldi",275638.0
1551.0,1,1,3.5,37,8.5,5,82.7,21.21123,79.04547,Suman Deshmukh,+91 601807 7223,"118, Church Street, Sitabuldi",245890.0
2750.0,1,1,2.0,29,5.0,2,13.5,21.1593,79.13415,Rahul Chauhan,+91 960834 9196,"327, Park Avenue, Hingna Road",406392.0
1080.0,3,3,2.5,33,5.4,10,91.0,21.10598,79.05842,Priya Nair,+91 940084 7843,"551, College Road, Sadar",171103.0
1218.0,1,1,3.0,50,1.0,3,35.9,21.13749,79.0835,Pooja Patel,+91 926735 5157,"193, Sunrise Boulevard, Ramdaspeth",190197.0
2218.0,5,5,3.0,50,2.0,2,42.5,21.15214,79.10618,Rahul Agarwal,+91 793289 8326,"550, Station Road, Hingna Road",351400.0
1544.0,4,4,1.5,40,1.8,2,89.4,21.15969,79.07933,Meera Iyer,+91 927338 3173,"710, MG Road, Manish Nagar",252465.0
1797.0,2,2,3.5,42,2.9,4,89.6,21.13072,79.11131,Meera Deshmukh,+91 666008 0371,"875, College Road, Gandhibagh",306808.0
1694.0,5,5,1.5,79,9.1,8,52.5,21.07313,79.12903,Ananya Deshmukh,+91 651572 2575,"558, Station Road, Dharampeth",290715.0
2019.0,4,4,2.0,20,9.6,4,27.7,21.10695,79.00544,Riya Sharma,+91 774197 0240,"601, Lake View Lane, Ramdaspeth",339791.0
2715.0,4,4,1.0,13,12.1,5,17.2,21.15631,78.97191,Neha Nair,+91 781239 2461,"919, Park Avenue, Dharampeth",467833.0
1859.0,1,1,3.5,63,15.1,4,27.2,21.13967,79.23437,Ishaan Verma,+91 900139 9590,"35, Market Street, Dharampeth",254201.0
2219.0,4,4,1.0,74,4.7,10,78.1,21.10441,79.08037,Priya Mehta,+91 954154 7442,"761, MG Road, Ramdaspeth",319281.0
467.0,3,3,3.5,48,27.1,7,32.5,21.07422,79.33841,Ritu Deshmukh,+91 940532 3878,"976, Ring Road, Sitabuldi",102889.0
1768.0,5,5,1.0,32,0.5,7,69.5,21.14776,79.09255,Sai Joshi,+91 933060 9646,"825, Green Valley Road, Sadar",275614.0
1252.0,3,3,1.5,27,10.1,5,19.5,21.23437,79.11122,Rahul Reddy,+91 891785 6519,"921, Church Street, Laxmi Nagar",218878.0
1008.0,4,4,2.0,37,8.0,6,47.9,21.15977,79.16387,Diya Bose,+91 823904 5265,"901, Park Avenue, Pratap Nagar",149138.0
1229.0,2,2,3.0,4,1.0,9,35.2,21.13945,79.09443,Arjun Verma,+91 622275 7788,"588, Civil Lines, Manish Nagar",242724.0
1583.0,1,1,1.5,42,17.8,7,50.4,20.99539,79.02926,Diya Patel,+91 663693 4851,"805, MG Road, Laxmi Nagar",214933.0
2395.0,1,1,1.5,21,14.7,9,57.0,21.26512,79.15072,Suman Iyer,+91 932498 9756,"364, Market Street, Sadar",361699.0
938.0,5,5,1.5,21,22.1,1,99.1,21.11369,79.29864,Aditya Bose,+91 840156 2003,"118, Station Road, Laxmi Nagar",158899.0
1820.0,4,4,2.5,44,1.5,9,90.0,21.14215,79.10192,Rahul Chauhan,+91 984988 9299,"85, Hill Top Road, Gandhibagh",275644.0
1485.0,2,2,1.0,77,1.7,10,69.6,21.1613,79.09088,Sanjay Joshi,+91 671260 8402,"186, College Road, Manish Nagar",281143.0
1587.0,4,4,3.5,16,4.9,7,15.4,21.11034,79.05947,Rohan Bose,+91 836636 8331,"723, Sunrise Boulevard, Hingna Road",306389.0
2452.0,1,1,1.0,72,1.0,10,91.9,21.13791,79.08342,Vikram Chauhan,+91 732715 7206,"402, Station Road, Sitabuldi",339239.0
2150.0,1,1,3.5,41,4.8,6,89.3,21.14689,79.13454,Sneha Joshi,+91 755811 4596,"810, MG Road, Laxmi Nagar",263152.0
2669.0,3,3,3.0,77,9.8,3,88.7,21.06389,79.05265,Ananya Verma,+91 828482 7559,"332, MG Road, Manish Nagar",323125.0
1700.0,4,4,3.0,30,2.8,7,47.9,21.17091,79.0931,Rohan Chauhan,+91 713188 8224,"790, Ring Road, Civil Lines",324829.0
1348.0,5,5,3.0,79,9.8,7,17.1,21.09471,79.16493,Ritu Mehta,+91 677979 2651,"884, Church Street, Sadar",242418.0
1654.0,4,4,3.5,52,2.4,2,75.4,21.12729,79.10054,Rohan Patel,+91 991822 6439,"327, College Road, Hingna Road",256476.0
1958.0,2,2,1.5,53,2.9,3,38.9,21.13107,79.11153,Ritu Agarwal,+91 866781 4980,"524, Station Road, Laxmi Nagar",283746.0
1915.0,5,5,2.0,45,25.0,3,34.5,20.92082,79.09966,Sneha Iyer,+91 722584 1526,"536, Market Street, Hingna Road",229630.0
1095.0,3,3,3.5,36,0.5,6,39.1,21.14968,79.09066,Pooja Deshmukh,+91 896958 9162,"875, Church Street, Hingna Road",218425.0
1859.0,5,5,2.5,42,11.4,2,55.9,21.22442,79.01797,Sai Gupta,+91 602110 9413,"375, Market Street, Pratap Nagar",311253.0
1948.0,1,1,3.5,68,6.1,8,33.4,21.09309,79.07328,Aarav Sharma,+91 776015 9080,"387, Ring Road, Sitabuldi",319405.0
3436.0,1,1,3.5,63,5.4,2,69.0,21.18905,79.06519,Sneha Nair,+91 742492 6360,"775, Market Street, Ramdaspeth",431939.0
3020.0,1,1,3.0,1,2.3,10,64.8,21.12591,79.08273,Ananya Nair,+91 729796 1486,"905, Green Valley Road, Pratap Nagar",495213.0
1245.0,5,5,1.0,55,8.0,7,50.9,21.20723,79.0486,Meera Agarwal,+91 758191 9844,"29, MG Road, Trimurti Nagar",185838.0
1613.0,1,1,2.5,66,3.3,4,5.4,21.17262,79.10224,Priya Verma,+91 903271 8383,"72, Market Street, Civil Lines",219440.0
849.0,5,5,1.0,59,2.9,4,93.7,21.14279,79.06008,Sai Chauhan,+91 676953 6096,"932, Lake View Lane, Dharampeth",194889.0
1416.0,4,4,1.5,39,3.0,7,41.2,21.12129,79.07707,Amit Patel,+91 801066 1544,"445, Sunrise Boulevard, Pratap Nagar",267646.0
2005.0,1,1,1.0,26,2.6,1,44.9,21.14332,79.06366,Kavya Bose,+91 968919 5193,"558, Sunrise Boulevard, Gandhibagh",268564.0
2584.0,5,5,2.0,53,0.5,8,45.6,21.1423,79.08517,Sneha Kulkarni,+91 949510 8300,"900, Lake View Lane, Ramdaspeth",403312.0
1326.0,1,1,2.5,53,32.6,6,36.5,21.25738,78.79652,Rahul Iyer,+91 995554 9668,"397, Green Valley Road, Pratap Nagar",140942.0
1375.0,1,1,3.5,29,2.9,3,67.5,21.11966,79.09324,Rahul Bose,+91 703803 1782,"449, Sunrise Boulevard, Gandhibagh",220974.0
404.0,3,3,3.5,32,6.1,9,1.4,21.10149,79.05367,Sai Iyer,+91 867994 0754,"846, Market Street, Hingna Road",161515.0
1694.0,2,2,3.5,29,7.4,7,87.4,21.11553,79.02412,Vikram Mehta,+91 856233 4602,"732, Ring Road, Laxmi Nagar",263852.0
1109.0,2,2,1.0,3,0.7,2,10.2,21.14844,79.08161,Kabir Sharma,+91 970773 6421,"693, Ring Road, Laxmi Nagar",178717.0
1456.0,1,1,2.5,2,26.1,7,100.0,21.09347,78.84249,Ritu Verma,+91 998819 6532,"361, Sunrise Boulevard, Sitabuldi",202867.0
1230.0,4,4,3.0,6,3.8,5,62.8,21.15667,79.12332,Sanjay Iyer,+91 731799 8178,"701, Station Road, Gandhibagh",224988.0
1739.0,1,1,1.0,33,1.6,8,6.6,21.13359,79.08064,Meera Gupta,+91 655387 6095,"828, Civil Lines, Wardha Road",262362.0
657.0,2,2,2.5,40,1.7,5,56.2,21.16023,79.09276,Rohan Gupta,+91 796572 4073,"912, Park Avenue, Ramdaspeth",171374.0
846.0,3,3,3.0,32,3.9,10,33.1,21.11881,79.11219,Anjali Iyer,+91 707221 6353,"631, Hill Top Road, Civil Lines",258213.0
3184.0,3,3,3.5,76,5.1,10,95.3,21.10354,79.10692,Meera Mehta,+91 773740 4241,"871, Ring Road, Hingna Road",490154.0
963.0,4,4,3.0,17,3.5,1,75.5,21.14035,79.05526,Sanjay Verma,+91 976193 2020,"811, Ring Road, Pratap Nagar",195159.0
1087.0,2,2,2.5,31,0.9,5,50.7,21.13886,79.09341,Aarav Deshmukh,+91 646389 3642,"730, College Road, Civil Lines",192372.0
2994.0,4,4,2.0,19,0.5,3,43.0,21.14184,79.08589,Ananya Agarwal,+91 725168 3597,"536, Hill Top Road, Manish Nagar",439578.0
3688.0,4,4,2.0,23,11.5,5,99.6,21.22625,79.15842,Sai Agarwal,+91 748052 1577,"435, Green Valley Road, Gandhibagh",502153.0
1038.0,2,2,3.0,46,13.3,2,66.7,21.02606,79.08075,Sanjay Patel,+91 772416 8433,"637, Green Valley Road, Laxmi Nagar",136789.0
1561.0,2,2,2.0,24,1.1,6,51.4,21.14554,79.09866,Neha Chauhan,+91 666424 3048,"884, College Road, Manish Nagar",293309.0
2022.0,3,3,2.5,25,7.9,2,39.8,21.16404,79.16245,Aditya Verma,+91 961826 5772,"528, Civil Lines, Gandhibagh",249012.0
2924.0,3,3,1.5,53,10.7,7,32.5,21.2425,79.09151,Riya Verma,+91 875315 4467,"699, Lake View Lane, Gandhibagh",400754.0
1159.0,1,1,2.0,66,16.2,5,70.5,21.06184,78.96053,Ishaan Kulkarni,+91 612954 9684,"567, Green Valley Road, Sitabuldi",164752.0
1641.0,3,3,1.5,17,17.7,10,58.8,21.22669,78.94113,Priya Deshmukh,+91 817854 1291,"648, Civil Lines, Manish Nagar",242847.0
2305.0,1,1,2.0,8,5.1,9,84.8,21.11064,79.05603,Suman Verma,+91 866496 9277,"688, MG Road, Sadar",338207.0
2083.0,3,3,3.5,19,4.6,7,55.4,21.12423,79.04987,Priya Nair,+91 794387 2375,"52, Park Avenue, Dharampeth",354035.0
1555.0,5,5,3.5,46,11.1,5,58.2,21.04879,79.11351,Priya Nair,+91 996937 1745,"121, Station Road, Trimurti Nagar",294787.0
1713.0,3,3,2.0,76,6.9,8,47.7,21.17272,79.14864,Aarav Kulkarni,+91 981254 5409,"39, Green Valley Road, Dharampeth",228025.0
906.0,4,4,3.5,12,1.8,7,76.3,21.15166,79.07216,Neha Rao,+91 966115 0488,"768, MG Road, Sitabuldi",173154.0
1645.0,2,2,3.0,3,0.5,2,41.5,21.14233,79.09128,Ritu Mehta,+91 852012 5748,"894, Station Road, Civil Lines",249847.0
1627.0,5,5,2.0,42,18.6,4,85.2,21.27289,78.97143,Ritu Verma,+91 714609 9772,"355, Lake View Lane, Sitabuldi",192524.0
1951.0,5,5,3.0,79,3.0,10,32.7,21.14515,79.05912,Suman Bose,+91 612159 6896,"76, Hill Top Road, Civil Lines",294083.0
1439.0,5,5,2.5,44,2.6,4,69.3,21.149,79.11338,Ananya Joshi,+91 619559 6179,"13, Station Road, Wardha Road",220390.0
2107.0,4,4,3.0,73,19.4,1,89.3,21.31832,79.11848,Vivaan Kulkarni,+91 924171 4683,"445, Park Avenue, Pratap Nagar",285436.0
2458.0,4,4,2.0,51,5.1,9,76.9,21.15629,79.03982,Kabir Rao,+91 990117 3072,"643, Ring Road, Wardha Road",360016.0
1901.0,3,3,1.0,2,1.3,10,34.3,21.15257,79.07835,Kabir Gupta,+91 665168 3822,"333, Market Street, Pratap Nagar",338637.0
2029.0,5,5,1.0,34,13.6,7,70.6,21.02645,79.05931,Vivaan Kulkarni,+91 912261 5218,"613, MG Road, Wardha Road",280883.0
1835.0,5,5,3.5,61,0.7,7,20.7,21.1417,79.08301,Amit Reddy,+91 652692 2646,"154, Ring Road, Hingna Road",339472.0
1800.0,3,3,1.5,40,30.0,4,5.8,20.96095,79.3,Kavya Gupta,+91 619026 5393,"725, Park Avenue, Sitabuldi",287811.0
1331.0,1,1,3.0,15,6.2,4,79.1,21.1014,79.12502,Amit Joshi,+91 664473 3704,"330, College Road, Sitabuldi",185114.0
2006.0,1,1,1.0,14,11.5,10,80.8,21.24924,79.09432,Rohan Iyer,+91 724549 9163,"997, Station Road, Sadar",336825.0
1737.0,2,2,2.0,53,9.3,9,2.3,21.15505,79.17732,Rahul Chauhan,+91 774990 1072,"768, Civil Lines, Wardha Road",292011.0
3161.0,1,1,2.0,37,5.6,5,94.8,21.10566,79.12135,Vivaan Mehta,+91 873367 5571,"461, Market Street, Civil Lines",410393.0
2823.0,2,2,2.5,45,4.9,4,44.6,21.18472,79.06556,Amit Iyer,+91 752131 3073,"945, MG Road, Trimurti Nagar",400772.0
2051.0,1,1,1.0,29,6.8,2,90.5,21.19597,79.05059,Sanjay Sharma,+91 667805 4380,"972, Station Road, Hingna Road",270443.0
1304.0,5,5,1.0,27,2.4,1,78.8,21.16424,79.10103,Arjun Iyer,+91 637301 3261,"197, MG Road, Gandhibagh",257930.0
1077.0,1,1,2.5,53,8.8,5,90.1,21.0717,79.05847,Sai Verma,+91 973006 7137,"577, Sunrise Boulevard, Manish Nagar",163907.0
2574.0,4,4,2.5,0,1.6,6,83.3,21.15988,79.08531,Priya Gupta,+91 887672 0558,"654, Civil Lines, Laxmi Nagar",414403.0
1971.0,2,2,3.0,34,1.8,7,97.4,21.1606,79.09607,Meera Reddy,+91 928449 5025,"358, Station Road, Manish Nagar",287066.0
2112.0,1,1,2.0,29,8.6,9,62.9,21.14416,79.00552,Kavya Mehta,+91 621250 5746,"998, Church Street, Hingna Road",332999.0
666.0,4,4,1.5,62,16.1,4,22.7,21.00064,79.08861,Aditya Verma,+91 764968 6941,"677, Lake View Lane, Laxmi Nagar",97045.0
2403.0,5,5,1.0,58,14.2,2,39.0,21.27256,79.07138,Diya Patel,+91 619734 0943,"760, College Road, Wardha Road",327910.0
2095.0,4,4,2.0,34,1.2,9,75.2,21.13551,79.08624,Kavya Sharma,+91 920720 9502,"197, MG Road, Laxmi Nagar",412624.0
1078.0,5,5,2.5,21,3.2,8,15.7,21.15263,79.05815,Riya Chauhan,+91 652988 5935,"901, Park Avenue, Wardha Road",186024.0
1494.0,3,3,3.5,18,26.6,6,93.0,21.28202,78.87682,Sneha Bose,+91 975814 8139,"965, Ring Road, Dharampeth",217627.0
1971.0,4,4,2.5,16,11.2,1,20.5,21.22346,79.01974,Sneha Reddy,+91 663327 1217,"903, Ring Road, Manish Nagar",309589.0
1834.0,1,1,2.0,21,16.5,5,87.6,21.26328,79.18517,Priya Nair,+91 890995 0658,"441, Market Street, Pratap Nagar",236108.0
1610.0,5,5,1.0,60,6.5,7,48.4,21.19626,79.05728,Kavya Reddy,+91 725866 9419,"933, Church Street, Trimurti Nagar",257056.0
1733.0,4,4,1.0,3,20.1,9,84.1,21.0214,79.2289,Ananya Joshi,+91 915777 4103,"11, Church Street, Civil Lines",271663.0
1636.0,2,2,3.5,2,1.4,6,95.8,21.15325,79.09889,Arjun Joshi,+91 696443 8480,"204, Lake View Lane, Sitabuldi",267019.0
1899.0,2,2,2.5,43,3.8,5,42.2,21.13699,79.12341,Sai Gupta,+91 746606 8034,"655, Ring Road, Hingna Road",293880.0
2756.0,4,4,2.0,17,14.9,4,69.7,21.22966,79.20044,Priya Mehta,+91 824886 8803,"772, Church Street, Pratap Nagar",370906.0
400.0,1,1,2.5,66,3.3,5,22.7,21.1682,79.06781,Aditya Sharma,+91 984640 5378,"121, Hill Top Road, Civil Lines",147255.0
1646.0,5,5,1.0,60,5.3,1,80.1,21.1162,79.04798,Kabir Mehta,+91 813363 5950,"293, Sunrise Boulevard, Manish Nagar",224151.0
1915.0,2,2,2.0,61,3.4,2,82.0,21.12003,79.10521,Aditya Deshmukh,+91 648499 2411,"89, Hill Top Road, Sadar",265764.0
1992.0,1,1,2.5,36,2.5,8,29.5,21.1633,79.10303,Diya Sharma,+91 834371 4872,"104, Sunrise Boulevard, Sitabuldi",298571.0
1558.0,2,2,1.0,35,15.2,4,2.4,21.25175,79.18086,Neha Kulkarni,+91 729588 4536,"24, Civil Lines, Laxmi Nagar",254656.0
658.0,5,5,2.0,34,4.6,9,43.1,21.11585,79.05743,Ishaan Deshmukh,+91 966871 3568,"990, Hill Top Road, Dharampeth",199433.0
2013.0,2,2,2.0,15,7.1,4,17.0,21.20721,79.07008,Ishaan Bose,+91 848314 1420,"882, Ring Road, Wardha Road",321890.0
2923.0,3,3,1.5,45,9.0,10,81.9,21.08156,79.03443,Kavya Agarwal,+91 967155 1628,"608, Market Street, Manish Nagar",385617.0
803.0,5,5,2.0,69,2.8,2,26.1,21.12332,79.09965,Kabir Sharma,+91 661517 2468,"34, Market Street, Ramdaspeth",139939.0
2361.0,1,1,3.0,20,2.9,2,94.4,21.15785,79.11283,Pooja Verma,+91 850260 3339,"729, MG Road, Gandhibagh",362321.0
1586.0,4,4,1.5,4,14.2,6,97.2,21.0395,79.16513,Ishaan Patel,+91 898881 3078,"537, Ring Road, Gandhibagh",227650.0
1760.0,2,2,3.0,45,8.8,9,90.9,21.16443,79.17123,Neha Joshi,+91 701197 2045,"775, Hill Top Road, Dharampeth",281517.0
1116.0,4,4,2.0,31,6.7,2,60.0,21.10997,79.14026,Sanjay Kulkarni,+91 704591 1439,"489, Church Street, Sitabuldi",164713.0
1583.0,1,1,3.5,63,0.5,6,26.7,21.14511,79.09297,Aditya Mehta,+91 872368 2268,"9, Green Valley Road, Civil Lines",279362.0
2645.0,1,1,1.5,68,7.6,3,80.7,21.0862,79.05173,Priya Reddy,+91 724647 5869,"910, College Road, Dharampeth",304779.0
2179.0,4,4,3.5,76,2.6,8,70.2,21.14347,79.11332,Neha Gupta,+91 782812 0171,"878, College Road, Wardha Road",309108.0
2926.0,5,5,2.0,31,16.7,6,97.7,21.01036,79.15877,Meera Sharma,+91 814889 0132,"910, Market Street, Ramdaspeth",382524.0
2565.0,5,5,3.5,72,1.9,7,37.7,21.15041,79.10545,Anjali Iyer,+91 905440 4427,"661, Civil Lines, Ramdaspeth",383945.0
2085.0,4,4,3.0,9,14.5,3,5.9,21.14893,79.22847,Meera Reddy,+91 689661 3057,"920, Market Street, Hingna Road",341162.0
2934.0,3,3,1.0,29,12.3,3,99.8,21.1602,79.20564,Diya Reddy,+91 960581 5295,"72, Civil Lines, Laxmi Nagar",375745.0
2085.0,1,1,1.0,21,14.9,7,83.8,21.18563,78.9512,Diya Verma,+91 675827 4561,"400, Green Valley Road, Trimurti Nagar",251781.0
2338.0,2,2,1.0,73,21.9,4,22.1,21.00801,78.93743,Riya Reddy,+91 687456 4657,"320, Lake View Lane, Trimurti Nagar",286297.0
1607.0,4,4,2.0,48,5.8,7,72.6,21.1519,79.03231,Sai Agarwal,+91 620481 8424,"473, College Road, Manish Nagar",229897.0
1843.0,2,2,3.0,29,14.0,2,0.1,21.03242,79.02829,Rahul Gupta,+91 688658 9798,"42, Church Street, Ramdaspeth",290501.0
1347.0,3,3,2.0,12,17.0,4,55.8,21.19345,78.9323,Diya Chauhan,+91 900592 9814,"825, Lake View Lane, Wardha Road",230178.0
2443.0,1,1,1.0,62,13.4,2,36.3,21.17765,79.21283,Vivaan Verma,+91 720625 6400,"299, Sunrise Boulevard, Sitabuldi",297809.0
1034.0,3,3,1.5,52,3.1,1,38.1,21.17323,79.09264,Kavya Mehta,+91 930810 1656,"120, College Road, Wardha Road",173494.0
2309.0,2,2,2.5,68,3.9,3,24.5,21.14416,79.12604,Arjun Verma,+91 633613 1498,"198, Market Street, Ramdaspeth",365709.0
1676.0,1,1,3.0,35,21.2,5,27.5,21.30318,78.97218,Ananya Iyer,+91 866378 5161,"115, Sunrise Boulevard, Ramdaspeth",230409.0
2561.0,1,1,1.5,11,7.8,2,45.5,21.20843,79.05411,Sai Bose,+91 731076 4365,"685, Market Street, Gandhibagh",324304.0
2288.0,3,3,2.5,26,16.7,1,24.8,21.26925,79.18086,Ishaan Deshmukh,+91 824758 5472,"920, Ring Road, Dharampeth",330754.0
2983.0,2,2,2.5,49,1.7,9,46.6,21.14454,79.10486,Arjun Rao,+91 966220 1061,"84, Park Avenue, Pratap Nagar",407253.0
2275.0,1,1,1.0,19,5.3,6,57.7,21.19296,79.09444,Anjali Mehta,+91 851762 7266,"30, Lake View Lane, Sadar",319536.0
778.0,3,3,3.0,5,7.9,8,71.1,21.08923,79.04226,Sai Mehta,+91 847942 4519,"879, Park Avenue, Ramdaspeth",164838.0
1756.0,1,1,3.0,65,13.8,8,67.7,21.17836,79.21723,Amit Deshmukh,+91 749901 1530,"383, Sunrise Boulevard, Hingna Road",224123.0
1038.0,1,1,2.0,42,5.6,2,24.2,21.16625,79.13762,Diya Joshi,+91 653878 5607,"121, Station Road, Gandhibagh",157786.0
1463.0,1,1,3.0,31,6.7,7,3.9,21.0869,79.07481,Vivaan Rao,+91 640033 2742,"195, Station Road, Pratap Nagar",276670.0
2782.0,3,3,3.5,44,7.3,9,83.3,21.09636,79.04156,Pooja Verma,+91 764757 8017,"676, Market Street, Hingna Road",432716.0
2214.0,5,5,3.0,59,4.9,5,87.2,21.10592,79.06813,Anjali Bose,+91 852090 4237,"84, Market Street, Ramdaspeth",350550.0
1346.0,2,2,1.5,0,7.1,9,97.9,21.2094,79.09639,Kabir Joshi,+91 650092 4782,"402, Park Avenue, Ramdaspeth",238332.0
1141.0,2,2,1.5,35,3.4,10,96.0,21.14293,79.12052,Rohan Reddy,+91 724377 2375,"972, College Road, Sitabuldi",193347.0
1821.0,2,2,2.0,20,8.1,6,63.4,21.11963,79.01517,Ritu Patel,+91 858664 8006,"431, Civil Lines, Gandhibagh",217850.0
1009.0,2,2,1.5,7,9.8,2,89.4,21.12899,79.18123,Aditya Mehta,+91 962616 3537,"166, Sunrise Boulevard, Trimurti Nagar",161842.0
1364.0,4,4,1.0,2,9.6,7,44.8,21.22,79.13581,Anjali Deshmukh,+91 918429 1508,"758, Market Street, Dharampeth",192210.0
2003.0,2,2,2.5,35,0.6,9,78.7,21.14887,79.08336,Rohan Agarwal,+91 612684 2399,"432, Ring Road, Dharampeth",267605.0
2551.0,4,4,2.5,43,0.5,6,95.5,21.14967,79.08572,Pooja Chauhan,+91 619852 4723,"398, Sunrise Boulevard, Sadar",370236.0
2196.0,5,5,1.5,40,11.1,9,79.6,21.04624,79.09161,Ritu Chauhan,+91 840410 3794,"256, Hill Top Road, Wardha Road",341826.0
400.0,5,5,1.0,62,5.2,6,41.6,21.09857,79.08743,Kabir Mehta,+91 972663 4636,"752, Civil Lines, Laxmi Nagar",104733.0
1998.0,3,3,1.0,36,2.9,5,37.8,21.14799,79.0605,Kabir Bose,+91 725045 8300,"491, Sunrise Boulevard, Manish Nagar",344227.0
1847.0,4,4,2.0,47,30.2,10,29.2,21.17337,79.37854,Aditya Verma,+91 958883 4884,"484, Sunrise Boulevard, Civil Lines",284085.0
2069.0,5,5,3.0,65,1.4,2,36.7,21.1573,79.09446,Vikram Iyer,+91 840155 5324,"766, Ring Road, Manish Nagar",311124.0
2851.0,4,4,2.0,52,5.0,5,82.1,21.15969,79.13377,Ananya Rao,+91 989035 2314,"363, Market Street, Hingna Road",429568.0
459.0,2,2,1.5,72,2.3,2,70.2,21.12889,79.10086,Sneha Kulkarni,+91 989069 7037,"659, Park Avenue, Dharampeth",113522.0
1416.0,1,1,2.0,17,12.9,7,25.0,21.25849,79.05736,Riya Reddy,+91 692228 1319,"172, Lake View Lane, Trimurti Nagar",243724.0
2184.0,1,1,1.0,62,17.2,10,71.2,21.25046,79.21086,Kavya Reddy,+91 705145 6542,"571, Hill Top Road, Laxmi Nagar",264826.0
772.0,5,5,1.5,55,3.5,10,37.9,21.17051,79.06787,Kabir Chauhan,+91 686672 9942,"428, Station Road, Laxmi Nagar",175876.0
2759.0,3,3,1.0,46,4.0,3,55.8,21.16283,79.12279,Ananya Mehta,+91 633929 2996,"510, Church Street, Civil Lines",338644.0
2039.0,2,2,2.0,0,1.8,8,37.0,21.14365,79.10548,Kavya Mehta,+91 716994 4326,"365, Green Valley Road, Laxmi Nagar",341460.0
2350.0,2,2,2.5,43,6.1,9,52.2,21.19648,79.06468,Aditya Patel,+91 892800 9148,"132, Park Avenue, Sadar",326492.0
1429.0,2,2,2.5,68,6.2,9,73.0,21.12315,79.14249,Diya Rao,+91 933063 1418,"919, MG Road, Manish Nagar",214114.0
2329.0,5,5,2.5,51,3.4,6,73.1,21.11802,79.0748,Amit Nair,+91 679985 1002,"402, MG Road, Ramdaspeth",360813.0
2495.0,4,4,2.0,0,13.2,2,75.3,21.09774,78.97136,Priya Mehta,+91 682094 4393,"746, College Road, Hingna Road",302591.0
1951.0,5,5,3.5,23,7.7,5,39.1,21.1564,79.01496,Diya Chauhan,+91 689470 7910,"904, Church Street, Pratap Nagar",297074.0
1952.0,2,2,3.0,45,8.0,8,69.0,21.07883,79.05839,Pooja Reddy,+91 908243 3149,"443, College Road, Trimurti Nagar",280458.0
1976.0,3,3,1.0,64,2.7,7,23.9,21.12355,79.0781,Kavya Agarwal,+91 838675 3225,"819, Green Valley Road, Pratap Nagar",302092.0
1239.0,1,1,3.0,35,17.4,4,47.7,21.15614,79.25561,Amit Mehta,+91 744396 8960,"439, Church Street, Laxmi Nagar",164838.0
1704.0,5,5,1.5,68,28.5,3,58.3,21.00508,79.31878,Vivaan Rao,+91 694340 6078,"65, MG Road, Wardha Road",204472.0
1701.0,3,3,1.0,63,6.0,7,68.6,21.18592,79.04883,Ritu Bose,+91 743680 4300,"881, Park Avenue, Wardha Road",231556.0
2049.0,3,3,2.0,21,8.5,5,91.2,21.20706,79.03838,Vikram Patel,+91 657524 9816,"839, Green Valley Road, Wardha Road",260388.0
2450.0,3,3,1.0,15,1.8,5,30.5,21.15469,79.07387,Sanjay Kulkarni,+91 663379 3980,"565, Civil Lines, Sitabuldi",361743.0
1112.0,2,2,2.0,72,12.8,10,84.5,21.03998,79.03934,Rahul Iyer,+91 724624 0146,"827, College Road, Manish Nagar",162500.0
1719.0,5,5,1.0,47,7.1,1,31.1,21.19067,79.03947,Kavya Kulkarni,+91 843467 5003,"669, Lake View Lane, Wardha Road",251839.0
2763.0,3,3,2.0,67,3.9,3,55.2,21.17092,79.06166,Kavya Patel,+91 725724 2430,"801, Civil Lines, Dharampeth",373985.0
1317.0,4,4,3.0,73,7.4,10,82.8,21.17156,79.15376,Riya Deshmukh,+91 963761 8058,"57, Park Avenue, Ramdaspeth",234732.0
1266.0,1,1,3.5,33,7.5,10,72.3,21.17951,79.02562,Neha Verma,+91 955406 9702,"814, Green Valley Road, Sitabuldi",237630.0
1931.0,2,2,1.5,3,0.7,4,86.3,21.15053,79.09191,Amit Iyer,+91 687324 0008,"214, Lake View Lane, Trimurti Nagar",276070.0
2349.0,5,5,2.5,72,21.1,10,81.5,20.9963,79.21349,Ananya Chauhan,+91 705271 9081,"982, Lake View Lane, Ramdaspeth",290035.0
1807.0,1,1,2.5,46,6.5,3,27.6,21.19634,79.05638,Vikram Mehta,+91 800734 8252,"965, Ring Road, Sadar",290798.0
2664.0,1,1,2.5,9,5.6,1,99.3,21.13349,79.14081,Ananya Rao,+91 709384 8153,"56, Station Road, Wardha Road",357435.0
2357.0,5,5,2.5,42,2.1,4,93.7,21.12835,79.08004,Neha Reddy,+91 793744 6640,"651, Park Avenue, Manish Nagar",324364.0
2347.0,2,2,3.0,2,6.6,6,43.0,21.08645,79.09066,Vivaan Verma,+91 805068 7626,"384, Civil Lines, Trimurti Nagar",371682.0
2160.0,2,2,2.5,23,1.6,1,4.7,21.14127,79.10246,Anjali Verma,+91 619054 0175,"255, Ring Road, Hingna Road",355462.0
3313.0,3,3,1.0,27,4.4,2,30.3,21.18497,79.09112,Rahul Kulkarni,+91 911664 0010,"967, College Road, Laxmi Nagar",497818.0
1667.0,1,1,3.5,36,7.9,8,83.6,21.11661,79.01864,Kabir Reddy,+91 753257 1615,"401, Civil Lines, Trimurti Nagar",259784.0
498.0,1,1,3.0,45,16.1,7,95.1,21.18244,79.23835,Vivaan Verma,+91 731817 3674,"552, College Road, Wardha Road",109016.0
2843.0,1,1,1.0,67,0.5,7,83.2,21.14847,79.09209,Pooja Nair,+91 664624 1404,"313, MG Road, Sitabuldi",342883.0
1502.0,1,1,2.5,28,3.1,10,39.7,21.16645,79.06828,Aarav Iyer,+91 883480 6532,"681, Station Road, Hingna Road",263966.0
1870.0,1,1,3.0,58,1.6,3,5.7,21.1323,79.08167,Neha Bose,+91 854363 8275,"252, College Road, Ramdaspeth",271602.0
2651.0,4,4,2.0,75,24.2,9,51.8,20.95551,79.20321,Aarav Gupta,+91 884236 4813,"362, Lake View Lane, Laxmi Nagar",361950.0
759.0,2,2,2.5,59,2.4,4,37.6,21.16759,79.08726,Rahul Reddy,+91 797094 6016,"704, Lake View Lane, Hingna Road",183272.0
986.0,1,1,3.0,20,3.2,10,12.3,21.1171,79.08802,Rohan Patel,+91 721628 1033,"212, Hill Top Road, Sitabuldi",225581.0
759.0,1,1,3.0,54,6.5,8,10.6,21.20351,79.09828,Priya Patel,+91 862947 7852,"784, MG Road, Laxmi Nagar",137271.0
1284.0,3,3,2.5,22,1.5,3,15.3,21.14632,79.10283,Meera Joshi,+91 654625 9691,"977, Market Street, Manish Nagar",205886.0
2086.0,5,5,1.5,38,5.0,3,20.6,21.16096,79.13387,Ananya Gupta,+91 760281 4021,"703, Market Street, Trimurti Nagar",368699.0
2141.0,2,2,2.0,50,34.7,6,75.4,20.98553,78.79994,Rahul Kulkarni,+91 846691 4501,"361, Market Street, Hingna Road",260812.0
1980.0,1,1,3.0,23,1.2,6,38.2,21.14599,79.07704,Kavya Agarwal,+91 838555 8573,"182, Sunrise Boulevard, Trimurti Nagar",324812.0
882.0,2,2,1.5,0,0.5,3,43.7,21.15027,79.08758,Priya Rao,+91 780321 5818,"560, Market Street, Wardha Road",169518.0
400.0,3,3,2.0,66,0.7,3,59.8,21.14606,79.09492,Sai Gupta,+91 788094 5355,"438, Market Street, Hingna Road",98999.0
1835.0,1,1,2.0,58,7.1,9,96.0,21.11931,79.02583,Diya Agarwal,+91 773157 0885,"244, Church Street, Gandhibagh",230690.0
1493.0,5,5,1.0,9,17.1,8,75.6,21.00555,79.15622,Sai Bose,+91 993166 9216,"367, Park Avenue, Sadar",259151.0
2099.0,4,4,2.5,30,4.9,2,64.6,21.16408,79.13087,Meera Chauhan,+91 831618 3655,"966, College Road, Wardha Road",282110.0
2256.0,2,2,3.0,20,6.3,8,74.4,21.08968,79.08307,Vikram Chauhan,+91 630649 8034,"169, Station Road, Trimurti Nagar",334484.0
1890.0,5,5,1.0,78,3.2,2,71.9,21.1241,79.06757,Riya Agarwal,+91 637313 7427,"258, MG Road, Laxmi Nagar",245742.0
2294.0,2,2,2.0,75,4.8,5,69.0,21.15138,79.04236,Aarav Deshmukh,+91 604168 4987,"348, Station Road, Wardha Road",224082.0
1949.0,1,1,3.0,55,16.2,1,49.6,21.18946,79.23756,Pooja Bose,+91 610134 2976,"913, MG Road, Sadar",231667.0
2145.0,5,5,1.5,35,7.0,7,56.7,21.11663,79.14825,Vikram Iyer,+91 666831 2295,"358, Green Valley Road, Pratap Nagar",315416.0
1342.0,5,5,2.0,4,23.8,2,46.1,21.17609,78.86058,Sanjay Chauhan,+91 740768 1632,"292, Hill Top Road, Pratap Nagar",205778.0
1683.0,2,2,1.0,19,11.4,3,39.5,21.20654,78.99903,Vivaan Sharma,+91 822709 9983,"297, MG Road, Gandhibagh",243634.0
1928.0,3,3,2.0,7,10.9,2,27.1,21.07042,79.15634,Sanjay Agarwal,+91 941871 9071,"946, Park Avenue, Civil Lines",337870.0
2333.0,1,1,2.5,63,10.5,2,35.5,21.06787,79.14543,Neha Iyer,+91 878911 0813,"354, College Road, Sadar",306814.0
1544.0,4,4,1.5,7,10.9,1,42.9,21.04895,79.07326,Pooja Reddy,+91 943432 3819,"367, Ring Road, Dharampeth",251093.0
2139.0,4,4,1.5,54,14.1,6,57.9,21.03417,79.15337,Vikram Kulkarni,+91 842498 8287,"364, MG Road, Manish Nagar",314367.0
1627.0,4,4,2.0,76,2.6,9,50.0,21.16254,79.1063,Anjali Patel,+91 704855 3087,"871, MG Road, Sadar",291314.0
1724.0,3,3,3.0,24,3.6,4,10.8,21.11378,79.09056,Aditya Bose,+91 822570 6840,"709, Ring Road, Pratap Nagar",305999.0
2339.0,4,4,1.0,54,11.4,8,34.0,21.23629,79.03641,Meera Kulkarni,+91 701841 9816,"599, Park Avenue, Wardha Road",352352.0
505.0,3,3,3.0,70,19.9,6,37.6,21.01351,79.21726,Amit Sharma,+91 730058 9792,"213, Park Avenue, Sitabuldi",113421.0
957.0,5,5,1.5,34,4.3,3,70.7,21.17371,79.06001,Riya Agarwal,+91 911171 4791,"114, Lake View Lane, Sitabuldi",117306.0
837.0,1,1,2.5,35,2.7,1,33.3,21.15405,79.11311,Sanjay Verma,+91 910133 9434,"88, Hill Top Road, Manish Nagar",196039.0
400.0,3,3,2.0,16,1.0,8,0.8,21.15026,79.08018,Amit Agarwal,+91 873146 3539,"296, Green Valley Road, Sadar",199724.0
1359.0,3,3,2.5,34,0.7,1,8.4,21.13976,79.08848,Aarav Agarwal,+91 887816 4701,"791, Sunrise Boulevard, Ramdaspeth",240863.0
2287.0,3,3,1.5,69,7.0,5,49.7,21.14543,79.02081,Rohan Mehta,+91 825984 0850,"760, Church Street, Trimurti Nagar",280177.0
1615.0,1,1,3.0,53,2.2,1,18.8,21.12617,79.09001,Sneha Mehta,+91 968889 6616,"781, MG Road, Manish Nagar",267503.0
1929.0,2,2,1.5,16,19.1,8,49.5,21.18359,79.26801,Ananya Agarwal,+91 688812 8958,"667, Green Valley Road, Manish Nagar",265421.0
2508.0,5,5,3.0,42,1.3,10,57.4,21.15619,79.09368,Ananya Agarwal,+91 762537 3144,"515, Market Street, Pratap Nagar",423895.0
2663.0,1,1,2.0,56,4.8,4,93.3,21.1288,79.04506,Anjali Kulkarni,+91 680821 4595,"356, Civil Lines, Ramdaspeth",306090.0
1755.0,4,4,2.0,6,10.7,4,65.6,21.20955,79.01037,Aditya Patel,+91 814972 6725,"726, Lake View Lane, Sadar",333020.0
2680.0,4,4,1.5,61,3.2,6,3.1,21.11935,79.07489,Kavya Mehta,+91 731833 1469,"195, MG Road, Wardha Road",366101.0
1860.0,3,3,2.5,16,4.0,6,38.1,21.13739,79.12582,Sai Gupta,+91 778968 3764,"69, MG Road, Civil Lines",312377.0
1256.0,1,1,3.0,23,31.7,4,79.3,20.90469,78.92382,Vivaan Sharma,+91 967480 3385,"828, College Road, Gandhibagh",95269.0
1414.0,1,1,3.5,33,1.0,4,26.1,21.15011,79.08011,Ananya Patel,+91 699472 1437,"474, Church Street, Sadar",238251.0
838.0,2,2,3.0,40,7.0,2,92.5,21.12924,79.02309,Diya Nair,+91 951440 5989,"622, MG Road, Hingna Road",117936.0
1223.0,1,1,1.0,73,3.4,3,52.9,21.1299,79.11615,Priya Bose,+91 789045 8377,"956, Ring Road, Manish Nagar",191538.0
1567.0,1,1,2.0,17,1.5,6,9.2,21.13392,79.08151,Ishaan Sharma,+91 652041 6288,"681, College Road, Manish Nagar",260023.0
2322.0,1,1,2.5,20,22.1,8,24.2,20.95775,79.15819,Amit Verma,+91 686190 5804,"763, Station Road, Gandhibagh",357916.0
2919.0,1,1,3.5,30,8.0,8,90.6,21.2139,79.0637,Ananya Verma,+91 841199 0231,"479, Market Street, Pratap Nagar",378544.0
902.0,5,5,3.0,68,2.2,6,99.1,21.12628,79.08745,Meera Patel,+91 905482 5307,"318, Green Valley Road, Civil Lines",163536.0
2055.0,4,4,3.5,77,5.4,8,86.3,21.18332,79.12173,Meera Joshi,+91 976066 4612,"350, College Road, Gandhibagh",300628.0
1124.0,1,1,1.5,36,11.3,6,32.1,21.04385,79.08805,Meera Agarwal,+91 614804 2962,"900, Lake View Lane, Sitabuldi",191633.0
2109.0,4,4,1.5,55,4.2,4,76.9,21.12016,79.11805,Kavya Sharma,+91 925006 8718,"382, Green Valley Road, Ramdaspeth",309265.0
1715.0,1,1,3.0,73,4.1,4,22.2,21.12434,79.11996,Sai Agarwal,+91 628249 4650,"932, Station Road, Pratap Nagar",266245.0
610.0,3,3,3.5,67,6.2,6,38.5,21.18301,79.13255,Neha Chauhan,+91 773439 5653,"32, Sunrise Boulevard, Sadar",143785.0
2403.0,1,1,2.0,54,2.5,4,69.7,21.12612,79.09978,Kavya Verma,+91 657011 9531,"293, Park Avenue, Ramdaspeth",337054.0
1407.0,1,1,1.0,43,0.5,8,96.9,21.14867,79.09192,Aarav Nair,+91 765670 6723,"942, Lake View Lane, Sadar",190052.0
1453.0,1,1,1.0,78,19.4,2,43.9,21.1694,78.90294,Amit Agarwal,+91 753901 8680,"579, Lake View Lane, Wardha Road",167860.0
1105.0,3,3,3.5,19,0.5,1,49.6,21.14169,79.08621,Priya Kulkarni,+91 918888 2029,"366, Market Street, Trimurti Nagar",244510.0
1375.0,3,3,2.5,29,7.3,5,22.0,21.15232,79.01777,Sai Patel,+91 750781 5796,"176, College Road, Wardha Road",199071.0
2078.0,2,2,2.5,57,1.0,1,40.3,21.15304,79.08328,Aarav Patel,+91 739368 5786,"483, MG Road, Laxmi Nagar",302774.0
1677.0,4,4,3.5,1,0.9,2,6.3,21.13811,79.08456,Sai Nair,+91 746460 0417,"956, Station Road, Hingna Road",325773.0
2014.0,4,4,1.5,40,5.5,4,85.9,21.10383,79.05999,Diya Agarwal,+91 714198 0394,"357, Green Valley Road, Dharampeth",327217.0
2035.0,4,4,3.5,68,1.9,1,2.3,21.13727,79.07225,Pooja Bose,+91 880481 0703,"481, College Road, Civil Lines",331638.0
2658.0,3,3,1.5,14,14.7,3,68.4,21.12232,78.94877,Sneha Rao,+91 688147 3357,"355, Station Road, Manish Nagar",360694.0
1577.0,3,3,3.5,64,2.1,6,27.3,21.1274,79.08257,Priya Rao,+91 700132 4363,"860, Sunrise Boulevard, Manish Nagar",276628.0
840.0,3,3,3.5,32,16.6,4,47.6,21.23147,78.95656,Ishaan Joshi,+91 883286 0107,"685, Sunrise Boulevard, Civil Lines",132853.0
2494.0,2,2,2.5,68,14.4,9,28.2,21.20019,79.21465,Arjun Rao,+91 969304 0173,"616, Green Valley Road, Wardha Road",341241.0
1585.0,3,3,1.0,50,23.7,1,40.0,21.0961,78.86596,Ritu Mehta,+91 685684 3782,"670, Hill Top Road, Wardha Road",159661.0
2524.0,1,1,1.0,12,7.5,8,54.7,21.07905,79.07615,Ishaan Reddy,+91 789180 8883,"411, MG Road, Manish Nagar",401453.0
2049.0,5,5,1.5,58,19.2,6,64.1,21.31067,79.03179,Sneha Joshi,+91 895089 3253,"809, Church Street, Gandhibagh",297149.0
1715.0,2,2,3.0,4,1.7,7,94.0,21.1573,79.0983,Kavya Mehta,+91 963226 4057,"613, College Road, Ramdaspeth",260487.0
2027.0,4,4,1.5,19,14.4,7,33.2,21.07754,79.20653,Kabir Joshi,+91 912393 8695,"72, Park Avenue, Pratap Nagar",325435.0
3068.0,5,5,2.5,71,2.6,1,58.5,21.128,79.10477,Pooja Bose,+91 937072 6524,"373, Green Valley Road, Hingna Road",445983.0
3150.0,3,3,2.5,70,16.2,8,90.2,21.04706,78.97322,Diya Deshmukh,+91 857400 6840,"873, Sunrise Boulevard, Laxmi Nagar",432139.0
1845.0,5,5,3.5,3,9.6,4,29.0,21.06129,79.10942,Sneha Deshmukh,+91 619702 7626,"255, Green Valley Road, Trimurti Nagar",298221.0
1904.0,3,3,3.0,30,6.4,7,86.5,21.13455,79.14894,Aditya Agarwal,+91 999830 3056,"955, Market Street, Manish Nagar",216832.0
2500.0,1,1,2.0,7,8.2,3,95.8,21.11477,79.01663,Suman Rao,+91 831502 9963,"814, College Road, Dharampeth",341609.0
1250.0,1,1,3.5,21,7.7,4,84.7,21.21505,79.09092,Aarav Reddy,+91 906471 8840,"988, Park Avenue, Trimurti Nagar",170858.0
2016.0,1,1,2.5,77,2.2,8,57.0,21.13089,79.07478,Sai Joshi,+91 943720 9208,"797, Green Valley Road, Wardha Road",304203.0
1783.0,5,5,2.0,15,7.8,10,72.2,21.10995,79.15281,Anjali Chauhan,+91 972468 3208,"129, Hill Top Road, Gandhibagh",337956.0
2004.0,3,3,1.5,51,23.8,9,48.1,20.94597,79.0036,Sneha Chauhan,+91 789722 2496,"191, Hill Top Road, Trimurti Nagar",306563.0
1258.0,2,2,1.0,64,7.2,8,59.7,21.15641,79.15657,Rahul Iyer,+91 847848 0311,"486, Green Valley Road, Hingna Road",236796.0
767.0,3,3,2.5,70,1.1,6,97.4,21.14094,79.09729,Sai Rao,+91 823754 4177,"358, Ring Road, Gandhibagh",167863.0
453.0,2,2,1.5,28,15.1,6,25.1,21.00995,79.09156,Vikram Reddy,+91 958881 0400,"938, Church Street, Laxmi Nagar",150107.0
1074.0,5,5,1.5,55,2.3,10,79.3,21.15801,79.06974,Ritu Sharma,+91 611338 9135,"847, Ring Road, Civil Lines",247865.0
1502.0,5,5,2.0,38,10.2,3,50.6,21.1386,79.18619,Riya Reddy,+91 823647 0432,"758, MG Road, Civil Lines",277345.0
1609.0,1,1,2.0,8,0.6,10,17.7,21.14085,79.08725,Kabir Verma,+91 843718 3519,"940, College Road, Pratap Nagar",295914.0
3059.0,4,4,3.5,17,3.0,7,64.4,21.12139,79.10162,Anjali Iyer,+91 667892 3258,"61, Hill Top Road, Sadar",432866.0
2519.0,2,2,3.5,59,0.5,7,79.2,21.14423,79.09273,Aarav Sharma,+91 775474 8566,"701, Church Street, Pratap Nagar",424689.0
1175.0,1,1,3.0,54,6.6,6,56.9,21.16045,79.15005,Anjali Reddy,+91 974349 1790,"869, Park Avenue, Sadar",186733.0
2026.0,5,5,1.0,41,5.6,9,83.7,21.0962,79.09643,Aarav Kulkarni,+91 665306 5709,"974, Green Valley Road, Ramdaspeth",350500.0
1535.0,1,1,2.5,62,5.9,7,36.6,21.18046,79.04532,Vivaan Agarwal,+91 864495 5632,"837, College Road, Gandhibagh",220611.0
1615.0,2,2,3.0,55,13.0,1,91.4,21.05984,79.17375,Vivaan Chauhan,+91 873040 5696,"808, Market Street, Sadar",223503.0
1920.0,1,1,2.5,27,3.8,8,64.8,21.12234,79.11462,Rohan Joshi,+91 936579 0783,"779, Church Street, Dharampeth",235342.0
2202.0,3,3,2.0,23,2.6,8,80.3,21.12544,79.09996,Amit Joshi,+91 744383 4526,"129, Station Road, Pratap Nagar",331802.0
1579.0,3,3,2.0,75,0.5,10,27.3,21.14137,79.08908,Diya Bose,+91 751105 8969,"412, Civil Lines, Pratap Nagar",270123.0
2492.0,2,2,2.0,77,6.3,10,44.6,21.09157,79.10481,Vivaan Joshi,+91 696386 8294,"875, Civil Lines, Pratap Nagar",368162.0
1058.0,1,1,2.5,2,11.9,10,91.0,21.24825,79.05512,Ananya Verma,+91 783862 1130,"632, Church Street, Manish Nagar",217516.0
1804.0,1,1,1.5,63,18.7,1,5.1,21.23925,78.93767,Suman Bose,+91 956798 9687,"260, Sunrise Boulevard, Pratap Nagar",193664.0
3488.0,5,5,2.0,10,0.8,7,40.4,21.15067,79.09412,Kavya Mehta,+91 984594 6610,"715, Hill Top Road, Hingna Road",548008.0
1945.0,5,5,1.0,68,1.1,10,78.0,21.13736,79.09322,Amit Mehta,+91 767560 1761,"26, Sunrise Boulevard, Ramdaspeth",341828.0
2732.0,5,5,3.5,47,2.2,10,74.4,21.12981,79.07508,Arjun Verma,+91 850708 2298,"396, Park Avenue, Hingna Road",488882.0
1859.0,3,3,3.0,55,17.5,6,85.2,21.04334,78.95993,Kavya Rao,+91 931135 4882,"753, Hill Top Road, Civil Lines",271027.0
2178.0,3,3,2.5,56,3.8,10,73.9,21.17984,79.0891,Sanjay Nair,+91 794087 3899,"783, Ring Road, Manish Nagar",323132.0
1763.0,4,4,2.5,48,8.0,9,94.7,21.09787,79.02994,Rahul Agarwal,+91 792516 4893,"509, Sunrise Boulevard, Pratap Nagar",245652.0
1689.0,4,4,3.0,20,2.2,1,49.8,21.15134,79.06795,Aarav Iyer,+91 930539 8456,"273, Green Valley Road, Sadar",321566.0
1293.0,3,3,2.0,64,8.6,9,62.4,21.14349,79.17144,Riya Iyer,+91 999437 2123,"496, Green Valley Road, Manish Nagar",230766.0
2080.0,2,2,2.5,44,0.5,7,84.8,21.14239,79.09135,Vikram Kulkarni,+91 867101 9255,"184, Civil Lines, Trimurti Nagar",308944.0
1247.0,3,3,1.0,43,6.2,6,70.2,21.13679,79.02957,Ishaan Sharma,+91 628054 7197,"935, Lake View Lane, Trimurti Nagar",158953.0
2233.0,1,1,1.5,25,1.0,2,10.2,21.13717,79.09176,Diya Deshmukh,+91 674620 7432,"858, Green Valley Road, Laxmi Nagar",302716.0
2505.0,1,1,1.0,0,22.3,10,36.7,21.31837,79.1984,Sneha Sharma,+91 665698 3215,"721, College Road, Trimurti Nagar",372459.0
2038.0,4,4,1.5,44,2.0,3,55.3,21.15658,79.10382,Aarav Gupta,+91 882947 2155,"339, MG Road, Dharampeth",312973.0
1614.0,5,5,3.0,27,0.8,5,75.5,21.14042,79.08283,Amit Rao,+91 644661 6384,"144, Lake View Lane, Laxmi Nagar",234131.0
2095.0,1,1,2.5,52,15.1,3,54.4,21.01123,79.067,Pooja Patel,+91 621972 5188,"57, MG Road, Civil Lines",281523.0
1599.0,1,1,3.5,29,0.8,10,77.8,21.14828,79.09589,Kavya Sharma,+91 884145 3305,"383, Station Road, Trimurti Nagar",233482.0
2408.0,1,1,2.0,77,3.1,5,83.8,21.17254,79.09732,Priya Nair,+91 718762 6967,"832, Lake View Lane, Gandhibagh",341901.0
610.0,4,4,3.5,54,22.3,2,26.5,21.0991,78.87829,Aditya Kulkarni,+91 898187 7249,"370, Civil Lines, Trimurti Nagar",113872.0
1582.0,2,2,2.5,36,4.9,1,61.6,21.16274,79.13182,Amit Gupta,+91 691460 2561,"798, MG Road, Dharampeth",215369.0
506.0,2,2,2.5,56,12.8,10,55.7,21.19894,78.97799,Ritu Reddy,+91 646993 6525,"177, Park Avenue, Ramdaspeth",140853.0
828.0,1,1,3.0,51,0.8,3,22.7,21.14657,79.08093,Anjali Kulkarni,+91 611321 0507,"801, Lake View Lane, Dharampeth",162902.0
2687.0,5,5,2.0,49,2.7,8,49.0,21.13427,79.11131,Meera Bose,+91 806161 4611,"77, Civil Lines, Manish Nagar",446975.0
2382.0,3,3,1.0,46,14.4,1,54.9,21.26444,79.03251,Aarav Rao,+91 966413 2633,"341, MG Road, Gandhibagh",304259.0
1332.0,4,4,2.5,74,1.3,9,81.7,21.15601,79.09434,Arjun Joshi,+91 921845 2077,"150, Green Valley Road, Sitabuldi",232905.0
823.0,4,4,2.5,25,1.5,7,46.1,21.14642,79.10238,Arjun Agarwal,+91 608884 6051,"603, Green Valley Road, Pratap Nagar",188893.0
400.0,1,1,2.0,34,1.3,3,8.1,21.15398,79.09735,Aarav Sharma,+91 899155 7483,"188, Church Street, Dharampeth",115880.0
1447.0,5,5,3.0,20,41.4,9,48.7,20.77284,79.09038,Aditya Bose,+91 937506 2884,"14, Park Avenue, Sitabuldi",262983.0
3373.0,3,3,3.5,45,7.8,3,83.8,21.16955,79.01758,Meera Rao,+91 689769 8406,"322, Hill Top Road, Wardha Road",434906.0
2083.0,4,4,2.5,79,2.0,10,57.1,21.16254,79.09419,Aditya Iyer,+91 843179 5207,"3, Ring Road, Laxmi Nagar",345100.0
1436.0,2,2,1.0,48,10.4,6,31.9,21.10743,79.18014,Aarav Mehta,+91 710123 3178,"379, Civil Lines, Trimurti Nagar",195413.0
2102.0,5,5,2.0,16,3.8,5,92.1,21.11243,79.0968,Ritu Chauhan,+91 623897 5976,"259, Sunrise Boulevard, Hingna Road",278017.0
785.0,5,5,3.5,73,0.7,1,15.6,21.14996,79.0933,Riya Bose,+91 906265 1450,"932, MG Road, Pratap Nagar",171720.0
1607.0,3,3,1.5,63,15.9,3,32.7,21.28799,79.06995,Sanjay Deshmukh,+91 989011 4628,"525, Sunrise Boulevard, Sadar",227016.0
1865.0,1,1,3.5,35,12.0,1,43.7,21.05797,79.15611,Kabir Rao,+91 833582 3344,"439, Park Avenue, Laxmi Nagar",250073.0
1744.0,5,5,2.5,11,11.4,9,73.8,21.04986,79.04928,Ananya Patel,+91 691425 7942,"600, Green Valley Road, Manish Nagar",265560.0
2314.0,5,5,3.0,32,1.8,2,83.6,21.14046,79.10429,Riya Patel,+91 790198 5399,"137, Park Avenue, Sitabuldi",353857.0
2024.0,3,3,3.0,64,10.2,2,5.9,21.18798,79.17526,Rahul Agarwal,+91 887534 5481,"134, MG Road, Gandhibagh",298209.0
2234.0,3,3,3.0,46,3.7,2,79.2,21.11272,79.09391,Ananya Verma,+91 904288 9391,"154, Ring Road, Manish Nagar",289494.0
1353.0,2,2,3.0,14,6.4,10,72.1,21.1726,79.14338,Ritu Rao,+91 992085 4246,"866, Green Valley Road, Hingna Road",213658.0
2384.0,1,1,1.0,12,20.6,10,89.5,21.30479,78.98497,Rahul Nair,+91 819780 8835,"744, Church Street, Ramdaspeth",314269.0
2859.0,5,5,2.0,77,16.6,8,90.0,20.99663,79.08887,Kabir Kulkarni,+91 958295 0318,"958, Church Street, Trimurti Nagar",397560.0
1169.0,3,3,1.0,35,6.1,1,77.8,21.09254,79.07392,Aditya Iyer,+91 844379 8926,"811, Lake View Lane, Sadar",179563.0
1223.0,2,2,1.5,54,4.6,6,19.0,21.14635,79.13243,Aarav Kulkarni,+91 763899 9116,"119, Green Valley Road, Manish Nagar",184838.0
2668.0,4,4,1.0,28,8.8,10,31.4,21.22135,79.11343,Pooja Rao,+91 674121 1155,"165, Ring Road, Manish Nagar",415819.0
1676.0,1,1,3.5,7,13.2,1,93.6,21.02869,79.11099,Sanjay Chauhan,+91 935602 2017,"823, College Road, Civil Lines",246702.0
2712.0,1,1,2.0,32,10.1,8,59.8,21.21055,79.15663,Neha Patel,+91 881721 2937,"546, Station Road, Gandhibagh",347081.0
1512.0,2,2,3.0,55,3.9,1,53.9,21.17699,79.07079,Amit Deshmukh,+91 944896 8191,"614, Civil Lines, Trimurti Nagar",218179.0
2746.0,3,3,1.5,26,0.7,9,91.6,21.15129,79.0908,Anjali Kulkarni,+91 818420 2809,"234, Market Street, Gandhibagh",440236.0
1885.0,2,2,1.5,48,5.1,6,87.4,21.17537,79.12581,Ishaan Agarwal,+91 772753 5087,"502, Market Street, Sadar",232619.0
1968.0,1,1,3.5,35,0.5,9,72.7,21.14195,79.0907,Suman Rao,+91 810447 8025,"901, Station Road, Manish Nagar",340668.0
2817.0,2,2,3.0,27,1.2,5,88.2,21.1498,79.09878,Neha Reddy,+91 839636 4474,"489, Lake View Lane, Pratap Nagar",438521.0
1565.0,2,2,3.0,20,10.7,8,11.4,21.12422,78.98782,Priya Rao,+91 964545 3123,"687, Ring Road, Sadar",269046.0
1188.0,3,3,1.0,20,6.0,9,75.8,21.09521,79.06777,Ishaan Bose,+91 734423 2546,"749, Church Street, Civil Lines",207202.0
1508.0,3,3,2.5,20,6.0,4,96.6,21.165,79.14258,Rahul Patel,+91 749464 7507,"924, Station Road, Laxmi Nagar",259207.0
2094.0,5,5,1.0,57,5.8,7,4.9,21.10725,79.05103,Riya Mehta,+91 774508 7952,"209, Park Avenue, Sadar",333557.0
782.0,5,5,3.0,26,6.7,5,22.3,21.19816,79.05544,Aarav Gupta,+91 629060 7547,"909, Ring Road, Manish Nagar",132624.0
2214.0,2,2,1.0,59,9.2,5,79.4,21.07404,79.13276,Sneha Deshmukh,+91 735840 9540,"608, MG Road, Dharampeth",283897.0
1450.0,5,5,3.5,24,13.7,8,52.0,21.02829,79.1271,Ishaan Nair,+91 702974 7383,"832, Market Street, Ramdaspeth",277963.0
2546.0,3,3,1.5,26,14.7,3,8.7,21.01821,79.12692,Arjun Agarwal,+91 674619 2566,"261, MG Road, Pratap Nagar",378006.0
400.0,1,1,1.5,73,3.5,2,26.8,21.16471,79.06078,Riya Patel,+91 958971 7559,"118, College Road, Ramdaspeth",49751.0
1289.0,2,2,3.5,70,2.3,5,32.4,21.12688,79.09814,Vikram Verma,+91 858607 4531,"85, Market Street, Manish Nagar",206852.0
704.0,4,4,2.5,32,18.5,9,32.1,21.02459,78.96613,Ishaan Bose,+91 672047 2349,"383, Market Street, Gandhibagh",185915.0
1263.0,5,5,2.5,21,1.9,2,87.8,21.15753,79.07503,Neha Iyer,+91 619158 9547,"552, Station Road, Ramdaspeth",219442.0
1961.0,2,2,2.0,57,31.2,4,66.2,21.28214,79.35147,Arjun Verma,+91 890228 0109,"288, Sunrise Boulevard, Trimurti Nagar",185314.0
1684.0,1,1,1.5,5,19.6,7,73.5,21.21766,79.26082,Rahul Agarwal,+91 602530 4725,"269, Market Street, Wardha Road",268013.0
1635.0,1,1,3.0,36,3.8,5,1.4,21.18001,79.08788,Sanjay Nair,+91 642089 5839,"815, College Road, Hingna Road",264073.0
1697.0,1,1,2.0,47,12.2,7,42.8,21.2503,79.05212,Sneha Chauhan,+91 758695 8973,"742, College Road, Trimurti Nagar",271966.0
1932.0,4,4,1.0,54,21.1,6,31.8,21.06233,79.27096,Sanjay Nair,+91 904687 6592,"634, Station Road, Pratap Nagar",235933.0
1144.0,3,3,2.0,8,0.5,9,85.2,21.1458,79.09303,Priya Deshmukh,+91 675536 9411,"650, Hill Top Road, Gandhibagh",226092.0
2259.0,3,3,1.5,0,7.6,9,95.4,21.19978,79.13387,Riya Joshi,+91 814026 6660,"845, Lake View Lane, Laxmi Nagar",360253.0
2231.0,4,4,1.5,22,13.1,5,42.3,21.10434,79.20645,Sai Rao,+91 892084 3355,"224, Market Street, Ramdaspeth",329651.0
2050.0,5,5,2.5,9,13.5,5,97.3,21.02909,79.05315,Suman Rao,+91 701949 6738,"938, Station Road, Civil Lines",281184.0
2162.0,4,4,1.5,40,0.7,3,1.4,21.14586,79.08117,Rohan Gupta,+91 867253 9930,"860, Church Street, Civil Lines",282428.0
1993.0,1,1,1.0,73,8.0,5,32.6,21.12566,79.16198,Ritu Deshmukh,+91 822094 1631,"344, Church Street, Pratap Nagar",301476.0
3123.0,3,3,2.5,22,1.0,9,77.5,21.13716,79.08605,Amit Rao,+91 645626 7699,"347, College Road, Gandhibagh",470542.0
1743.0,5,5,2.5,36,10.4,6,36.0,21.09375,79.00457,Suman Sharma,+91 943441 9519,"185, Lake View Lane, Civil Lines",321039.0
1600.0,4,4,1.0,17,0.8,7,92.1,21.15286,79.09017,Sneha Iyer,+91 695999 9005,"708, Hill Top Road, Manish Nagar",292573.0
1310.0,2,2,3.5,3,5.0,5,21.8,21.19069,79.08988,Ananya Nair,+91 778639 5627,"304, Church Street, Dharampeth",263525.0
1129.0,2,2,3.5,56,4.8,8,79.6,21.12293,79.12766,Arjun Chauhan,+91 618869 9021,"267, Civil Lines, Wardha Road",185945.0
991.0,5,5,1.5,20,2.8,8,20.2,21.17055,79.09412,Rohan Nair,+91 835106 6375,"671, Green Valley Road, Hingna Road",244049.0
1222.0,1,1,1.5,43,3.2,6,19.7,21.15161,79.11848,Suman Joshi,+91 840761 1318,"197, Civil Lines, Sadar",242328.0
1754.0,3,3,2.5,54,1.3,10,44.6,21.15789,79.08687,Aditya Verma,+91 690229 6920,"113, Lake View Lane, Laxmi Nagar",301532.0
2017.0,1,1,3.5,67,3.1,9,94.5,21.14923,79.05824,Sanjay Iyer,+91 748842 0450,"859, College Road, Gandhibagh",336921.0
1833.0,5,5,1.0,14,15.2,2,58.5,21.23843,78.97978,Rahul Reddy,+91 997333 8703,"40, College Road, Laxmi Nagar",232613.0
1302.0,1,1,3.5,46,37.7,3,63.5,21.01252,79.42305,Ishaan Rao,+91 873857 5742,"917, Market Street, Laxmi Nagar",95546.0
2385.0,1,1,1.0,72,1.9,10,1.0,21.15403,79.07248,Anjali Chauhan,+91 784034 2843,"683, Station Road, Dharampeth",380216.0
2281.0,2,2,1.0,38,46.9,5,5.7,20.8748,79.4352,Ishaan Bose,+91 866499 4704,"352, Lake View Lane, Manish Nagar",242386.0
1696.0,2,2,3.5,3,29.3,4,6.7,20.99814,78.85418,Ishaan Reddy,+91 844854 4622,"564, Green Valley Road, Manish Nagar",303137.0
1376.0,3,3,1.0,20,9.9,8,82.0,21.13231,78.99349,Meera Mehta,+91 753693 5272,"315, MG Road, Dharampeth",257964.0
2156.0,2,2,1.5,63,10.8,7,23.7,21.22782,79.14385,Aditya Bose,+91 653722 7567,"409, Hill Top Road, Laxmi Nagar",345784.0
1922.0,2,2,3.0,63,0.5,2,32.9,21.15027,79.08756,Aditya Gupta,+91 622916 3198,"702, Church Street, Dharampeth",301864.0
859.0,3,3,2.0,25,6.4,1,61.0,21.10336,79.12943,Riya Nair,+91 927759 2083,"908, Lake View Lane, Hingna Road",125216.0
1756.0,3,3,2.0,15,5.1,9,58.4,21.10072,79.09741,Suman Rao,+91 719488 3846,"227, Sunrise Boulevard, Sitabuldi",258606.0
1970.0,5,5,3.0,23,3.0,8,41.1,21.15454,79.06088,Vivaan Sharma,+91 920135 8177,"533, Civil Lines, Trimurti Nagar",386571.0
1215.0,3,3,2.5,19,21.5,4,0.4,21.04125,79.26246,Sneha Nair,+91 788029 6293,"863, Park Avenue, Manish Nagar",167073.0
1923.0,3,3,2.0,59,8.0,9,45.0,21.08059,79.12066,Riya Verma,+91 828946 6250,"15, College Road, Civil Lines",337328.0
854.0,4,4,1.5,67,36.6,2,73.9,21.35937,79.35774,Vivaan Reddy,+91 788160 0678,"9, Civil Lines, Manish Nagar",93997.0
2669.0,1,1,2.5,3,0.9,9,23.5,21.1406,79.0811,Ishaan Verma,+91 839533 7333,"614, Church Street, Hingna Road",420400.0
2611.0,4,4,1.0,59,8.5,1,70.8,21.07239,79.11314,Priya Deshmukh,+91 933082 4152,"142, Ring Road, Wardha Road",347213.0
1636.0,5,5,3.5,60,3.4,7,1.5,21.11699,79.10006,Rahul Agarwal,+91 912987 2686,"992, Station Road, Civil Lines",313740.0
2036.0,2,2,2.0,49,15.1,9,90.8,21.21989,79.21107,Kabir Reddy,+91 682437 1370,"121, College Road, Sitabuldi",274244.0
400.0,1,1,1.0,69,2.0,7,95.0,21.1638,79.09131,Priya Sharma,+91 827264 4387,"737, Green Valley Road, Hingna Road",107748.0
1048.0,2,2,3.5,3,17.3,8,0.2,21.22686,78.94528,Neha Rao,+91 777410 4849,"318, Sunrise Boulevard, Civil Lines",250834.0
1609.0,2,2,1.5,55,18.7,4,45.8,21.31467,79.08634,Amit Verma,+91 656078 5924,"923, MG Road, Trimurti Nagar",212711.0
1103.0,3,3,1.5,10,13.4,3,41.4,21.22214,79.18849,Kabir Nair,+91 996645 3605,"865, Green Valley Road, Laxmi Nagar",170267.0
2264.0,5,5,3.0,71,13.5,3,84.2,21.05764,78.99808,Rahul Joshi,+91 990460 0128,"797, Park Avenue, Wardha Road",336569.0
3098.0,3,3,3.0,39,3.0,2,54.1,21.14454,79.05935,Sanjay Rao,+91 916359 8003,"639, Ring Road, Sitabuldi",378417.0
1035.0,1,1,3.5,7,5.5,3,61.1,21.18641,79.11779,Meera Rao,+91 987681 7997,"216, Green Valley Road, Hingna Road",193113.0
1256.0,2,2,2.5,59,2.9,3,20.3,21.13252,79.0646,Amit Joshi,+91 762724 1304,"108, College Road, Laxmi Nagar",221943.0
1953.0,4,4,3.5,59,6.7,8,7.7,21.16882,79.1483,Rohan Patel,+91 807667 7661,"262, Church Street, Trimurti Nagar",308351.0
2847.0,2,2,1.0,37,4.9,3,69.2,21.17548,79.05299,Anjali Kulkarni,+91 874143 1580,"79, Lake View Lane, Wardha Road",399937.0
1005.0,3,3,2.5,24,4.7,2,62.1,21.10539,79.10006,Sai Kulkarni,+91 819623 0862,"784, College Road, Trimurti Nagar",175900.0
1962.0,4,4,1.0,1,1.0,8,83.2,21.14008,79.09561,Rohan Patel,+91 616572 9117,"288, Green Valley Road, Dharampeth",314358.0
2984.0,2,2,2.0,72,26.5,6,84.5,21.3843,79.09586,Meera Nair,+91 953754 2758,"440, Hill Top Road, Dharampeth",373904.0
726.0,4,4,1.0,14,0.7,3,63.1,21.14083,79.09258,Diya Reddy,+91 942027 2529,"619, Market Street, Trimurti Nagar",131149.0
967.0,2,2,1.0,67,0.6,8,53.8,21.14263,79.0924,Neha Iyer,+91 998750 0471,"701, MG Road, Manish Nagar",192457.0
1525.0,1,1,2.5,47,0.5,3,91.4,21.143,79.08442,Sanjay Deshmukh,+91 859855 0038,"593, Civil Lines, Laxmi Nagar",163510.0
1462.0,2,2,3.0,54,8.3,8,80.1,21.13747,79.16767,Kavya Joshi,+91 707200 6059,"735, MG Road, Manish Nagar",232591.0
2328.0,3,3,2.5,55,30.9,1,88.2,21.42445,79.09538,Ananya Chauhan,+91 753802 1092,"114, Market Street, Gandhibagh",259904.0
1957.0,1,1,2.0,68,1.0,6,99.6,21.14941,79.09656,Sanjay Joshi,+91 809924 6472,"280, Station Road, Trimurti Nagar",247785.0
646.0,5,5,2.5,2,0.8,6,40.4,21.13993,79.09239,Diya Sharma,+91 785060 8915,"760, Station Road, Sitabuldi",202763.0
2135.0,3,3,2.0,79,5.8,4,71.7,21.14878,79.03219,Ritu Kulkarni,+91 930600 8295,"717, Lake View Lane, Gandhibagh",283166.0
1425.0,1,1,1.0,3,6.7,7,68.8,21.19508,79.05158,Suman Verma,+91 754327 6038,"632, Civil Lines, Sadar",255256.0
2628.0,5,5,2.0,79,29.1,4,17.4,21.23488,79.35228,Neha Iyer,+91 742218 3208,"939, Green Valley Road, Hingna Road",351485.0
1392.0,5,5,3.5,20,0.5,7,63.7,21.1476,79.09269,Vikram Bose,+91 837734 1662,"982, Market Street, Manish Nagar",287676.0
1386.0,1,1,1.0,67,11.5,3,42.8,21.20193,79.1821,Rahul Bose,+91 713650 5714,"84, MG Road, Hingna Road",181873.0
2152.0,1,1,2.5,6,3.9,6,45.1,21.17792,79.10345,Pooja Patel,+91 683090 0276,"552, Hill Top Road, Sadar",320612.0
2296.0,2,2,3.5,36,4.2,8,18.0,21.13885,79.12779,Neha Bose,+91 820909 4133,"899, Market Street, Civil Lines",359152.0
2091.0,3,3,2.0,43,15.8,10,74.5,21.28522,79.05831,Diya Bose,+91 814646 9172,"327, College Road, Sitabuldi",312183.0
704.0,4,4,1.5,76,2.8,4,69.8,21.12308,79.09912,Arjun Chauhan,+91 703393 7931,"59, Civil Lines, Wardha Road",121786.0
2150.0,3,3,2.0,9,8.3,5,53.2,21.15495,79.16821,Riya Agarwal,+91 694473 5907,"120, Sunrise Boulevard, Laxmi Nagar",356102.0
1128.0,4,4,3.0,2,0.5,5,15.7,21.14985,79.08609,Riya Verma,+91 735964 9610,"721, MG Road, Gandhibagh",252775.0
1953.0,1,1,1.0,51,0.5,9,55.7,21.14316,79.09243,Priya Verma,+91 937419 1031,"918, MG Road, Trimurti Nagar",302312.0
875.0,4,4,2.5,3,13.6,10,10.0,21.25796,79.1402,Sai Mehta,+91 954912 6639,"706, Hill Top Road, Sadar",182463.0
2090.0,5,5,3.5,62,1.5,7,33.9,21.15936,79.08504,Priya Verma,+91 686754 5801,"38, Church Street, Pratap Nagar",371244.0
1276.0,3,3,1.0,3,10.3,9,37.2,21.06333,79.13432,Kavya Gupta,+91 745160 2406,"412, Hill Top Road, Gandhibagh",225940.0
966.0,3,3,2.0,77,2.7,1,88.3,21.16242,79.10684,Ishaan Bose,+91 955566 6261,"349, Hill Top Road, Wardha Road",106162.0
2264.0,2,2,3.5,42,21.6,8,41.6,21.20951,79.28494,Sneha Chauhan,+91 709113 9871,"910, Hill Top Road, Dharampeth",361479.0
1957.0,5,5,2.0,75,10.2,9,59.8,21.12639,79.18408,Pooja Gupta,+91 768328 1947,"530, College Road, Civil Lines",318059.0
1401.0,1,1,2.5,10,7.2,8,87.5,21.18243,79.03058,Sai Joshi,+91 837942 0996,"235, Lake View Lane, Pratap Nagar",252925.0
2743.0,2,2,1.5,21,10.9,6,42.6,21.06365,79.03063,Diya Joshi,+91 708423 9757,"569, Sunrise Boulevard, Sadar",397544.0
1514.0,1,1,3.0,36,32.9,9,88.4,21.35804,79.30979,Aditya Gupta,+91 986301 2701,"748, Sunrise Boulevard, Ramdaspeth",187682.0
1821.0,5,5,2.5,2,3.6,7,13.6,21.17789,79.09472,Meera Gupta,+91 794189 5168,"582, Church Street, Pratap Nagar",335712.0
1975.0,3,3,3.0,8,15.9,9,36.5,21.18135,78.93983,Priya Nair,+91 795981 6675,"417, Lake View Lane, Sadar",343637.0
1397.0,5,5,2.5,26,7.5,2,9.5,21.08551,79.05534,Pooja Mehta,+91 875249 8632,"716, Civil Lines, Manish Nagar",280152.0
2106.0,4,4,2.0,58,0.5,7,56.1,21.15014,79.0869,Anjali Agarwal,+91 823953 8376,"304, College Road, Hingna Road",327012.0
1453.0,3,3,2.5,56,9.9,5,95.7,21.08694,79.15946,Vikram Agarwal,+91 739690 2368,"129, Civil Lines, Manish Nagar",258461.0
1532.0,3,3,3.5,6,3.7,9,65.7,21.11337,79.09509,Kabir Sharma,+91 711636 0509,"861, Park Avenue, Gandhibagh",281859.0
2686.0,2,2,3.0,4,0.6,9,62.6,21.14401,79.08247,Rohan Mehta,+91 711124 6980,"718, Station Road, Civil Lines",386897.0
1124.0,3,3,1.0,52,1.3,9,27.8,21.14874,79.07618,Neha Mehta,+91 648164 1020,"730, Ring Road, Wardha Road",174246.0
400.0,4,4,3.5,28,0.5,3,93.1,21.14273,79.08467,Riya Sharma,+91 615757 0360,"888, Civil Lines, Ramdaspeth",74817.0
2847.0,5,5,3.5,63,19.8,5,47.2,20.96879,79.06624,Aarav Agarwal,+91 951469 0550,"712, Civil Lines, Wardha Road",381202.0
3457.0,3,3,1.0,23,2.6,1,26.7,21.16314,79.1046,Neha Joshi,+91 760621 0424,"31, Market Street, Sadar",468083.0
1537.0,5,5,1.0,29,18.3,10,98.8,21.01393,79.19456,Aditya Kulkarni,+91 788741 4013,"842, College Road, Hingna Road",260414.0
541.0,5,5,3.0,17,10.6,3,42.3,21.15215,78.98611,Arjun Mehta,+91 967627 9678,"36, Green Valley Road, Civil Lines",143335.0
1598.0,3,3,3.5,21,0.9,7,37.1,21.14249,79.09644,Ananya Iyer,+91 978231 1592,"692, Park Avenue, Pratap Nagar",314192.0
1614.0,3,3,2.5,56,3.1,5,3.5,21.13815,79.11681,Aarav Gupta,+91 670954 3941,"990, Lake View Lane, Gandhibagh",271528.0
1677.0,1,1,2.0,37,5.0,10,17.8,21.1544,79.13539,Arjun Iyer,+91 755742 0913,"403, Lake View Lane, Ramdaspeth",282824.0
1076.0,2,2,3.0,52,4.6,9,80.9,21.1731,79.05522,Sneha Deshmukh,+91 912039 2968,"312, Green Valley Road, Hingna Road",176679.0
2177.0,5,5,1.0,6,5.0,8,48.3,21.13835,79.04016,Suman Mehta,+91 769580 9017,"927, Park Avenue, Wardha Road",399801.0
2141.0,1,1,1.0,42,7.8,7,95.5,21.12852,79.01526,Vikram Mehta,+91 920854 3735,"455, Lake View Lane, Gandhibagh",245681.0
829.0,2,2,3.5,36,23.0,2,8.4,20.95957,79.18586,Sai Verma,+91 813023 7859,"921, Park Avenue, Laxmi Nagar",140612.0
2254.0,4,4,1.5,72,2.9,10,61.6,21.16616,79.106,Ritu Sharma,+91 834614 8496,"310, Hill Top Road, Gandhibagh",339190.0
3134.0,2,2,2.5,33,2.5,1,72.0,21.13036,79.07112,Priya Kulkarni,+91 814393 4695,"184, Church Street, Sitabuldi",435022.0
1912.0,5,5,2.0,8,0.5,5,62.1,21.14421,79.09272,Ananya Bose,+91 681827 5605,"556, College Road, Trimurti Nagar",326751.0
1581.0,4,4,2.0,55,5.6,4,53.0,21.14475,79.1422,Pooja Iyer,+91 905424 2003,"372, Station Road, Sadar",245795.0
1708.0,1,1,1.0,11,8.2,4,57.8,21.15047,79.16716,Diya Nair,+91 875145 2120,"711, Hill Top Road, Sitabuldi",239775.0
2200.0,2,2,3.0,72,2.8,10,69.0,21.14144,79.11503,Amit Bose,+91 625886 3993,"298, Green Valley Road, Ramdaspeth",362612.0
675.0,4,4,3.5,30,1.2,3,86.3,21.15322,79.09644,Ishaan Gupta,+91 904461 5340,"759, College Road, Manish Nagar",150218.0
1907.0,5,5,1.0,62,5.7,6,33.6,21.13401,79.03474,Sai Rao,+91 750879 6920,"354, Park Avenue, Pratap Nagar",348055.0
1546.0,5,5,2.5,52,2.9,3,46.0,21.1715,79.08883,Suman Verma,+91 796623 6402,"355, Hill Top Road, Dharampeth",263627.0
3001.0,5,5,1.0,37,6.7,10,63.6,21.10857,79.03765,Kabir Gupta,+91 838345 1528,"709, Green Valley Road, Manish Nagar",448914.0
1687.0,1,1,1.5,46,24.3,8,31.4,21.19626,79.31653,Pooja Iyer,+91 723435 7982,"261, Station Road, Pratap Nagar",224057.0
2884.0,4,4,3.0,14,18.8,5,17.9,21.31511,79.10153,Neha Kulkarni,+91 663809 3763,"286, Hill Top Road, Civil Lines",435524.0
1083.0,1,1,2.0,5,10.5,1,96.6,21.23583,79.05645,Ritu Reddy,+91 792791 9838,"546, Green Valley Road, Pratap Nagar",134447.0
2182.0,1,1,2.0,61,10.5,2,19.5,21.09803,79.17557,Diya Nair,+91 801791 7178,"331, Civil Lines, Dharampeth",288262.0
2008.0,4,4,3.5,76,19.9,3,23.3,21.05578,78.92174,Neha Reddy,+91 741257 5469,"384, Green Valley Road, Wardha Road",275614.0
1235.0,3,3,3.5,68,2.4,5,61.9,21.12488,79.08217,Diya Patel,+91 871132 7958,"339, Park Avenue, Laxmi Nagar",213863.0
1915.0,4,4,3.5,24,10.2,9,7.7,21.06389,79.04416,Kabir Deshmukh,+91 646727 5523,"621, Ring Road, Ramdaspeth",349072.0
2588.0,5,5,3.5,28,13.3,2,3.4,21.22091,78.98795,Pooja Kulkarni,+91 786156 7860,"335, Market Street, Trimurti Nagar",401473.0
1590.0,1,1,2.0,28,6.7,6,6.4,21.1511,79.15255,Meera Mehta,+91 642091 2346,"611, Park Avenue, Civil Lines",261837.0
700.0,3,3,2.0,56,0.5,4,12.3,21.14861,79.09198,Kavya Joshi,+91 637198 5077,"234, Lake View Lane, Manish Nagar",194036.0
1789.0,5,5,1.0,49,4.0,1,42.9,21.15507,79.05068,Ananya Verma,+91 862446 3494,"893, Hill Top Road, Dharampeth",278939.0
1213.0,3,3,3.0,63,18.7,7,82.9,21.08516,79.25641,Vikram Rao,+91 659952 1855,"950, Park Avenue, Sadar",240131.0
1577.0,3,3,1.0,75,15.1,8,34.2,21.28222,79.08934,Ananya Kulkarni,+91 793169 1955,"4, MG Road, Sitabuldi",229817.0
1747.0,3,3,3.0,31,9.4,10,42.8,21.06556,79.05924,Kabir Rao,+91 993706 0033,"105, Sunrise Boulevard, Laxmi Nagar",323229.0
691.0,5,5,3.5,53,0.8,6,60.0,21.13947,79.09174,Vivaan Kulkarni,+91 678961 6455,"102, Lake View Lane, Laxmi Nagar",153872.0
750.0,1,1,1.0,40,6.1,4,30.2,21.11524,79.1376,Pooja Reddy,+91 683956 9842,"183, Lake View Lane, Dharampeth",165377.0
2113.0,5,5,3.0,76,5.9,9,43.3,21.1974,79.0727,Vivaan Rao,+91 913670 4989,"786, Station Road, Dharampeth",320648.0
1460.0,5,5,3.0,28,0.5,3,38.6,21.14391,79.09259,Pooja Iyer,+91 790654 7946,"247, College Road, Hingna Road",279704.0
400.0,5,5,2.5,15,3.3,7,34.2,21.12717,79.06342,Diya Bose,+91 746982 8551,"583, Market Street, Laxmi Nagar",152492.0
2310.0,3,3,2.5,30,6.8,10,38.8,21.14258,79.02296,Aarav Patel,+91 843081 7768,"252, Church Street, Wardha Road",381751.0
1977.0,3,3,3.5,49,8.2,1,1.1,21.07284,79.10231,Ritu Reddy,+91 610812 6522,"63, Church Street, Wardha Road",291173.0
1336.0,2,2,2.0,76,11.2,10,88.6,21.24603,79.09583,Amit Kulkarni,+91 785956 3057,"84, Green Valley Road, Trimurti Nagar",174490.0
944.0,2,2,1.0,66,2.0,3,97.7,21.12892,79.09571,Amit Sharma,+91 648655 2800,"941, Sunrise Boulevard, Manish Nagar",121139.0
2343.0,5,5,1.0,1,8.6,5,86.2,21.08326,79.03946,Meera Rao,+91 970516 1253,"558, MG Road, Hingna Road",392097.0
2027.0,3,3,3.5,40,3.7,3,0.6,21.11414,79.09908,Vikram Sharma,+91 720012 1587,"650, Station Road, Sadar",336587.0
3349.0,4,4,2.0,12,0.7,2,75.1,21.14049,79.09266,Ishaan Rao,+91 834795 1850,"188, Park Avenue, Dharampeth",438994.0
2073.0,1,1,1.0,28,5.3,8,57.3,21.11392,79.05056,Kabir Reddy,+91 825881 7977,"486, Lake View Lane, Dharampeth",332626.0
2052.0,4,4,3.0,75,9.0,5,9.4,21.16436,79.17289,Meera Patel,+91 775659 3704,"657, Civil Lines, Civil Lines",289445.0
1691.0,4,4,1.0,78,3.9,6,93.3,21.17942,79.07705,Amit Rao,+91 692751 1143,"779, MG Road, Wardha Road",257882.0
2331.0,5,5,1.0,12,10.0,5,77.6,21.08347,79.15761,Riya Reddy,+91 787157 6005,"656, College Road, Sitabuldi",360916.0
2206.0,1,1,2.5,11,7.9,8,14.5,21.09471,79.03476,Diya Verma,+91 990113 8937,"595, Park Avenue, Trimurti Nagar",364318.0
2614.0,3,3,1.5,55,2.6,10,96.4,21.13111,79.10725,Rahul Rao,+91 805688 0400,"624, Sunrise Boulevard, Dharampeth",422117.0
1461.0,3,3,2.0,32,0.5,6,12.6,21.14903,79.0843,Vivaan Joshi,+91 919277 8594,"373, Station Road, Manish Nagar",246231.0
1517.0,3,3,3.0,34,8.0,2,45.5,21.14365,79.01079,Kavya Mehta,+91 877531 0432,"698, Green Valley Road, Sadar",250962.0
1489.0,1,1,3.5,69,7.4,4,15.9,21.09533,79.13447,Diya Chauhan,+91 771449 1867,"297, Ring Road, Sitabuldi",253787.0
2314.0,3,3,3.5,73,1.7,5,15.0,21.13095,79.08941,Neha Kulkarni,+91 777453 9252,"719, Ring Road, Trimurti Nagar",334367.0
2774.0,2,2,1.5,72,1.1,2,96.8,21.15276,79.0805,Ishaan Deshmukh,+91 939188 3307,"453, Civil Lines, Dharampeth",326359.0
1502.0,4,4,1.5,62,2.8,3,57.2,21.14937,79.11495,Anjali Mehta,+91 669236 3319,"576, Church Street, Pratap Nagar",221471.0
1524.0,2,2,3.0,78,7.7,3,25.9,21.0985,79.14244,Pooja Kulkarni,+91 847653 3415,"475, MG Road, Sitabuldi",226578.0
2004.0,3,3,2.0,57,1.7,10,77.6,21.13105,79.09188,Ritu Deshmukh,+91 902600 2780,"568, MG Road, Gandhibagh",277537.0
1640.0,4,4,3.0,70,11.6,5,87.5,21.17856,78.98199,Pooja Mehta,+91 920094 7647,"711, Church Street, Hingna Road",246636.0
2419.0,1,1,1.0,43,12.3,9,91.8,21.114,78.97417,Sneha Rao,+91 724352 7888,"281, Lake View Lane, Gandhibagh",283756.0
400.0,4,4,3.0,4,2.0,6,93.3,21.16306,79.09366,Arjun Kulkarni,+91 767690 1468,"473, MG Road, Trimurti Nagar",169083.0
1263.0,4,4,2.0,65,0.9,6,90.6,21.14993,79.08102,Aditya Bose,+91 801830 6898,"403, Park Avenue, Ramdaspeth",219595.0
1291.0,1,1,3.5,74,1.4,10,63.9,21.1566,79.09522,Riya Rao,+91 801862 3898,"19, College Road, Sadar",264914.0
400.0,1,1,1.5,24,29.1,7,34.2,21.39994,79.15712,Ritu Gupta,+91 847092 9095,"851, Station Road, Dharampeth",86857.0
1174.0,5,5,2.5,34,1.7,3,92.6,21.13322,79.09754,Ananya Nair,+91 656491 6206,"684, Ring Road, Pratap Nagar",199266.0
1205.0,2,2,3.0,45,1.4,3,12.2,21.15513,79.07966,Suman Sharma,+91 861796 2006,"46, Market Street, Trimurti Nagar",192914.0
1669.0,5,5,2.0,52,1.0,7,16.9,21.13792,79.09184,Ishaan Reddy,+91 623041 4592,"70, Civil Lines, Sadar",306164.0
2523.0,3,3,2.5,53,0.5,1,43.4,21.14654,79.08344,Arjun Chauhan,+91 938943 7776,"925, Park Avenue, Sadar",352971.0
1641.0,2,2,1.5,31,0.7,2,28.4,21.14835,79.09394,Sneha Verma,+91 912038 2741,"845, Hill Top Road, Pratap Nagar",283925.0
1130.0,2,2,3.5,68,27.6,1,61.6,21.33566,78.91648,Neha Chauhan,+91 826739 0528,"728, Hill Top Road, Dharampeth",98703.0
1763.0,4,4,1.5,65,0.5,8,90.5,21.14958,79.09083,Vikram Joshi,+91 770375 4150,"707, Church Street, Wardha Road",323995.0
2482.0,1,1,2.0,75,5.5,5,49.1,21.0994,79.06978,Ananya Reddy,+91 832644 8378,"840, Hill Top Road, Sitabuldi",357633.0
1166.0,3,3,3.5,46,0.9,1,55.4,21.14139,79.0958,Vikram Rao,+91 717062 2815,"597, Park Avenue, Hingna Road",190233.0
1208.0,2,2,2.0,6,6.7,8,42.3,21.08545,79.09353,Sai Chauhan,+91 878235 5150,"6, Market Street, Dharampeth",274013.0
2163.0,1,1,2.0,67,1.2,7,70.8,21.135,79.09029,Ishaan Verma,+91 667422 6499,"454, Green Valley Road, Dharampeth",281031.0
1656.0,2,2,1.5,6,15.5,8,10.1,21.0391,79.18512,Meera Joshi,+91 742871 9251,"331, Church Street, Sadar",280395.0
2221.0,3,3,2.0,15,20.3,2,4.9,20.96522,79.12095,Kavya Reddy,+91 946127 9979,"172, College Road, Hingna Road",283799.0
1791.0,4,4,3.0,22,11.0,9,64.1,21.10442,78.99168,Meera Joshi,+91 612497 3063,"858, Green Valley Road, Hingna Road",348357.0
2256.0,1,1,1.0,14,7.4,2,53.5,21.0805,79.07222,Aarav Deshmukh,+91 722236 1499,"654, College Road, Hingna Road",263442.0
1127.0,5,5,2.0,57,9.6,6,40.7,21.18949,79.00789,Diya Chauhan,+91 782184 4417,"901, Park Avenue, Wardha Road",168171.0
1792.0,5,5,2.0,35,6.1,6,33.4,21.16934,79.14115,Aditya Gupta,+91 622778 7044,"110, Church Street, Civil Lines",288069.0
1663.0,4,4,1.0,17,3.5,3,5.2,21.11559,79.07892,Sanjay Mehta,+91 734469 6987,"974, Station Road, Civil Lines",317532.0
1010.0,5,5,3.0,0,0.8,4,68.1,21.13849,79.08679,Vivaan Nair,+91 825191 2915,"604, Church Street, Sadar",245728.0
784.0,3,3,2.5,17,10.4,1,42.1,21.23834,79.10473,Ritu Rao,+91 652377 5536,"568, Green Valley Road, Sadar",148604.0
2246.0,5,5,1.0,55,8.4,5,44.5,21.12415,79.16616,Vivaan Patel,+91 600717 0292,"183, Ring Road, Hingna Road",355218.0
1572.0,4,4,2.5,63,2.1,7,89.3,21.15193,79.10739,Riya Agarwal,+91 992666 2738,"624, College Road, Manish Nagar",247689.0
1136.0,3,3,3.0,23,5.6,4,73.8,21.09561,79.08344,Ananya Patel,+91 738974 4334,"596, Lake View Lane, Ramdaspeth",209442.0
1737.0,1,1,3.5,5,0.5,6,21.9,21.14491,79.09294,Aditya Sharma,+91 747886 9844,"701, Lake View Lane, Sadar",344711.0
2533.0,3,3,2.0,44,5.1,10,65.7,21.18825,79.07046,Ananya Deshmukh,+91 840337 2633,"151, Market Street, Trimurti Nagar",374716.0
400.0,5,5,2.0,62,3.4,3,13.2,21.1297,79.11635,Aarav Nair,+91 805025 6428,"635, Hill Top Road, Pratap Nagar",102558.0
827.0,5,5,3.0,5,0.5,3,19.4,21.14181,79.09043,Rahul Verma,+91 933032 3117,"95, MG Road, Dharampeth",222329.0
1200.0,3,3,1.5,63,0.5,2,71.4,21.1413,79.08802,Pooja Kulkarni,+91 646554 3284,"71, College Road, Laxmi Nagar",197126.0
2750.0,2,2,1.5,13,2.8,6,12.6,21.13868,79.11376,Sai Reddy,+91 987686 8767,"470, Lake View Lane, Civil Lines",418855.0
1984.0,4,4,2.5,20,15.8,3,28.0,21.02825,79.00145,Priya Bose,+91 882851 1786,"119, Hill Top Road, Gandhibagh",325306.0
2299.0,1,1,2.5,49,23.2,9,89.8,21.15251,78.86468,Ishaan Bose,+91 668981 8577,"709, MG Road, Hingna Road",286713.0
1059.0,1,1,2.5,4,32.1,3,73.8,20.88723,78.94843,Neha Joshi,+91 968183 2790,"482, Church Street, Gandhibagh",131058.0
1072.0,3,3,1.0,24,10.4,7,92.9,21.195,79.00294,Ritu Rao,+91 793906 5840,"238, College Road, Civil Lines",186326.0
2091.0,5,5,3.0,11,9.5,2,88.2,21.22209,79.04659,Kavya Nair,+91 712808 5597,"272, MG Road, Wardha Road",321648.0
1838.0,2,2,2.5,17,1.9,4,31.3,21.15414,79.10394,Anjali Mehta,+91 968497 9564,"497, Station Road, Dharampeth",337063.0
2157.0,3,3,3.5,61,0.5,2,63.2,21.14892,79.08472,Vikram Chauhan,+91 896151 6681,"598, Ring Road, Manish Nagar",318507.0
1678.0,2,2,3.0,18,15.3,6,37.9,21.01598,79.13654,Aditya Mehta,+91 743495 4954,"798, Lake View Lane, Civil Lines",255052.0
1981.0,3,3,3.5,3,34.5,1,69.7,21.04125,79.40226,Vivaan Verma,+91 758461 0047,"572, Park Avenue, Dharampeth",262356.0
1903.0,1,1,2.5,17,4.6,1,34.8,21.13942,79.13167,Ananya Patel,+91 829162 0756,"549, Ring Road, Pratap Nagar",302158.0
2306.0,3,3,2.0,6,4.1,6,0.1,21.18129,79.09886,Ritu Mehta,+91 695843 3385,"606, Ring Road, Pratap Nagar",398612.0
2325.0,3,3,1.5,49,3.6,6,9.4,21.13161,79.05661,Rohan Iyer,+91 792712 0928,"596, Park Avenue, Ramdaspeth",372596.0
747.0,2,2,2.5,77,1.8,4,77.1,21.13836,79.07273,Vivaan Rao,+91 841335 3671,"349, Hill Top Road, Ramdaspeth",82470.0
400.0,2,2,3.0,13,6.4,5,8.4,21.19757,79.11602,Suman Nair,+91 955272 8436,"220, Park Avenue, Wardha Road",71176.0
2451.0,4,4,2.5,58,17.2,5,59.9,21.06979,78.94348,Rohan Joshi,+91 965628 6298,"525, Ring Road, Trimurti Nagar",364588.0
2572.0,1,1,1.5,29,3.3,8,85.8,21.16827,79.06755,Ananya Gupta,+91 717573 2208,"125, Market Street, Wardha Road",372178.0
1137.0,1,1,1.5,5,0.5,5,74.1,21.14421,79.09272,Vikram Verma,+91 639238 3709,"242, Ring Road, Sitabuldi",196013.0
591.0,1,1,2.5,55,10.5,9,41.3,21.24028,79.08489,Aditya Gupta,+91 967094 2106,"149, Hill Top Road, Ramdaspeth",140934.0
1864.0,5,5,2.5,16,10.5,3,20.9,21.06463,79.13964,Rohan Kulkarni,+91 829208 7587,"490, Station Road, Laxmi Nagar",356266.0
2405.0,2,2,3.5,41,19.2,2,92.3,21.04131,79.23616,Amit Mehta,+91 714966 1516,"971, Civil Lines, Sadar",332570.0
2968.0,1,1,3.5,40,25.9,5,56.6,20.91355,79.06604,Aarav Agarwal,+91 922506 4577,"874, Sunrise Boulevard, Ramdaspeth",395357.0
2136.0,5,5,2.0,47,14.9,1,40.5,21.27691,79.11992,Amit Verma,+91 891402 5149,"87, Station Road, Sitabuldi",276059.0
1558.0,1,1,2.0,10,3.5,7,94.2,21.17755,79.08598,Meera Patel,+91 702297 1707,"820, Civil Lines, Civil Lines",225257.0
1219.0,2,2,3.0,20,2.7,4,21.5,21.14145,79.11362,Kabir Verma,+91 627473 5985,"152, Station Road, Sadar",166333.0
1807.0,1,1,1.0,58,2.5,4,44.2,21.15602,79.10943,Riya Joshi,+91 691762 3466,"909, Church Street, Sadar",265800.0
1605.0,4,4,2.5,74,1.5,6,10.9,21.15458,79.0986,Sai Joshi,+91 876985 0314,"206, Sunrise Boulevard, Gandhibagh",300957.0
1140.0,4,4,2.5,0,4.3,1,12.5,21.1406,79.12934,Ritu Patel,+91 694845 0624,"126, Ring Road, Gandhibagh",255973.0
3132.0,4,4,3.0,33,14.4,4,39.9,21.01777,79.11162,Diya Nair,+91 792980 3947,"787, MG Road, Hingna Road",454289.0
2960.0,2,2,3.0,70,6.0,10,70.0,21.09144,79.08688,Amit Sharma,+91 890795 9661,"832, Church Street, Laxmi Nagar",410040.0
2538.0,2,2,2.5,22,1.5,7,33.9,21.15694,79.09576,Arjun Mehta,+91 678315 9785,"398, Hill Top Road, Pratap Nagar",377509.0
1201.0,5,5,2.0,35,0.5,6,69.0,21.14611,79.08338,Pooja Joshi,+91 943867 8984,"546, Civil Lines, Sadar",210004.0
2356.0,5,5,3.5,72,1.9,6,80.5,21.13132,79.09816,Arjun Sharma,+91 715490 8602,"790, Green Valley Road, Pratap Nagar",348988.0
2216.0,1,1,2.0,77,10.6,5,87.8,21.22962,79.03962,Kavya Verma,+91 909665 4171,"852, Station Road, Pratap Nagar",245693.0
2088.0,4,4,1.0,52,4.8,10,4.5,21.18611,79.10445,Sanjay Kulkarni,+91 629090 4518,"419, Church Street, Dharampeth",391249.0
2612.0,5,5,1.0,55,2.1,10,77.4,21.14713,79.10889,Ritu Chauhan,+91 792273 0734,"784, MG Road, Gandhibagh",363469.0
2213.0,3,3,3.0,49,0.9,5,14.7,21.14002,79.08181,Vikram Agarwal,+91 965879 9654,"794, Lake View Lane, Hingna Road",343824.0
2281.0,4,4,2.5,22,0.5,10,69.8,21.15013,79.08689,Rahul Joshi,+91 860425 9454,"792, Market Street, Laxmi Nagar",330976.0
2214.0,1,1,1.0,70,18.4,1,37.2,21.02042,79.20473,Rahul Rao,+91 936281 2704,"894, College Road, Manish Nagar",260432.0
2022.0,1,1,3.0,2,2.2,4,70.8,21.16553,79.08368,Diya Agarwal,+91 839144 8518,"835, MG Road, Hingna Road",306719.0
641.0,1,1,3.0,4,1.1,4,21.4,21.15352,79.09409,Rahul Agarwal,+91 816211 9968,"447, Market Street, Pratap Nagar",150581.0
1854.0,1,1,2.0,48,11.5,7,64.5,21.12033,79.1958,Meera Chauhan,+91 793751 5062,"315, Sunrise Boulevard, Trimurti Nagar",233441.0
1438.0,5,5,1.5,67,4.2,7,12.6,21.13751,79.12769,Kavya Iyer,+91 717340 0954,"985, Park Avenue, Laxmi Nagar",257742.0
968.0,4,4,3.5,65,14.8,5,17.0,21.02357,79.03151,Sai Rao,+91 667196 3202,"446, Station Road, Sadar",163011.0
2893.0,4,4,1.5,54,1.1,3,61.4,21.1413,79.09819,Ananya Verma,+91 732624 5010,"932, Lake View Lane, Ramdaspeth",397687.0
2924.0,2,2,2.5,30,17.0,6,33.7,21.27572,79.17437,Aditya Patel,+91 666178 1173,"996, Hill Top Road, Sadar",450487.0
2683.0,5,5,3.0,28,0.8,3,70.4,21.14747,79.08116,Amit Iyer,+91 735043 8726,"16, Hill Top Road, Trimurti Nagar",407837.0
1966.0,1,1,2.0,34,1.1,5,68.5,21.1553,79.09122,Aarav Agarwal,+91 844725 4639,"141, Lake View Lane, Dharampeth",298768.0
2678.0,5,5,1.5,20,0.5,4,62.2,21.1464,79.08341,Aditya Nair,+91 631424 9102,"564, Sunrise Boulevard, Sitabuldi",394080.0
1808.0,1,1,1.5,33,8.9,9,73.1,21.06868,79.11008,Sai Joshi,+91 741667 4969,"88, Church Street, Hingna Road",246821.0
1932.0,1,1,2.5,8,1.7,8,79.4,21.13296,79.09754,Ishaan Agarwal,+91 806311 1047,"656, Station Road, Gandhibagh",305356.0
1089.0,1,1,3.0,25,31.6,2,91.1,21.15324,79.39309,Amit Rao,+91 641718 3028,"12, Park Avenue, Civil Lines",177073.0
2058.0,4,4,3.5,75,0.8,10,8.1,21.15066,79.08195,Ishaan Iyer,+91 994924 4234,"842, Market Street, Sitabuldi",345945.0
1839.0,2,2,1.5,56,6.5,7,57.2,21.14361,79.15112,Priya Kulkarni,+91 964148 0910,"428, Lake View Lane, Dharampeth",276509.0
953.0,3,3,1.0,11,18.7,4,74.9,21.05592,78.93489,Amit Reddy,+91 612385 6812,"673, College Road, Ramdaspeth",126231.0
1767.0,3,3,3.0,22,1.4,6,21.7,21.15767,79.0844,Riya Iyer,+91 697023 0563,"465, College Road, Hingna Road",241057.0
1748.0,4,4,1.5,20,2.6,2,26.4,21.16099,79.06877,Riya Chauhan,+91 624979 5101,"687, Park Avenue, Gandhibagh",266084.0
2968.0,2,2,1.0,22,12.6,1,26.7,21.24776,79.03459,Ananya Nair,+91 752390 0378,"679, Park Avenue, Manish Nagar",449194.0
2381.0,1,1,2.5,55,20.2,5,57.2,21.2047,78.90339,Priya Gupta,+91 622581 8826,"290, Park Avenue, Sadar",312208.0
1807.0,2,2,2.5,71,5.4,8,36.6,21.1623,79.03955,Vikram Agarwal,+91 660420 4750,"799, College Road, Sitabuldi",316954.0
1962.0,2,2,1.0,56,4.2,4,66.6,21.14418,79.04799,Neha Mehta,+91 780359 7148,"819, Park Avenue, Manish Nagar",257899.0
1829.0,4,4,1.0,39,9.3,4,61.0,21.16432,79.00065,Rahul Deshmukh,+91 829566 9645,"321, Civil Lines, Trimurti Nagar",208941.0
1668.0,4,4,1.5,12,6.1,10,65.7,21.14027,79.02989,Sanjay Reddy,+91 665092 6518,"64, College Road, Wardha Road",268534.0
1096.0,1,1,2.0,11,1.6,10,25.2,21.14838,79.10379,Kabir Deshmukh,+91 809959 8879,"448, Church Street, Pratap Nagar",239215.0
1702.0,4,4,1.5,65,15.6,5,76.7,21.19305,79.23051,Aditya Bose,+91 778144 9447,"657, Green Valley Road, Wardha Road",236151.0
1315.0,1,1,1.0,54,0.5,1,66.4,21.14923,79.0847,Neha Patel,+91 665987 9050,"777, MG Road, Ramdaspeth",174856.0
987.0,4,4,2.0,40,1.8,7,13.1,21.13513,79.10116,Diya Patel,+91 671576 0479,"202, Market Street, Sadar",202925.0
2132.0,2,2,1.5,46,8.7,8,20.0,21.07025,79.10945,Ishaan Joshi,+91 988371 3248,"480, Civil Lines, Laxmi Nagar",344757.0
2054.0,2,2,1.5,67,5.4,10,30.1,21.17665,79.12811,Vikram Kulkarni,+91 688909 8707,"765, Hill Top Road, Dharampeth",300292.0
639.0,3,3,2.5,65,5.6,10,93.6,21.14744,79.03399,Riya Sharma,+91 660271 3682,"525, Church Street, Sitabuldi",142964.0
1720.0,2,2,1.5,6,1.1,7,32.6,21.13971,79.07973,Sneha Joshi,+91 808984 7166,"789, Hill Top Road, Ramdaspeth",301399.0
2447.0,4,4,2.5,31,16.3,2,2.0,21.16309,78.9321,Amit Verma,+91 866870 7756,"673, Civil Lines, Gandhibagh",344964.0
2488.0,5,5,2.5,3,2.3,3,14.2,21.12634,79.08107,Priya Bose,+91 902809 2720,"175, Park Avenue, Manish Nagar",384522.0
2467.0,5,5,2.5,30,9.2,8,3.2,21.14437,79.17732,Kavya Kulkarni,+91 667023 9309,"211, Green Valley Road, Ramdaspeth",393597.0
1825.0,3,3,2.0,50,0.5,7,40.3,21.14837,79.09217,Kabir Bose,+91 604127 1657,"792, Park Avenue, Laxmi Nagar",343376.0
1251.0,3,3,3.0,16,5.5,5,79.7,21.14097,79.03531,Amit Gupta,+91 813089 4518,"703, Hill Top Road, Ramdaspeth",246594.0
1096.0,3,3,1.5,12,6.4,5,45.0,21.14134,79.02679,Ritu Deshmukh,+91 671515 6347,"836, Market Street, Pratap Nagar",229237.0
2024.0,4,4,1.5,39,25.3,8,83.9,21.0589,78.86277,Pooja Iyer,+91 710442 4177,"294, College Road, Dharampeth",255897.0
2047.0,3,3,1.5,41,15.1,5,4.8,21.26341,79.16069,Diya Verma,+91 726233 9462,"53, Station Road, Trimurti Nagar",265874.0
2637.0,3,3,3.5,57,33.9,2,47.0,20.91232,78.87671,Vivaan Rao,+91 996135 4855,"238, College Road, Hingna Road",341815.0
2515.0,3,3,3.5,1,2.4,10,78.7,21.1517,79.11031,Anjali Rao,+91 938776 6725,"430, Market Street, Civil Lines",432084.0
1714.0,2,2,3.5,19,14.3,4,67.5,21.01754,79.08052,Meera Rao,+91 913225 4483,"122, Station Road, Pratap Nagar",255337.0
991.0,3,3,2.0,62,3.3,3,85.3,21.12044,79.07169,Vikram Agarwal,+91 817296 2599,"193, Church Street, Gandhibagh",142412.0
1593.0,4,4,2.0,54,1.3,1,27.4,21.1564,79.08191,Sai Reddy,+91 730086 7775,"145, Lake View Lane, Dharampeth",214006.0
1941.0,3,3,2.0,71,14.8,5,50.1,21.13655,79.2313,Pooja Mehta,+91 832370 1761,"127, Civil Lines, Civil Lines",283370.0
1669.0,5,5,1.5,65,8.5,10,67.7,21.07865,79.12707,Pooja Patel,+91 602128 8228,"382, Ring Road, Sadar",302453.0
1424.0,5,5,2.5,67,17.1,2,16.8,21.10791,78.92803,Aarav Chauhan,+91 842748 8795,"802, Green Valley Road, Laxmi Nagar",197758.0
1964.0,3,3,2.0,40,2.7,3,81.6,21.14437,79.1139,Meera Nair,+91 750119 2647,"379, Market Street, Sitabuldi",262809.0
1472.0,5,5,1.0,76,6.4,2,31.1,21.09554,79.11786,Neha Deshmukh,+91 939524 3730,"293, MG Road, Laxmi Nagar",252354.0
1392.0,1,1,3.0,33,6.9,1,9.3,21.19293,79.13109,Sneha Reddy,+91 679280 3036,"548, Church Street, Ramdaspeth",199347.0
2002.0,5,5,3.0,72,2.8,7,76.6,21.13238,79.06586,Arjun Reddy,+91 698963 9089,"643, Green Valley Road, Laxmi Nagar",356520.0
1539.0,2,2,1.0,31,16.3,3,70.5,21.07423,78.95038,Aditya Bose,+91 906869 2680,"349, Hill Top Road, Wardha Road",197848.0
1959.0,3,3,3.0,35,1.6,8,88.4,21.13375,79.07918,Arjun Patel,+91 659487 2344,"4, Market Street, Sitabuldi",302011.0
1978.0,2,2,1.5,54,13.1,5,89.2,21.10284,79.20616,Kavya Joshi,+91 856466 9851,"298, College Road, Wardha Road",254117.0
1059.0,3,3,3.5,31,26.6,7,27.9,21.15779,78.83164,Arjun Reddy,+91 733295 9175,"80, Station Road, Sadar",170841.0
1487.0,2,2,3.0,11,2.1,1,64.1,21.15461,79.10607,Neha Iyer,+91 773536 1647,"145, Green Valley Road, Civil Lines",263403.0
2735.0,4,4,1.0,71,3.1,4,99.9,21.14938,79.05877,Diya Kulkarni,+91 701632 9905,"610, Station Road, Trimurti Nagar",380292.0
1045.0,1,1,2.5,36,5.9,5,24.4,21.09379,79.1017,Rahul Deshmukh,+91 867286 8680,"179, Park Avenue, Pratap Nagar",210836.0
424.0,5,5,1.5,74,34.7,1,47.3,21.38872,78.87653,Diya Rao,+91 625317 9566,"370, Hill Top Road, Manish Nagar",42921.0
590.0,5,5,3.5,31,0.8,5,91.0,21.14698,79.09555,Ishaan Mehta,+91 846812 1766,"392, Sunrise Boulevard, Gandhibagh",144121.0
1819.0,3,3,1.5,77,2.2,5,10.3,21.1648,79.08112,Sneha Sharma,+91 965816 8270,"878, Sunrise Boulevard, Ramdaspeth",277418.0
1820.0,3,3,1.0,48,6.4,5,92.8,21.09337,79.06267,Kabir Gupta,+91 713934 7760,"154, Ring Road, Ramdaspeth",242276.0
1724.0,4,4,1.5,61,0.7,6,48.8,21.14927,79.0944,Sai Deshmukh,+91 882572 6512,"83, Sunrise Boulevard, Wardha Road",312559.0
2589.0,1,1,1.5,60,14.3,8,89.3,21.23648,78.98978,Rahul Mehta,+91 970343 4909,"534, Lake View Lane, Ramdaspeth",351727.0
400.0,4,4,1.5,16,1.6,8,62.1,21.15664,79.09869,Arjun Sharma,+91 979690 7790,"623, Station Road, Hingna Road",140046.0
2057.0,2,2,2.5,65,0.5,1,67.1,21.14648,79.08343,Vivaan Chauhan,+91 855064 4676,"502, Church Street, Gandhibagh",252321.0
2815.0,4,4,2.0,75,2.7,7,77.3,21.16492,79.10483,Ananya Nair,+91 939234 3391,"702, Station Road, Sitabuldi",432340.0
1067.0,2,2,2.0,52,16.8,10,6.7,21.24145,79.21371,Diya Reddy,+91 954022 4453,"863, Market Street, Manish Nagar",195897.0
1553.0,4,4,1.5,75,1.5,9,62.8,21.13263,79.08339,Rahul Nair,+91 873896 1885,"610, Station Road, Ramdaspeth",252369.0
1311.0,4,4,1.0,67,0.6,4,92.4,21.15065,79.09159,Amit Iyer,+91 637676 8973,"537, Sunrise Boulevard, Trimurti Nagar",235021.0
1219.0,2,2,3.0,53,3.6,8,95.6,21.17282,79.10794,Aarav Rao,+91 998409 5460,"680, Market Street, Trimurti Nagar",186995.0
1588.0,4,4,1.0,38,15.6,9,96.8,21.06881,78.96256,Vikram Patel,+91 781256 0519,"214, Park Avenue, Manish Nagar",230173.0
2728.0,3,3,1.5,68,2.1,4,64.6,21.15098,79.10795,Amit Patel,+91 834611 9526,"249, Market Street, Dharampeth",362148.0
2994.0,2,2,2.0,14,12.3,9,63.3,21.16858,79.20433,Rohan Bose,+91 887468 2793,"370, Park Avenue, Laxmi Nagar",393623.0
1582.0,3,3,1.0,44,12.0,7,55.2,21.19084,78.9831,Ananya Deshmukh,+91 780320 6538,"766, Civil Lines, Hingna Road",246301.0
3038.0,5,5,2.5,65,2.8,8,60.8,21.165,79.07003,Vikram Iyer,+91 928680 9077,"851, Station Road, Hingna Road",427656.0
1823.0,1,1,3.5,75,5.4,8,61.2,21.13239,79.03826,Meera Agarwal,+91 810011 9280,"554, Church Street, Pratap Nagar",250899.0
2940.0,5,5,1.0,21,2.6,8,4.2,21.14483,79.11366,Ananya Deshmukh,+91 864572 0285,"619, Civil Lines, Dharampeth",450444.0
1739.0,5,5,3.5,7,2.3,10,8.9,21.15401,79.06797,Vikram Kulkarni,+91 998100 1408,"787, College Road, Gandhibagh",339324.0
1885.0,3,3,2.5,26,7.2,9,61.9,21.11608,79.02668,Sneha Kulkarni,+91 747804 6982,"242, MG Road, Sadar",287160.0
2038.0,4,4,2.0,69,27.0,5,31.4,21.0274,79.31654,Kavya Bose,+91 927624 9239,"122, Lake View Lane, Pratap Nagar",273005.0
3866.0,2,2,2.0,41,3.8,6,30.1,21.14943,79.05148,Aarav Agarwal,+91 662282 7423,"745, Green Valley Road, Laxmi Nagar",527130.0
2353.0,1,1,2.5,4,31.8,7,19.3,20.86452,79.14794,Sneha Gupta,+91 878092 6228,"127, Park Avenue, Wardha Road",322038.0
1340.0,3,3,1.0,9,4.6,9,80.1,21.13333,79.04585,Rohan Kulkarni,+91 679020 4492,"158, Church Street, Hingna Road",299365.0
2430.0,5,5,1.0,27,8.0,4,96.4,21.09101,79.03784,Ritu Patel,+91 669043 0423,"395, Ring Road, Gandhibagh",340021.0
1565.0,2,2,3.5,27,4.0,4,62.8,21.13093,79.12351,Rohan Rao,+91 625373 6538,"785, Station Road, Wardha Road",265210.0
1482.0,4,4,1.0,10,1.5,8,94.5,21.14586,79.1024,Aarav Verma,+91 975577 7124,"390, Hill Top Road, Manish Nagar",279032.0
2391.0,4,4,3.0,39,0.5,10,88.4,21.14317,79.09212,Diya Patel,+91 753835 6357,"119, Station Road, Pratap Nagar",378964.0
1820.0,4,4,2.0,38,20.0,10,21.8,21.14841,78.89515,Ananya Kulkarni,+91 739577 8657,"129, MG Road, Pratap Nagar",301664.0
1981.0,2,2,3.0,15,3.0,2,15.4,21.12908,79.06561,Ananya Iyer,+91 748572 1587,"253, Civil Lines, Dharampeth",312999.0
1809.0,2,2,2.0,18,23.9,10,21.2,21.21235,78.86832,Ritu Patel,+91 838659 7202,"82, Church Street, Dharampeth",285672.0
2019.0,3,3,2.0,53,4.6,8,9.6,21.18708,79.08516,Arjun Bose,+91 911596 4275,"328, MG Road, Hingna Road",311455.0
2076.0,5,5,2.5,76,0.5,2,58.3,21.14762,79.09262,Pooja Bose,+91 804140 2811,"81, Sunrise Boulevard, Hingna Road",291491.0
541.0,5,5,2.5,79,6.3,1,28.3,21.12674,79.14511,Ishaan Gupta,+91 629967 9240,"844, Station Road, Pratap Nagar",114179.0
2233.0,3,3,1.5,44,17.5,3,91.3,21.03481,78.9675,Riya Joshi,+91 859074 9541,"53, Civil Lines, Sadar",229657.0
1162.0,5,5,2.0,3,8.2,10,61.3,21.09326,79.14347,Ishaan Reddy,+91 659008 2664,"198, Civil Lines, Sadar",286129.0
863.0,3,3,2.0,71,14.7,8,36.0,21.27391,79.05219,Kabir Agarwal,+91 646219 0175,"34, Park Avenue, Dharampeth",204975.0
1762.0,2,2,1.0,76,5.9,6,98.5,21.19806,79.07824,Ishaan Kulkarni,+91 631305 4984,"291, Sunrise Boulevard, Sitabuldi",231635.0
1855.0,1,1,3.5,22,1.8,7,95.3,21.15986,79.07918,Sai Nair,+91 856260 9982,"807, Lake View Lane, Wardha Road",302053.0
1349.0,4,4,2.5,32,4.1,5,77.9,21.18269,79.09293,Neha Chauhan,+91 975903 0910,"576, Hill Top Road, Ramdaspeth",257759.0
2340.0,4,4,1.5,2,7.7,10,79.2,21.14669,79.01374,Pooja Deshmukh,+91 619513 4821,"934, Hill Top Road, Sadar",341118.0
928.0,5,5,3.5,64,15.4,2,97.7,21.09177,79.22498,Vikram Patel,+91 974144 2208,"616, Park Avenue, Wardha Road",160632.0
1535.0,4,4,1.5,62,1.1,4,60.0,21.13884,79.09576,Rahul Nair,+91 705083 9033,"425, Park Avenue, Sitabuldi",228602.0
1420.0,1,1,2.0,1,18.4,3,88.0,21.15091,78.91031,Neha Agarwal,+91 704445 1246,"957, College Road, Sitabuldi",246681.0
1770.0,3,3,2.0,56,0.5,9,6.5,21.14946,79.08539,Arjun Joshi,+91 634960 3088,"187, MG Road, Pratap Nagar",302991.0
1981.0,4,4,2.5,32,0.5,6,55.4,21.14289,79.08451,Sai Verma,+91 642717 8151,"113, Lake View Lane, Sitabuldi",348164.0
1145.0,3,3,3.5,43,2.3,7,50.3,21.13243,79.07137,Ishaan Deshmukh,+91 866092 4297,"328, Market Street, Wardha Road",216216.0
2271.0,3,3,3.0,17,10.3,10,3.8,21.06069,79.04786,Sneha Rao,+91 793552 9894,"928, Park Avenue, Dharampeth",435998.0
1841.0,5,5,2.0,65,1.0,2,8.7,21.14382,79.07889,Vikram Gupta,+91 611586 7789,"817, Civil Lines, Hingna Road",281782.0
570.0,4,4,3.5,32,21.1,10,2.2,21.17756,79.28882,Meera Agarwal,+91 837260 0159,"536, Ring Road, Wardha Road",190871.0
527.0,4,4,3.5,67,10.4,2,29.4,21.18889,79.17742,Meera Chauhan,+91 755685 7494,"928, Station Road, Pratap Nagar",128383.0
1792.0,3,3,3.5,11,1.5,8,5.4,21.14352,79.10291,Ananya Joshi,+91 789833 7967,"646, Park Avenue, Sitabuldi",345996.0
1656.0,2,2,2.5,47,2.0,8,42.3,21.1279,79.08775,Suman Kulkarni,+91 948465 8781,"239, Civil Lines, Manish Nagar",279603.0
1733.0,3,3,1.5,24,1.4,9,81.3,21.14176,79.10104,Anjali Gupta,+91 729176 3008,"6, Ring Road, Manish Nagar",271786.0
1782.0,5,5,1.5,77,6.1,2,61.4,21.19244,79.05668,Diya Deshmukh,+91 717131 6169,"31, Hill Top Road, Laxmi Nagar",186167.0
1947.0,4,4,2.0,44,10.7,10,67.4,21.12474,78.98701,Vikram Chauhan,+91 876987 5361,"848, Sunrise Boulevard, Sadar",334551.0
2416.0,4,4,2.0,57,1.8,8,3.2,21.16075,79.08041,Ananya Gupta,+91 988276 8879,"309, Station Road, Civil Lines",374772.0
1078.0,1,1,1.5,6,2.1,2,84.0,21.13543,79.10547,Aditya Bose,+91 834182 5126,"422, MG Road, Laxmi Nagar",198363.0
1038.0,5,5,1.0,54,4.4,6,14.6,21.1839,79.07833,Arjun Verma,+91 725462 4051,"385, Civil Lines, Sadar",216430.0
1089.0,2,2,3.0,8,0.5,9,30.3,21.14157,79.08653,Pooja Nair,+91 778483 8554,"89, Station Road, Sitabuldi",269734.0
1988.0,5,5,3.5,28,25.0,5,51.7,21.34619,79.19758,Neha Verma,+91 697474 8482,"4, Hill Top Road, Sitabuldi",315068.0
2609.0,3,3,3.0,17,0.9,4,93.0,21.15083,79.09513,Pooja Nair,+91 656540 9218,"726, Sunrise Boulevard, Pratap Nagar",318802.0
1520.0,5,5,1.0,0,4.8,3,99.8,21.18146,79.11396,Sai Mehta,+91 907372 7955,"681, Lake View Lane, Pratap Nagar",263701.0
400.0,5,5,1.0,46,6.4,6,78.3,21.13522,79.02762,Neha Chauhan,+91 863560 4524,"225, Park Avenue, Gandhibagh",100530.0
692.0,4,4,1.0,19,3.7,10,72.9,21.11802,79.10832,Vivaan Patel,+91 735286 6802,"125, Station Road, Sadar",203489.0
1259.0,5,5,3.5,41,15.5,7,52.8,21.14517,79.23772,Vikram Chauhan,+91 916379 3344,"515, College Road, Civil Lines",241471.0
1437.0,4,4,2.5,61,3.4,8,66.6,21.12447,79.06465,Sai Bose,+91 933344 4264,"82, Church Street, Manish Nagar",260656.0
1535.0,5,5,3.5,14,3.4,8,14.4,21.1393,79.0557,Aditya Sharma,+91 827835 9323,"290, Station Road, Hingna Road",306091.0
1825.0,1,1,2.5,56,7.2,8,26.9,21.0828,79.10414,Kabir Bose,+91 744625 1923,"718, Sunrise Boulevard, Wardha Road",254840.0
1597.0,1,1,2.5,23,5.1,5,98.5,21.16358,79.13324,Sneha Chauhan,+91 813956 5373,"174, Sunrise Boulevard, Wardha Road",221285.0
2482.0,3,3,2.0,26,7.9,8,98.0,21.07965,79.11597,Sanjay Sharma,+91 979017 1725,"770, Sunrise Boulevard, Pratap Nagar",313371.0
1361.0,5,5,3.0,46,1.7,4,32.3,21.1308,79.08905,Ritu Sharma,+91 863892 7628,"883, Market Street, Civil Lines",237206.0
1239.0,4,4,2.0,50,5.2,6,24.1,21.13722,79.03921,Kabir Kulkarni,+91 732719 3468,"184, Sunrise Boulevard, Gandhibagh",190410.0
2111.0,3,3,2.0,52,4.0,4,23.0,21.15105,79.12687,Riya Nair,+91 873735 6500,"665, Park Avenue, Trimurti Nagar",280094.0
802.0,3,3,3.5,15,4.0,10,48.5,21.18058,79.09975,Neha Gupta,+91 910712 3180,"767, Station Road, Civil Lines",207387.0
2053.0,4,4,2.0,46,2.9,8,22.4,21.16486,79.06908,Amit Nair,+91 712021 3197,"519, Sunrise Boulevard, Manish Nagar",353700.0
1867.0,5,5,3.0,21,4.9,6,64.8,21.12994,79.13215,Rahul Iyer,+91 665691 5148,"297, Green Valley Road, Sitabuldi",316226.0
1704.0,5,5,2.0,22,3.7,5,7.5,21.12035,79.06518,Vivaan Bose,+91 866087 3357,"982, Park Avenue, Sitabuldi",296259.0
2832.0,1,1,3.0,75,35.4,6,10.4,21.12557,78.74669,Ishaan Gupta,+91 858268 7344,"308, Hill Top Road, Hingna Road",314304.0
1396.0,3,3,2.5,8,17.7,8,27.7,21.15737,78.91792,Riya Verma,+91 931162 7743,"247, Lake View Lane, Sitabuldi",239030.0
3139.0,2,2,2.0,33,1.9,3,77.7,21.12878,79.09168,Kavya Agarwal,+91 690268 4729,"123, Church Street, Gandhibagh",400476.0
1653.0,4,4,1.0,35,0.5,9,32.3,21.14983,79.08604,Anjali Agarwal,+91 957147 4981,"905, Market Street, Sadar",295630.0
970.0,3,3,2.0,19,0.7,3,47.1,21.14936,79.09385,Pooja Chauhan,+91 983547 4452,"227, Market Street, Civil Lines",150605.0
1845.0,5,5,1.0,62,2.7,2,65.7,21.12372,79.07652,Vivaan Bose,+91 840062 6764,"134, MG Road, Gandhibagh",285085.0
1100.0,3,3,2.5,38,5.9,8,78.9,21.19226,79.06121,Riya Sharma,+91 657342 2001,"39, Ring Road, Hingna Road",185721.0
1311.0,4,4,3.0,57,5.8,8,30.7,21.19251,79.06245,Diya Deshmukh,+91 676077 9905,"291, Church Street, Manish Nagar",253027.0
2058.0,1,1,2.0,30,4.3,4,73.1,21.15678,79.04795,Neha Reddy,+91 782503 9729,"671, Green Valley Road, Civil Lines",308750.0
2161.0,5,5,2.0,71,19.6,7,28.6,21.32251,79.09686,Vivaan Nair,+91 623462 2621,"683, Sunrise Boulevard, Sitabuldi",320176.0
1396.0,1,1,1.0,58,15.0,8,64.4,21.08199,79.21586,Pooja Nair,+91 813007 5126,"850, Sunrise Boulevard, Civil Lines",208904.0
2442.0,2,2,3.0,26,18.9,8,45.1,21.00603,79.19278,Ishaan Bose,+91 988284 2514,"667, Park Avenue, Gandhibagh",298516.0
2552.0,5,5,2.5,76,1.3,10,92.7,21.14515,79.10057,Ritu Rao,+91 745103 9556,"49, Hill Top Road, Ramdaspeth",371224.0
2734.0,5,5,2.0,69,1.3,9,98.2,21.14322,79.10043,Ritu Gupta,+91 852926 8691,"841, MG Road, Laxmi Nagar",426899.0
2144.0,3,3,1.0,47,10.7,5,77.4,21.23445,79.04745,Sanjay Verma,+91 960516 3188,"255, Green Valley Road, Pratap Nagar",302659.0
2686.0,3,3,1.0,1,1.0,3,91.5,21.15209,79.08097,Aditya Joshi,+91 912068 2474,"955, Green Valley Road, Ramdaspeth",427675.0
577.0,1,1,1.0,47,10.0,1,13.7,21.06001,79.05719,Diya Agarwal,+91 877774 3615,"346, Ring Road, Hingna Road",134040.0
1593.0,5,5,3.0,55,0.7,6,65.4,21.1464,79.09459,Aarav Kulkarni,+91 607643 5669,"17, College Road, Manish Nagar",282091.0
1236.0,1,1,3.5,29,6.1,7,19.8,21.14368,79.14737,Riya Bose,+91 610611 2703,"392, Civil Lines, Manish Nagar",220097.0
1877.0,1,1,1.0,11,0.5,7,27.7,21.14613,79.09346,Pooja Sharma,+91 918702 4414,"450, Market Street, Pratap Nagar",280663.0
1429.0,3,3,1.5,45,2.6,1,52.3,21.14123,79.06378,Kavya Nair,+91 982134 2107,"823, Station Road, Hingna Road",201592.0
1692.0,1,1,3.5,64,2.8,8,74.2,21.12403,79.07512,Aarav Mehta,+91 912750 1439,"552, Ring Road, Civil Lines",244878.0
3023.0,1,1,2.0,25,12.2,8,72.1,21.08913,79.18969,Sai Agarwal,+91 710590 8944,"43, Civil Lines, Ramdaspeth",394184.0
1690.0,4,4,1.5,36,0.9,8,86.9,21.13931,79.08274,Rohan Reddy,+91 696529 2385,"48, Lake View Lane, Laxmi Nagar",256725.0
2069.0,4,4,2.0,0,9.7,6,55.9,21.09591,79.01155,Priya Kulkarni,+91 879617 5119,"613, Sunrise Boulevard, Civil Lines",342323.0
1649.0,2,2,1.5,56,2.6,1,92.6,21.16774,79.0805,Ananya Gupta,+91 814988 7428,"84, Church Street, Hingna Road",254765.0
1849.0,4,4,1.0,69,6.8,5,88.8,21.11288,79.03329,Sanjay Joshi,+91 653930 6466,"532, Park Avenue, Gandhibagh",277998.0
1804.0,4,4,2.0,62,18.4,7,84.9,20.9803,79.08787,Kabir Deshmukh,+91 763239 7397,"896, Station Road, Trimurti Nagar",240125.0
2091.0,2,2,3.0,34,11.7,6,23.0,21.13553,78.97617,Sai Agarwal,+91 758951 4260,"837, Hill Top Road, Dharampeth",341310.0
2557.0,4,4,3.5,3,13.3,6,53.1,21.02838,79.11192,Kabir Nair,+91 744365 2841,"631, Green Valley Road, Gandhibagh",401586.0
2871.0,3,3,1.5,39,27.0,6,73.6,21.24874,79.32423,Anjali Rao,+91 963676 9639,"306, MG Road, Gandhibagh",359656.0
2001.0,5,5,2.0,75,0.8,6,97.6,21.1523,79.08405,Sai Chauhan,+91 757399 9386,"515, MG Road, Trimurti Nagar",293397.0
2183.0,1,1,3.5,6,23.6,4,1.2,21.09274,79.3087,Suman Joshi,+91 909553 8035,"102, Hill Top Road, Pratap Nagar",308144.0
1052.0,2,2,3.5,17,21.9,7,32.7,21.32271,78.99388,Sneha Iyer,+91 612658 8038,"738, Market Street, Dharampeth",201585.0
1743.0,2,2,3.5,66,6.6,3,34.2,21.10443,79.04206,Sai Reddy,+91 990728 4129,"131, Lake View Lane, Hingna Road",256229.0
2411.0,2,2,1.0,45,15.3,5,28.9,21.12861,78.94146,Riya Kulkarni,+91 870985 0413,"52, Market Street, Pratap Nagar",305473.0
2363.0,5,5,1.5,13,0.5,5,81.7,21.14405,79.09265,Aditya Kulkarni,+91 837718 6677,"630, Station Road, Wardha Road",349614.0
1938.0,4,4,1.0,1,6.0,8,4.5,21.19191,79.11838,Anjali Joshi,+91 772697 4696,"572, Park Avenue, Wardha Road",351282.0
2376.0,3,3,1.0,32,4.8,9,35.9,21.18738,79.0739,Ritu Patel,+91 678333 3649,"545, Church Street, Pratap Nagar",379050.0
2119.0,3,3,1.0,47,32.4,7,71.2,20.92385,79.29113,Sai Patel,+91 666980 9832,"475, Market Street, Trimurti Nagar",251263.0
2580.0,5,5,1.5,67,2.4,2,40.7,21.12725,79.07664,Rohan Gupta,+91 759652 8702,"592, Church Street, Dharampeth",337301.0
1988.0,3,3,2.5,70,6.0,7,14.4,21.13131,79.03218,Priya Sharma,+91 787451 8656,"440, College Road, Civil Lines",339468.0
1569.0,2,2,2.5,36,1.6,4,61.1,21.15446,79.07625,Vikram Rao,+91 654148 0485,"137, Civil Lines, Trimurti Nagar",271020.0
2018.0,1,1,2.5,33,6.2,1,52.3,21.17538,79.03729,Sneha Nair,+91 608041 2328,"569, Sunrise Boulevard, Trimurti Nagar",224043.0
400.0,2,2,1.0,74,13.1,2,98.2,21.09905,79.20387,Aarav Iyer,+91 853243 8264,"43, Station Road, Sitabuldi",67634.0
2049.0,4,4,1.0,62,9.8,10,74.9,21.06827,79.04323,Aarav Bose,+91 824157 5050,"64, Park Avenue, Sadar",298830.0
400.0,3,3,3.5,16,0.5,5,98.6,21.14386,79.09256,Kabir Gupta,+91 636995 2835,"566, Station Road, Trimurti Nagar",126834.0
680.0,3,3,2.5,54,0.5,3,18.6,21.14502,79.09296,Vikram Agarwal,+91 913478 1590,"703, Market Street, Sitabuldi",178103.0
2094.0,3,3,1.0,57,8.7,2,76.2,21.12303,79.00797,Arjun Patel,+91 957164 6710,"81, Market Street, Hingna Road",310768.0
2110.0,5,5,3.0,18,7.7,7,55.2,21.10146,79.03065,Anjali Mehta,+91 932296 3611,"376, Ring Road, Trimurti Nagar",375601.0
1044.0,5,5,3.5,78,5.6,8,71.3,21.10394,79.05826,Sai Agarwal,+91 604655 1659,"928, Park Avenue, Civil Lines",204365.0
1337.0,1,1,3.0,23,2.2,4,46.8,21.12894,79.09954,Anjali Agarwal,+91 720411 2648,"780, Lake View Lane, Pratap Nagar",188224.0
2691.0,1,1,1.5,43,0.5,2,21.2,21.14201,79.08559,Ritu Joshi,+91 619458 4129,"802, Ring Road, Sadar",318413.0
1485.0,2,2,2.5,39,12.3,4,4.6,21.21913,79.17778,Amit Gupta,+91 609653 8072,"655, Market Street, Ramdaspeth",255887.0
3258.0,5,5,3.0,55,7.6,7,83.8,21.12169,79.15653,Rohan Iyer,+91 930511 3498,"180, Green Valley Road, Trimurti Nagar",493544.0
1799.0,3,3,3.0,72,11.8,2,81.5,21.05603,79.02791,Vivaan Nair,+91 945737 6793,"387, Station Road, Gandhibagh",210802.0
2065.0,5,5,1.5,31,10.8,3,16.3,21.075,79.15941,Rohan Agarwal,+91 605301 5935,"597, Sunrise Boulevard, Laxmi Nagar",312997.0
2851.0,4,4,3.0,30,5.8,1,64.5,21.16946,79.03861,Sneha Iyer,+91 711761 5503,"666, Lake View Lane, Hingna Road",384724.0
1885.0,3,3,2.0,60,4.1,5,73.8,21.15164,79.04909,Rahul Agarwal,+91 683760 9961,"132, Church Street, Trimurti Nagar",256921.0
1148.0,2,2,2.0,76,0.7,2,55.8,21.13966,79.08554,Suman Bose,+91 980546 1852,"969, Hill Top Road, Wardha Road",192851.0
1729.0,2,2,2.5,72,5.0,2,31.7,21.10107,79.09623,Ritu Verma,+91 836129 8354,"935, Ring Road, Manish Nagar",246736.0
1777.0,1,1,3.5,60,5.1,2,88.1,21.16749,79.13149,Sai Bose,+91 722182 1619,"37, Civil Lines, Wardha Road",225502.0
913.0,3,3,1.0,56,2.2,8,64.2,21.15661,79.0706,Diya Joshi,+91 984118 4518,"589, Sunrise Boulevard, Laxmi Nagar",237575.0
1634.0,2,2,2.5,61,16.5,5,72.0,20.99867,79.10798,Vikram Mehta,+91 650090 2008,"143, Hill Top Road, Trimurti Nagar",178351.0
1318.0,2,2,3.0,74,8.7,10,65.2,21.14197,79.17232,Vikram Reddy,+91 773123 7540,"318, Green Valley Road, Pratap Nagar",225288.0
2401.0,1,1,2.0,0,1.1,4,72.1,21.14654,79.09902,Sai Iyer,+91 812248 4350,"885, MG Road, Wardha Road",322609.0
1822.0,4,4,1.0,47,21.2,3,14.5,21.33613,79.06916,Aarav Joshi,+91 770394 7283,"680, College Road, Hingna Road",249493.0
1616.0,5,5,1.0,2,6.9,3,92.3,21.15941,79.02322,Aditya Patel,+91 820350 1375,"352, Park Avenue, Gandhibagh",261457.0
1731.0,3,3,2.5,46,2.6,10,28.6,21.16869,79.09241,Sanjay Kulkarni,+91 600032 1456,"3, MG Road, Manish Nagar",325188.0
1945.0,3,3,3.5,31,23.4,6,83.7,21.18123,79.31062,Ananya Kulkarni,+91 896998 3008,"835, Lake View Lane, Trimurti Nagar",262048.0
2201.0,5,5,2.0,24,5.0,4,89.3,21.13473,79.04142,Amit Sharma,+91 883740 6014,"288, Church Street, Manish Nagar",322676.0
1150.0,3,3,3.5,71,14.6,7,65.1,21.03962,79.00483,Sanjay Gupta,+91 603750 2999,"605, Sunrise Boulevard, Wardha Road",172957.0
1123.0,4,4,2.5,56,8.0,6,59.8,21.18188,79.02178,Anjali Rao,+91 754791 8618,"234, Green Valley Road, Sitabuldi",168493.0
2518.0,3,3,2.5,45,2.1,2,10.9,21.15972,79.07421,Neha Deshmukh,+91 700354 2641,"789, Market Street, Gandhibagh",385844.0
1532.0,3,3,1.0,70,10.0,8,43.6,21.13764,79.18473,Sneha Reddy,+91 883637 2208,"346, Park Avenue, Pratap Nagar",238542.0
879.0,3,3,2.0,7,2.6,2,61.2,21.14911,79.06325,Rohan Chauhan,+91 776604 8208,"739, Market Street, Laxmi Nagar",181762.0
2088.0,4,4,1.0,51,3.2,2,8.2,21.11863,79.09728,Ritu Joshi,+91 706870 8080,"86, Station Road, Sitabuldi",311827.0
2101.0,4,4,3.0,12,4.1,8,11.1,21.18199,79.07897,Anjali Joshi,+91 648200 3324,"615, Civil Lines, Laxmi Nagar",365987.0
805.0,3,3,1.0,18,3.8,5,99.3,21.11567,79.10601,Diya Verma,+91 935238 7738,"967, MG Road, Hingna Road",177848.0
1949.0,1,1,3.0,14,7.4,3,33.2,21.08651,79.11994,Ananya Mehta,+91 837736 1356,"473, Hill Top Road, Ramdaspeth",317075.0
2278.0,5,5,1.0,43,12.0,1,35.0,21.25334,79.07532,Amit Agarwal,+91 837680 5742,"467, Green Valley Road, Gandhibagh",353884.0
2043.0,5,5,2.5,50,4.5,6,25.2,21.11194,79.06381,Diya Gupta,+91 754494 2015,"685, Hill Top Road, Wardha Road",344564.0
2211.0,1,1,1.5,60,5.7,7,64.6,21.09944,79.06557,Amit Joshi,+91 821325 0998,"855, Market Street, Wardha Road",334824.0
887.0,2,2,1.5,35,0.9,3,47.3,21.1487,79.07996,Aditya Sharma,+91 617077 2491,"810, Lake View Lane, Pratap Nagar",148867.0
2015.0,5,5,3.0,75,6.0,5,79.0,21.09265,79.09678,Arjun Gupta,+91 753169 5551,"60, Market Street, Sadar",291396.0
1603.0,2,2,1.5,29,1.7,4,51.2,21.16042,79.08235,Vikram Verma,+91 727520 1527,"296, Station Road, Manish Nagar",279718.0
1486.0,5,5,2.5,12,3.2,9,1.5,21.14861,79.05779,Ritu Deshmukh,+91 751200 7382,"844, Church Street, Dharampeth",332693.0
2366.0,4,4,3.5,2,3.4,8,48.3,21.1439,79.12113,Aarav Bose,+91 835241 0821,"973, Hill Top Road, Manish Nagar",391599.0
2762.0,5,5,2.5,10,6.2,3,5.5,21.19598,79.11407,Vikram Sharma,+91 724478 2211,"652, MG Road, Hingna Road",405671.0
2966.0,1,1,1.5,35,10.8,6,82.7,21.22401,79.15093,Vivaan Kulkarni,+91 800468 3266,"5, Hill Top Road, Laxmi Nagar",378909.0
2655.0,3,3,2.5,33,5.0,10,11.4,21.18103,79.11858,Pooja Joshi,+91 861054 2912,"678, College Road, Civil Lines",405922.0
1729.0,3,3,2.5,68,0.6,4,21.7,21.14574,79.09361,Arjun Kulkarni,+91 975254 2670,"945, Lake View Lane, Gandhibagh",314951.0
2029.0,5,5,1.5,10,21.6,2,46.0,21.30976,79.1999,Ananya Rao,+91 609205 3990,"805, Green Valley Road, Dharampeth",310601.0
2298.0,2,2,1.5,20,1.9,3,19.5,21.16214,79.09511,Amit Bose,+91 916304 6947,"723, Sunrise Boulevard, Dharampeth",324824.0
1879.0,2,2,2.5,78,4.8,7,53.9,21.10506,79.07241,Pooja Sharma,+91 646986 8179,"526, Green Valley Road, Ramdaspeth",245298.0
1885.0,1,1,2.0,2,24.2,10,46.1,20.92791,79.10216,Diya Patel,+91 892460 6286,"901, Market Street, Sitabuldi",261005.0
2335.0,4,4,1.5,33,21.3,4,95.3,21.1133,78.88523,Sai Gupta,+91 730656 0479,"633, Sunrise Boulevard, Wardha Road",287069.0
1761.0,5,5,2.0,15,6.8,1,8.8,21.13915,79.15346,Suman Deshmukh,+91 932728 6910,"511, Church Street, Civil Lines",290882.0
1326.0,1,1,2.5,42,9.8,2,57.7,21.16708,79.17967,Suman Verma,+91 682324 8608,"898, Ring Road, Wardha Road",210226.0
1531.0,2,2,1.5,77,14.8,5,72.0,21.05374,78.98417,Kavya Verma,+91 746304 3078,"4, Hill Top Road, Laxmi Nagar",166572.0
2212.0,2,2,2.5,18,2.8,1,12.8,21.12988,79.06661,Aarav Kulkarni,+91 692655 7324,"125, Station Road, Civil Lines",389589.0
1802.0,5,5,3.0,29,9.8,1,63.6,21.22511,79.04737,Suman Nair,+91 964305 0464,"840, Ring Road, Manish Nagar",250796.0
2021.0,3,3,2.5,35,2.7,7,86.4,21.13143,79.10925,Riya Kulkarni,+91 852288 1237,"56, College Road, Trimurti Nagar",275200.0
2236.0,2,2,2.0,63,10.8,9,78.8,21.11399,78.98937,Meera Iyer,+91 607080 8979,"897, Park Avenue, Manish Nagar",350426.0
1556.0,2,2,3.0,78,4.0,3,93.5,21.18198,79.08909,Aditya Verma,+91 946608 7426,"981, Station Road, Ramdaspeth",238333.0
2292.0,3,3,2.0,7,2.6,6,72.1,21.15805,79.10938,Suman Joshi,+91 791957 1162,"261, Ring Road, Dharampeth",350064.0
2046.0,2,2,1.5,39,14.0,6,39.4,21.22447,79.19401,Amit Verma,+91 636233 3719,"880, Hill Top Road, Manish Nagar",298578.0
997.0,1,1,2.0,60,1.4,7,92.0,21.13807,79.09921,Kabir Rao,+91 770511 7252,"546, Market Street, Laxmi Nagar",166565.0
2737.0,5,5,2.0,0,8.5,10,22.5,21.22274,79.08804,Ananya Chauhan,+91 936608 5214,"513, College Road, Gandhibagh",455656.0
1475.0,3,3,2.5,64,0.5,9,58.4,21.14332,79.09223,Ananya Patel,+91 960291 8257,"921, Ring Road, Pratap Nagar",220700.0
724.0,2,2,1.5,19,5.0,4,76.6,21.17636,79.12304,Pooja Gupta,+91 696207 5798,"780, Ring Road, Dharampeth",72642.0
1121.0,4,4,1.0,41,15.9,10,87.2,21.13134,79.24128,Neha Bose,+91 956613 0318,"888, Park Avenue, Sadar",166667.0
1136.0,4,4,2.5,78,13.0,1,91.7,21.04429,79.15105,Pooja Reddy,+91 987405 0014,"881, College Road, Wardha Road",188762.0
1834.0,1,1,3.0,50,5.9,10,8.5,21.18117,79.13055,Rahul Iyer,+91 774758 3302,"726, Church Street, Sitabuldi",348888.0
1622.0,1,1,3.5,79,3.5,2,72.6,21.16185,79.11687,Ananya Kulkarni,+91 801956 3659,"466, Church Street, Civil Lines",204951.0
1581.0,1,1,3.0,48,2.0,2,20.4,21.12842,79.0947,Diya Verma,+91 775769 5811,"185, Ring Road, Civil Lines",215956.0
2203.0,4,4,1.5,16,1.3,2,77.9,21.1513,79.09925,Sanjay Sharma,+91 738844 4258,"98, Market Street, Civil Lines",333687.0
2021.0,4,4,2.5,55,0.5,2,70.1,21.15029,79.08783,Neha Agarwal,+91 870365 7734,"253, Market Street, Sadar",306561.0
2005.0,4,4,2.5,49,2.9,5,18.1,21.12134,79.09695,Rahul Bose,+91 817437 9818,"480, Church Street, Trimurti Nagar",339171.0
2066.0,4,4,2.5,24,1.3,7,83.3,21.13931,79.0988,Aditya Bose,+91 751322 6478,"137, Civil Lines, Ramdaspeth",269779.0
2200.0,3,3,2.5,6,10.6,8,46.2,21.0505,79.09958,Priya Sharma,+91 708100 0386,"351, Lake View Lane, Hingna Road",429680.0
430.0,3,3,2.0,51,0.5,1,54.4,21.14293,79.09192,Meera Rao,+91 749400 5233,"793, Station Road, Civil Lines",124957.0
1563.0,4,4,1.0,46,13.3,3,97.1,21.10185,78.96893,Ananya Agarwal,+91 739012 7227,"24, Hill Top Road, Trimurti Nagar",203230.0
400.0,2,2,3.0,61,2.0,2,65.7,21.12845,79.0917,Pooja Agarwal,+91 666665 5733,"308, Green Valley Road, Civil Lines",66029.0
1823.0,5,5,3.0,10,15.5,2,58.9,21.26164,79.00472,Kabir Iyer,+91 728021 3259,"958, Market Street, Laxmi Nagar",307009.0
1797.0,5,5,1.5,43,9.7,8,1.7,21.06013,79.10886,Pooja Rao,+91 849371 6769,"324, Green Valley Road, Civil Lines",323392.0
2480.0,5,5,2.0,65,1.6,7,19.9,21.13236,79.08139,Vivaan Patel,+91 965632 9997,"715, Sunrise Boulevard, Pratap Nagar",390913.0
2572.0,5,5,2.5,71,8.3,3,2.7,21.11196,79.01681,Priya Patel,+91 922352 7094,"609, Station Road, Hingna Road",387241.0
1932.0,2,2,3.0,75,32.0,4,33.3,21.13186,79.39696,Kavya Iyer,+91 934453 3312,"785, Hill Top Road, Civil Lines",224229.0
1475.0,1,1,3.0,16,4.3,10,34.5,21.15308,79.0476,Arjun Gupta,+91 940440 4673,"728, Sunrise Boulevard, Sadar",280256.0
2115.0,3,3,2.5,13,3.2,6,53.0,21.12639,79.06583,Kavya Bose,+91 850364 9794,"596, Market Street, Trimurti Nagar",357247.0
1457.0,4,4,3.5,46,9.8,3,69.0,21.14029,78.99345,Anjali Verma,+91 805919 0692,"970, Ring Road, Dharampeth",235072.0
1799.0,4,4,3.5,37,11.5,10,17.9,21.24928,79.08086,Priya Rao,+91 928361 6557,"269, Green Valley Road, Trimurti Nagar",325668.0
2441.0,2,2,3.0,18,6.1,2,60.2,21.1937,79.05981,Kavya Joshi,+91 646485 2839,"280, Hill Top Road, Hingna Road",379748.0
1437.0,2,2,1.5,8,0.5,3,91.7,21.1452,79.09299,Ritu Sharma,+91 695428 2681,"584, College Road, Trimurti Nagar",184072.0
2324.0,3,3,3.5,11,0.5,7,18.5,21.14863,79.08444,Ritu Nair,+91 719932 6522,"714, Park Avenue, Laxmi Nagar",372521.0
2240.0,5,5,2.0,27,21.9,6,65.9,20.96746,78.99735,Aarav Bose,+91 852562 5951,"679, MG Road, Manish Nagar",322484.0
1179.0,1,1,1.5,59,6.5,1,4.6,21.12167,79.0305,Amit Verma,+91 974707 6044,"955, Park Avenue, Wardha Road",151900.0
2433.0,2,2,3.5,5,2.9,9,53.1,21.12929,79.10955,Pooja Patel,+91 756697 3948,"597, Park Avenue, Laxmi Nagar",383305.0
2254.0,2,2,3.0,8,6.8,3,74.2,21.08484,79.09136,Ritu Patel,+91 943771 0714,"761, Church Street, Gandhibagh",358033.0
1866.0,5,5,2.0,21,6.2,7,3.4,21.17294,79.14062,Sanjay Sharma,+91 744495 8446,"127, Church Street, Manish Nagar",330863.0
1304.0,3,3,2.0,69,0.5,4,33.4,21.14935,79.08523,Vivaan Chauhan,+91 729911 3108,"39, Park Avenue, Manish Nagar",167730.0
1242.0,1,1,2.5,79,0.8,8,87.8,21.13893,79.0864,Vikram Sharma,+91 913930 2254,"812, Market Street, Pratap Nagar",175758.0
1451.0,2,2,1.5,35,3.6,9,22.5,21.17304,79.10638,Pooja Reddy,+91 602454 9475,"447, Sunrise Boulevard, Wardha Road",259213.0
2153.0,1,1,3.5,3,33.2,8,72.3,21.13933,78.76733,Kavya Agarwal,+91 940688 7247,"297, Lake View Lane, Manish Nagar",287707.0
1179.0,3,3,1.5,0,3.3,10,61.2,21.1728,79.07507,Aarav Bose,+91 676075 0579,"750, Ring Road, Pratap Nagar",256010.0
2084.0,5,5,2.0,68,7.9,6,16.4,21.17395,79.15824,Rohan Patel,+91 972661 8177,"396, Ring Road, Pratap Nagar",337044.0
993.0,3,3,1.5,35,0.5,1,74.2,21.14572,79.09315,Arjun Iyer,+91 796093 4826,"30, College Road, Ramdaspeth",158790.0
1667.0,5,5,3.0,6,3.4,6,53.2,21.13251,79.11817,Pooja Patel,+91 875775 0773,"550, MG Road, Ramdaspeth",277450.0
1871.0,4,4,3.5,66,3.5,5,11.2,21.11439,79.08768,Ishaan Patel,+91 882115 2664,"126, College Road, Hingna Road",295827.0
3389.0,5,5,2.0,42,9.6,8,94.9,21.22828,79.1163,Amit Bose,+91 729832 8645,"976, MG Road, Dharampeth",457632.0
905.0,2,2,2.0,27,2.6,3,49.2,21.14409,79.11364,Rohan Iyer,+91 872951 9996,"328, Green Valley Road, Pratap Nagar",157471.0
2757.0,5,5,3.0,36,20.0,7,74.5,21.01377,78.95658,Sanjay Mehta,+91 925551 3453,"312, Green Valley Road, Manish Nagar",407498.0
1897.0,2,2,3.0,18,1.0,5,21.8,21.14386,79.09783,Aarav Patel,+91 979461 1093,"842, Lake View Lane, Gandhibagh",325834.0
2067.0,3,3,3.0,74,16.4,7,13.7,21.18488,79.24105,Kabir Reddy,+91 666117 7534,"42, Park Avenue, Wardha Road",320836.0
1877.0,4,4,1.5,63,1.0,5,74.1,21.15389,79.09272,Aditya Iyer,+91 771021 1486,"677, Station Road, Ramdaspeth",269861.0
2089.0,2,2,2.0,15,15.7,4,67.4,21.01914,79.0214,Meera Joshi,+91 924439 9947,"971, College Road, Sadar",325111.0
1700.0,2,2,3.5,58,5.1,3,27.4,21.12056,79.12922,Vikram Chauhan,+91 877199 7542,"30, Green Valley Road, Dharampeth",273582.0
2745.0,1,1,1.0,14,37.5,9,74.6,21.4477,79.25113,Diya Gupta,+91 609234 6223,"956, College Road, Trimurti Nagar",336072.0
1503.0,1,1,3.5,36,0.7,1,50.5,21.15162,79.0854,Kavya Mehta,+91 630354 3928,"616, Ring Road, Civil Lines",242031.0
2536.0,3,3,1.0,59,7.7,3,34.9,21.10914,79.02467,Sneha Rao,+91 966294 5246,"198, Civil Lines, Gandhibagh",325297.0
1381.0,5,5,3.0,2,28.4,5,78.7,21.14525,79.36292,Priya Deshmukh,+91 798109 8187,"852, College Road, Manish Nagar",163785.0
1761.0,2,2,2.0,58,6.5,2,61.7,21.09014,79.10745,Vikram Iyer,+91 891835 2060,"828, Ring Road, Gandhibagh",220860.0
1103.0,3,3,3.5,18,22.4,10,50.7,21.0526,79.28001,Arjun Nair,+91 941941 9613,"981, Market Street, Manish Nagar",224016.0
2096.0,5,5,3.5,55,1.2,4,77.3,21.13615,79.08293,Rohan Mehta,+91 657980 4032,"918, College Road, Ramdaspeth",325774.0
2739.0,4,4,1.0,39,3.1,3,54.5,21.12615,79.10991,Rohan Nair,+91 722449 4053,"610, Civil Lines, Sadar",382593.0
1750.0,1,1,2.0,2,2.8,3,93.9,21.14469,79.06121,Rohan Deshmukh,+91 616632 4490,"13, Station Road, Ramdaspeth",233388.0
1672.0,3,3,3.5,60,6.1,2,81.8,21.18419,79.12979,Aarav Sharma,+91 917963 2864,"746, Lake View Lane, Pratap Nagar",186211.0
1075.0,1,1,1.5,20,4.0,7,35.8,21.11083,79.07846,Vivaan Iyer,+91 741809 1104,"754, Lake View Lane, Gandhibagh",233425.0
1651.0,2,2,3.0,76,0.5,5,46.5,21.14312,79.08432,Vivaan Patel,+91 902773 0154,"772, College Road, Manish Nagar",244246.0
765.0,2,2,1.0,67,8.2,3,95.7,21.15257,79.00952,Ishaan Patel,+91 784368 8149,"180, Ring Road, Laxmi Nagar",84793.0
1207.0,4,4,2.5,15,3.5,9,89.5,21.17705,79.08289,Sneha Sharma,+91 687138 1757,"733, Market Street, Dharampeth",220350.0
1947.0,1,1,2.0,48,23.6,7,19.1,20.93807,79.13682,Kabir Iyer,+91 960139 9729,"826, Ring Road, Dharampeth",293379.0
2657.0,2,2,3.0,28,2.6,5,27.4,21.1249,79.09882,Riya Gupta,+91 872744 2629,"75, Church Street, Dharampeth",419195.0
3626.0,2,2,3.0,48,11.2,6,36.4,21.2216,79.01729,Vivaan Deshmukh,+91 612126 9121,"21, Green Valley Road, Dharampeth",465083.0
1419.0,2,2,2.0,44,6.1,7,88.0,21.12166,79.14125,Sanjay Rao,+91 885370 7050,"84, Church Street, Dharampeth",245067.0
2733.0,4,4,1.5,23,17.6,2,92.7,21.26155,78.97204,Ananya Deshmukh,+91 726546 8291,"690, Ring Road, Dharampeth",348691.0
1958.0,2,2,2.0,52,1.9,9,80.2,21.15676,79.10285,Priya Chauhan,+91 699404 2520,"301, Station Road, Pratap Nagar",280668.0
1702.0,2,2,2.0,20,0.9,3,27.6,21.15267,79.09246,Rahul Deshmukh,+91 788589 9807,"816, Sunrise Boulevard, Manish Nagar",267127.0
2081.0,3,3,3.0,72,1.3,1,88.7,21.1462,79.07577,Suman Nair,+91 991038 8591,"956, College Road, Pratap Nagar",257294.0
1840.0,4,4,3.5,75,0.8,6,3.3,21.14919,79.09482,Sanjay Bose,+91 688926 2495,"36, Civil Lines, Pratap Nagar",277750.0
1872.0,1,1,2.0,13,8.3,9,42.3,21.0721,79.07231,Diya Iyer,+91 774016 3308,"737, Market Street, Hingna Road",318196.0
1535.0,5,5,3.0,58,3.0,8,37.8,21.12008,79.09623,Ananya Agarwal,+91 705396 0615,"756, Church Street, Sadar",275063.0
891.0,5,5,1.0,74,13.5,4,53.5,21.10861,78.96405,Ananya Patel,+91 827448 4258,"75, Civil Lines, Sadar",156346.0
797.0,4,4,1.5,10,6.0,4,56.1,21.11222,79.13364,Aditya Bose,+91 902527 0258,"119, Ring Road, Hingna Road",176352.0
2225.0,3,3,1.5,59,21.6,6,22.5,21.09065,79.28837,Ananya Reddy,+91 932952 8079,"805, Station Road, Laxmi Nagar",314384.0
1620.0,4,4,3.0,75,3.3,3,20.5,21.15547,79.05785,Vikram Mehta,+91 859651 1666,"79, Hill Top Road, Civil Lines",206132.0
1413.0,3,3,1.0,18,2.0,9,80.4,21.15538,79.10458,Arjun Iyer,+91 620012 9713,"199, Ring Road, Trimurti Nagar",227608.0
1806.0,2,2,2.0,46,9.7,3,7.6,21.23302,79.09926,Diya Gupta,+91 984233 5556,"919, Lake View Lane, Dharampeth",279182.0
2317.0,2,2,3.0,63,0.5,3,49.3,21.14203,79.08555,Vivaan Reddy,+91 624839 4373,"726, Station Road, Civil Lines",293969.0
1917.0,1,1,3.5,26,27.5,1,19.2,21.28412,78.86765,Arjun Mehta,+91 733503 7352,"922, Park Avenue, Trimurti Nagar",253661.0
1374.0,5,5,3.5,19,0.5,7,32.0,21.14167,79.08628,Vivaan Verma,+91 992774 9905,"274, Green Valley Road, Trimurti Nagar",250975.0
2597.0,2,2,1.0,31,6.8,1,27.7,21.09295,79.05551,Neha Patel,+91 619943 8376,"740, Hill Top Road, Trimurti Nagar",351166.0
2826.0,2,2,2.0,26,8.3,9,70.9,21.09995,79.02513,Sai Chauhan,+91 623944 9553,"609, Park Avenue, Manish Nagar",445227.0
2121.0,5,5,2.0,58,13.8,10,45.6,21.24962,79.16099,Suman Verma,+91 660282 9839,"889, Ring Road, Sitabuldi",351196.0
2433.0,3,3,3.5,29,2.8,2,29.9,21.17082,79.08204,Riya Kulkarni,+91 778415 8008,"226, Church Street, Pratap Nagar",319568.0
2607.0,4,4,2.5,30,4.9,1,83.1,21.17656,79.05401,Ananya Reddy,+91 755664 6427,"17, Park Avenue, Sitabuldi",382632.0
2535.0,2,2,2.0,75,2.2,10,8.6,21.12808,79.09779,Kavya Reddy,+91 738318 1964,"399, Park Avenue, Hingna Road",428235.0
2199.0,2,2,1.0,46,1.0,2,76.6,21.13766,79.08424,Suman Iyer,+91 622182 0164,"511, Station Road, Ramdaspeth",363217.0
2189.0,4,4,1.0,74,11.2,5,24.8,21.06621,79.02195,Rohan Iyer,+91 639381 5106,"573, Green Valley Road, Wardha Road",319226.0
2138.0,3,3,2.0,56,9.0,9,91.8,21.07427,79.04737,Arjun Kulkarni,+91 665427 1496,"870, Green Valley Road, Laxmi Nagar",272602.0
1087.0,1,1,1.0,70,20.2,2,0.6,21.14214,78.89301,Meera Agarwal,+91 682085 7831,"685, MG Road, Ramdaspeth",142700.0
2255.0,5,5,2.0,15,2.7,7,55.7,21.15185,79.11372,Aditya Iyer,+91 893150 0706,"891, MG Road, Gandhibagh",412167.0
919.0,3,3,3.5,75,1.9,4,62.2,21.16169,79.0936,Kavya Patel,+91 641916 1518,"729, Park Avenue, Dharampeth",155958.0
1284.0,4,4,2.0,75,1.8,5,57.7,21.15861,79.09952,Ishaan Sharma,+91 640055 3677,"367, Sunrise Boulevard, Wardha Road",235578.0
2647.0,2,2,2.0,3,0.5,10,81.5,21.14756,79.09264,Pooja Kulkarni,+91 879201 0219,"815, Civil Lines, Wardha Road",388762.0
2346.0,3,3,1.5,28,8.4,7,11.2,21.21411,79.05403,Vikram Chauhan,+91 832540 9689,"324, Station Road, Laxmi Nagar",372359.0
2767.0,4,4,2.5,33,0.5,4,41.6,21.14142,79.08933,Vivaan Sharma,+91 982703 7677,"812, MG Road, Sitabuldi",352833.0
1623.0,5,5,2.5,33,3.9,10,86.4,21.1688,79.11613,Kavya Joshi,+91 805612 4687,"699, MG Road, Wardha Road",267377.0
1051.0,2,2,1.5,62,4.9,6,88.9,21.17405,79.12415,Kabir Gupta,+91 992328 6553,"221, Ring Road, Trimurti Nagar",157106.0
1644.0,4,4,1.5,55,5.6,1,49.8,21.18149,79.12682,Meera Gupta,+91 886577 3776,"61, College Road, Sadar",228590.0
1866.0,5,5,3.0,17,26.8,4,55.8,21.3855,79.05603,Meera Agarwal,+91 811021 5902,"885, Park Avenue, Laxmi Nagar",241149.0
1851.0,4,4,3.0,48,0.5,3,76.4,21.1501,79.08963,Suman Gupta,+91 700069 7618,"779, Civil Lines, Manish Nagar",271533.0
2537.0,1,1,2.0,77,1.6,7,78.0,21.14703,79.10324,Rohan Reddy,+91 659374 5141,"51, Green Valley Road, Manish Nagar",345569.0
1565.0,1,1,3.5,35,10.5,9,88.8,21.23911,79.07138,Kavya Verma,+91 877848 8497,"250, Market Street, Gandhibagh",237677.0
2029.0,2,2,1.5,74,12.5,1,84.4,21.14317,79.20912,Suman Chauhan,+91 924133 2304,"482, Church Street, Dharampeth",235408.0
1157.0,1,1,1.5,51,15.4,8,41.4,21.26485,79.01109,Aditya Chauhan,+91 722781 5960,"521, Church Street, Trimurti Nagar",192391.0
2093.0,4,4,3.5,73,10.8,10,65.0,21.24024,79.11335,Arjun Chauhan,+91 770645 2819,"377, Civil Lines, Dharampeth",311863.0
1802.0,5,5,1.0,72,2.8,10,48.3,21.14648,79.06108,Amit Gupta,+91 603552 2501,"193, Ring Road, Laxmi Nagar",333252.0
1313.0,3,3,2.5,1,9.9,7,11.8,21.23409,79.10054,Aditya Patel,+91 830008 1174,"667, Lake View Lane, Pratap Nagar",230865.0
1647.0,3,3,1.5,64,15.0,4,82.2,21.0964,78.95356,Rohan Bose,+91 746648 2258,"733, Civil Lines, Wardha Road",259085.0
1680.0,4,4,1.5,15,12.6,2,60.2,21.21193,78.98976,Ritu Mehta,+91 687071 8115,"639, Market Street, Ramdaspeth",278291.0
1624.0,3,3,2.5,65,1.1,10,5.8,21.14005,79.09634,Meera Gupta,+91 653476 7251,"955, College Road, Gandhibagh",283594.0
2951.0,3,3,2.0,64,2.1,5,67.7,21.13765,79.10616,Vivaan Sharma,+91 729044 2017,"393, Park Avenue, Civil Lines",396020.0
1736.0,3,3,3.5,20,1.3,4,28.3,21.13423,79.08527,Pooja Deshmukh,+91 755151 3940,"540, Sunrise Boulevard, Pratap Nagar",304205.0
1641.0,2,2,3.0,5,15.2,8,6.9,21.27984,79.11967,Kavya Agarwal,+91 751066 2715,"317, Hill Top Road, Ramdaspeth",299604.0
437.0,1,1,2.0,33,6.1,8,60.7,21.15471,79.03049,Neha Sharma,+91 851654 7748,"949, Civil Lines, Pratap Nagar",137131.0
1219.0,3,3,2.0,24,3.1,9,73.2,21.17171,79.07811,Suman Rao,+91 806256 8509,"418, Station Road, Hingna Road",196102.0
1629.0,5,5,1.0,44,1.4,9,51.7,21.13343,79.09235,Sai Rao,+91 951102 2980,"402, Sunrise Boulevard, Laxmi Nagar",300221.0
1354.0,1,1,1.5,6,0.7,9,0.6,21.14688,79.09442,Diya Nair,+91 733412 5589,"742, Green Valley Road, Trimurti Nagar",212713.0
2698.0,2,2,1.5,3,10.0,2,57.7,21.06891,79.03768,Meera Iyer,+91 638834 6978,"286, Park Avenue, Sitabuldi",363632.0
1693.0,2,2,3.0,34,0.7,2,0.7,21.15162,79.08511,Kabir Reddy,+91 871284 1245,"364, Park Avenue, Gandhibagh",313952.0
2637.0,5,5,1.5,61,6.9,3,92.6,21.15324,79.02166,Ishaan Iyer,+91 612329 0725,"837, Hill Top Road, Trimurti Nagar",318147.0
1840.0,3,3,2.0,25,2.4,7,26.7,21.1648,79.07814,Ishaan Chauhan,+91 939930 1780,"22, Ring Road, Hingna Road",272243.0
1824.0,3,3,3.0,25,1.2,6,87.1,21.15385,79.08061,Sai Bose,+91 604870 9223,"38, Green Valley Road, Sitabuldi",298298.0
1742.0,4,4,3.5,13,0.5,9,1.2,21.14179,79.08599,Vivaan Verma,+91 973621 1405,"865, Sunrise Boulevard, Wardha Road",379436.0
1802.0,2,2,2.0,22,3.6,9,9.7,21.12752,79.05955,Kavya Kulkarni,+91 975411 1052,"281, Church Street, Gandhibagh",322060.0
2917.0,4,4,1.5,23,4.3,9,45.1,21.18462,79.08975,Suman Joshi,+91 863343 1091,"780, College Road, Ramdaspeth",398890.0
400.0,1,1,2.5,20,19.3,1,75.9,21.19291,79.26778,Arjun Gupta,+91 724477 6390,"690, Lake View Lane, Trimurti Nagar",40000.0
499.0,1,1,2.5,27,3.6,7,94.3,21.12037,79.10963,Aarav Patel,+91 733350 8135,"200, Station Road, Civil Lines",113871.0
1447.0,5,5,1.0,22,1.3,9,52.1,21.14636,79.07569,Aarav Deshmukh,+91 785527 5048,"189, Church Street, Civil Lines",249080.0
1809.0,4,4,3.5,54,7.6,10,35.5,21.09955,79.03455,Ishaan Iyer,+91 782737 5392,"982, Hill Top Road, Pratap Nagar",315495.0
2249.0,1,1,3.0,27,0.5,4,4.5,21.14613,79.08338,Riya Verma,+91 639219 4806,"889, Park Avenue, Manish Nagar",352769.0
2108.0,3,3,1.5,60,23.3,8,58.4,21.00288,78.92283,Neha Bose,+91 614243 9604,"257, Ring Road, Civil Lines",267215.0
1550.0,1,1,1.5,48,16.6,5,38.0,21.03876,78.97624,Diya Chauhan,+91 974659 6592,"482, Church Street, Civil Lines",253719.0
2462.0,4,4,1.0,51,10.5,2,90.9,21.15475,79.18946,Vikram Nair,+91 677392 9023,"861, Hill Top Road, Sadar",330973.0
2470.0,4,4,3.0,46,19.9,4,48.0,21.10861,78.90019,Diya Nair,+91 734745 1031,"246, MG Road, Manish Nagar",369028.0
1920.0,2,2,1.0,73,4.9,3,76.5,21.14522,79.04132,Riya Nair,+91 910211 3296,"661, Civil Lines, Sitabuldi",266843.0
2426.0,2,2,3.0,20,14.2,10,84.8,21.2182,79.20117,Suman Patel,+91 666046 9427,"371, Hill Top Road, Dharampeth",351107.0
1977.0,2,2,3.0,78,5.2,2,9.8,21.09916,79.08691,Rohan Verma,+91 918303 9403,"881, Hill Top Road, Manish Nagar",273643.0
1435.0,2,2,2.0,16,41.8,2,44.1,21.52086,79.12402,Aditya Reddy,+91 770977 7182,"284, Green Valley Road, Laxmi Nagar",153100.0
2254.0,2,2,2.5,11,6.1,6,89.4,21.16422,79.14358,Kabir Iyer,+91 710118 0609,"433, Civil Lines, Laxmi Nagar",347720.0
1872.0,2,2,3.5,66,6.8,6,42.4,21.08764,79.10984,Ishaan Patel,+91 855084 1790,"700, Park Avenue, Trimurti Nagar",262212.0
1801.0,3,3,3.0,71,5.9,6,56.5,21.1058,79.12607,Sanjay Sharma,+91 926076 5340,"671, Green Valley Road, Wardha Road",312289.0
2757.0,5,5,1.0,7,7.8,2,87.3,21.21589,79.0926,Anjali Chauhan,+91 776575 4898,"110, Hill Top Road, Laxmi Nagar",369157.0
400.0,4,4,1.5,47,28.9,5,23.3,20.90546,78.98155,Meera Chauhan,+91 653148 8156,"88, Lake View Lane, Pratap Nagar",83250.0
879.0,2,2,2.5,41,1.1,10,89.5,21.14612,79.09912,Ishaan Reddy,+91 968040 7548,"852, Lake View Lane, Civil Lines",171847.0
1028.0,5,5,1.5,17,1.6,1,39.7,21.13202,79.08549,Pooja Mehta,+91 683890 7176,"761, Church Street, Wardha Road",190443.0
1564.0,2,2,1.5,41,5.9,8,59.3,21.15736,79.03306,Ritu Patel,+91 985263 0183,"149, Station Road, Ramdaspeth",301188.0
1635.0,5,5,3.5,54,6.2,2,32.8,21.09234,79.10387,Diya Chauhan,+91 710071 8529,"648, MG Road, Sadar",255609.0
820.0,2,2,2.5,45,3.6,3,52.7,21.16597,79.06102,Rahul Agarwal,+91 843667 6942,"282, Market Street, Laxmi Nagar",137890.0
1160.0,3,3,2.5,41,1.0,9,4.9,21.1533,79.08228,Riya Patel,+91 912782 0770,"406, Civil Lines, Trimurti Nagar",227969.0
1240.0,2,2,1.5,70,12.1,3,6.5,21.05368,79.15157,Kavya Gupta,+91 913415 4791,"626, Sunrise Boulevard, Hingna Road",179228.0
3397.0,4,4,1.0,18,2.3,6,41.5,21.15068,79.10934,Ananya Reddy,+91 648083 7691,"638, College Road, Pratap Nagar",492573.0
2971.0,2,2,1.5,49,12.8,4,33.5,21.25189,79.1356,Arjun Verma,+91 985775 4859,"354, Civil Lines, Dharampeth",362368.0
1532.0,5,5,2.5,25,35.3,7,61.6,21.31263,78.79782,Arjun Iyer,+91 866527 2674,"830, Sunrise Boulevard, Sitabuldi",212168.0
1564.0,1,1,1.0,77,20.0,5,3.8,21.04324,78.92929,Ananya Kulkarni,+91 791239 5294,"510, Civil Lines, Gandhibagh",213545.0
1053.0,3,3,2.0,20,1.8,5,16.8,21.14633,79.10577,Vikram Kulkarni,+91 729190 5599,"812, Sunrise Boulevard, Civil Lines",241393.0
560.0,1,1,1.5,69,2.3,9,21.0,21.13627,79.06818,Sanjay Sharma,+91 989858 7380,"568, MG Road, Civil Lines",129242.0
1724.0,5,5,2.5,50,3.1,6,44.0,21.16535,79.0663,Aditya Iyer,+91 611502 2202,"356, Sunrise Boulevard, Trimurti Nagar",294291.0
1151.0,3,3,2.5,17,10.8,6,24.7,21.07495,79.01686,Vivaan Agarwal,+91 827531 5362,"259, Station Road, Sitabuldi",208584.0
1745.0,4,4,1.5,60,12.5,9,13.8,21.08388,79.18855,Neha Chauhan,+91 890866 8475,"14, Station Road, Pratap Nagar",271081.0
760.0,5,5,2.5,19,0.5,5,59.8,21.14744,79.0837,Vikram Joshi,+91 865937 1072,"534, Church Street, Hingna Road",164380.0
1305.0,3,3,1.0,20,4.3,9,74.4,21.13276,79.04905,Meera Deshmukh,+91 706664 8013,"556, Ring Road, Pratap Nagar",194367.0
1897.0,1,1,1.0,27,17.2,8,68.5,21.18167,78.9267,Sanjay Gupta,+91 897599 1591,"938, Station Road, Hingna Road",241611.0
2038.0,2,2,3.0,54,7.0,9,27.6,21.18845,79.13781,Amit Chauhan,+91 813926 2780,"260, Ring Road, Sadar",342427.0
2071.0,2,2,3.0,31,7.1,5,85.4,21.08419,79.10654,Rahul Rao,+91 935163 0602,"3, Market Street, Trimurti Nagar",286272.0
942.0,5,5,2.5,45,2.3,6,61.2,21.13232,79.10463,Kavya Kulkarni,+91 910483 2893,"893, Green Valley Road, Civil Lines",188359.0
2356.0,5,5,3.5,44,4.2,2,61.5,21.11061,79.10354,Vivaan Gupta,+91 907696 9116,"596, Sunrise Boulevard, Dharampeth",342424.0
1280.0,3,3,2.0,15,9.5,2,21.3,21.11799,79.17545,Rohan Patel,+91 673430 8995,"50, Market Street, Laxmi Nagar",247570.0
2211.0,5,5,1.0,18,10.4,2,24.2,21.16445,78.99002,Amit Rao,+91 714611 9051,"320, Civil Lines, Civil Lines",311005.0
1793.0,2,2,3.5,24,16.1,7,47.5,21.02736,78.99874,Sai Rao,+91 906178 5193,"969, Ring Road, Hingna Road",283034.0
905.0,4,4,2.5,17,0.8,4,23.8,21.1522,79.09206,Amit Joshi,+91 871162 5513,"861, Hill Top Road, Ramdaspeth",203639.0
1594.0,2,2,2.5,73,8.3,3,68.8,21.13498,79.16722,Ananya Agarwal,+91 710908 4259,"553, MG Road, Hingna Road",212070.0
2037.0,2,2,2.0,30,6.7,7,30.9,21.11672,79.03194,Aarav Deshmukh,+91 860779 2833,"97, Hill Top Road, Ramdaspeth",322321.0
2198.0,2,2,1.5,32,1.2,4,15.2,21.15642,79.08736,Rahul Reddy,+91 765226 9253,"650, MG Road, Manish Nagar",334796.0
1708.0,3,3,3.5,53,5.6,2,15.2,21.09862,79.10655,Anjali Nair,+91 927744 4990,"61, Station Road, Dharampeth",286994.0
2796.0,2,2,2.5,63,5.6,6,12.7,21.11962,79.04174,Priya Verma,+91 883694 4632,"391, Church Street, Manish Nagar",396679.0
2455.0,2,2,2.5,55,1.0,6,44.0,21.14287,79.09779,Ishaan Deshmukh,+91 762620 1213,"405, College Road, Hingna Road",401424.0
1633.0,2,2,1.5,44,3.3,2,0.3,21.11664,79.09215,Diya Patel,+91 842530 3074,"776, Civil Lines, Hingna Road",253114.0
2288.0,1,1,3.0,78,20.6,3,54.2,21.01659,79.23073,Suman Verma,+91 651482 9411,"673, Civil Lines, Gandhibagh",226400.0
3057.0,5,5,1.0,71,17.0,3,29.8,21.10143,78.93057,Sai Rao,+91 949413 8968,"478, Civil Lines, Trimurti Nagar",415670.0
3074.0,2,2,1.0,16,11.8,7,55.2,21.13421,78.97443,Vivaan Chauhan,+91 684808 5592,"7, Hill Top Road, Laxmi Nagar",433557.0
1002.0,1,1,3.5,12,3.3,3,93.5,21.11654,79.08965,Vikram Iyer,+91 616704 3881,"19, Park Avenue, Trimurti Nagar",168937.0
1198.0,3,3,1.5,31,5.1,1,86.9,21.17378,79.12687,Kabir Patel,+91 657298 1058,"810, MG Road, Pratap Nagar",169704.0
2765.0,5,5,2.0,66,26.0,3,57.6,21.2237,79.3247,Aarav Patel,+91 667710 0998,"651, Market Street, Sadar",294544.0
1112.0,2,2,3.0,77,19.5,5,41.8,21.12784,79.27554,Rahul Agarwal,+91 608974 0326,"336, Green Valley Road, Civil Lines",103056.0
940.0,5,5,3.0,56,14.0,8,69.8,21.08229,79.20552,Ananya Mehta,+91 684037 6033,"750, Hill Top Road, Trimurti Nagar",220309.0
1484.0,4,4,2.0,55,3.4,1,92.3,21.13737,79.11979,Ishaan Rao,+91 703815 6635,"919, Ring Road, Wardha Road",196007.0
2073.0,4,4,3.5,18,1.5,9,49.0,21.15107,79.10189,Vivaan Chauhan,+91 976821 9745,"14, College Road, Manish Nagar",387525.0
1733.0,2,2,3.5,47,1.3,4,9.9,21.15763,79.08665,Rohan Verma,+91 698857 5460,"904, MG Road, Gandhibagh",243581.0
1377.0,1,1,3.0,14,0.5,4,76.6,21.14319,79.09213,Ishaan Mehta,+91 883563 3108,"248, Station Road, Manish Nagar",198371.0
1362.0,2,2,1.0,43,6.1,1,1.0,21.17486,79.13765,Aarav Iyer,+91 956183 4571,"763, Civil Lines, Dharampeth",224120.0
1337.0,5,5,3.5,15,7.1,3,76.5,21.16499,79.02288,Ananya Gupta,+91 991629 5992,"589, Station Road, Wardha Road",235351.0
1228.0,4,4,1.5,6,22.1,5,8.5,21.31302,78.97237,Sanjay Chauhan,+91 721701 9641,"736, Market Street, Civil Lines",228592.0
3283.0,4,4,3.0,77,7.5,7,10.7,21.09943,79.14104,Diya Bose,+91 688073 6207,"118, MG Road, Dharampeth",469374.0
1993.0,5,5,1.0,71,1.9,8,78.2,21.14385,79.06983,Aarav Agarwal,+91 786145 7786,"600, Hill Top Road, Sitabuldi",299708.0
2376.0,2,2,1.0,54,12.2,6,69.0,21.25184,79.05872,Anjali Patel,+91 898270 7225,"965, College Road, Dharampeth",294146.0
1482.0,2,2,1.0,50,2.1,2,56.2,21.14297,79.06847,Sneha Kulkarni,+91 936565 2695,"793, MG Road, Trimurti Nagar",180615.0
1679.0,5,5,2.5,19,17.4,4,82.1,21.24737,79.21579,Suman Iyer,+91 667015 3697,"797, Civil Lines, Manish Nagar",290083.0
1336.0,3,3,1.5,45,0.5,8,85.1,21.14133,79.08763,Meera Iyer,+91 723107 6174,"178, MG Road, Laxmi Nagar",265328.0
400.0,2,2,1.5,59,2.4,7,45.8,21.1314,79.07141,Neha Patel,+91 887242 9585,"276, Civil Lines, Dharampeth",78770.0
904.0,2,2,2.0,43,32.2,6,99.6,20.97409,78.83715,Kavya Joshi,+91 851962 8206,"816, Ring Road, Manish Nagar",71529.0
623.0,5,5,3.0,22,3.4,6,35.8,21.15746,79.05782,Aarav Agarwal,+91 775722 3220,"403, Sunrise Boulevard, Gandhibagh",171441.0
400.0,1,1,2.0,31,0.5,6,17.2,21.15013,79.08687,Diya Gupta,+91 925349 0805,"565, Lake View Lane, Wardha Road",131108.0
1023.0,1,1,2.5,67,2.9,10,84.6,21.15639,79.11427,Priya Joshi,+91 914805 4463,"168, Ring Road, Ramdaspeth",167808.0
2661.0,4,4,2.5,20,3.7,6,41.6,21.13483,79.12223,Sai Mehta,+91 772349 5810,"781, MG Road, Trimurti Nagar",424580.0
1771.0,1,1,2.0,76,2.2,6,87.4,21.15561,79.07001,Pooja Mehta,+91 859221 9063,"445, Hill Top Road, Sitabuldi",235780.0
2639.0,1,1,2.5,60,10.0,4,6.1,21.14811,78.99155,Ritu Gupta,+91 747405 0898,"493, MG Road, Gandhibagh",354641.0
2067.0,5,5,2.0,71,6.1,5,11.1,21.18471,79.04608,Neha Sharma,+91 844587 4847,"951, Hill Top Road, Trimurti Nagar",382450.0
2309.0,3,3,1.5,40,8.9,8,4.0,21.13969,79.17402,Vikram Agarwal,+91 724826 2436,"630, Ring Road, Sitabuldi",345461.0
1214.0,4,4,1.0,17,8.5,9,60.2,21.07208,79.1118,Kabir Joshi,+91 778319 3638,"440, Market Street, Dharampeth",270287.0
2141.0,3,3,3.5,2,0.5,8,83.2,21.14835,79.09218,Ritu Kulkarni,+91 700347 4208,"341, Park Avenue, Trimurti Nagar",393025.0
2274.0,1,1,2.5,42,1.8,7,40.3,21.13547,79.0745,Rahul Rao,+91 659322 4117,"601, Civil Lines, Gandhibagh",351567.0
1425.0,1,1,1.0,31,16.1,8,9.1,21.15977,78.93358,Amit Iyer,+91 865445 2707,"424, Lake View Lane, Laxmi Nagar",175246.0
2164.0,4,4,1.0,9,17.2,1,37.3,20.99613,79.13303,Riya Gupta,+91 975288 9060,"226, MG Road, Trimurti Nagar",304300.0
2168.0,1,1,3.0,74,5.4,3,34.8,21.14498,79.14004,Sanjay Mehta,+91 700778 6517,"365, College Road, Laxmi Nagar",277952.0
1443.0,3,3,1.0,77,3.8,3,64.3,21.11149,79.08688,Kavya Agarwal,+91 993655 7289,"287, College Road, Pratap Nagar",199255.0
1070.0,2,2,1.5,29,4.3,7,65.2,21.11696,79.11543,Suman Reddy,+91 715033 6337,"740, Market Street, Ramdaspeth",163347.0
1030.0,2,2,3.5,53,4.3,8,10.3,21.14516,79.04648,Sneha Sharma,+91 670371 5466,"502, Lake View Lane, Gandhibagh",227664.0
1856.0,5,5,2.5,33,19.9,2,42.0,21.27345,78.95372,Priya Patel,+91 754734 4366,"201, Sunrise Boulevard, Sadar",294410.0
2013.0,4,4,2.0,39,0.5,2,64.3,21.14227,79.0852,Kabir Joshi,+91 784739 9575,"150, Station Road, Gandhibagh",330869.0
1285.0,4,4,3.5,49,7.2,5,25.9,21.08134,79.08795,Anjali Gupta,+91 619742 6482,"929, Lake View Lane, Laxmi Nagar",223690.0
1817.0,2,2,1.0,33,3.3,10,40.7,21.17533,79.0927,Vivaan Agarwal,+91 751731 5539,"888, Ring Road, Wardha Road",271881.0
2171.0,2,2,2.0,64,16.7,1,61.4,21.1426,78.9272,Vivaan Reddy,+91 603292 2522,"828, Lake View Lane, Laxmi Nagar",268306.0
2202.0,4,4,3.5,15,9.7,9,40.3,21.20301,79.15885,Aarav Rao,+91 925748 2870,"734, Civil Lines, Sadar",412585.0
2809.0,1,1,2.0,53,4.7,2,3.1,21.18742,79.09778,Aditya Gupta,+91 869624 8345,"861, Green Valley Road, Sadar",381696.0
2630.0,2,2,1.5,78,10.0,3,22.3,21.08464,79.15968,Kabir Nair,+91 789744 6043,"646, Lake View Lane, Ramdaspeth",350545.0
1149.0,4,4,3.0,68,31.4,7,77.6,21.36892,79.27441,Neha Kulkarni,+91 698264 8467,"913, Sunrise Boulevard, Dharampeth",145872.0
2894.0,4,4,3.0,3,3.0,8,24.9,21.12057,79.09918,Arjun Deshmukh,+91 887273 7948,"917, Green Valley Road, Civil Lines",455095.0
1455.0,1,1,1.5,9,8.5,9,81.8,21.20076,79.03102,Priya Deshmukh,+91 814873 5181,"436, Civil Lines, Civil Lines",250120.0
2479.0,4,4,1.5,50,21.7,1,46.7,20.97878,78.98004,Priya Rao,+91 754640 6860,"249, Park Avenue, Manish Nagar",310022.0
1844.0,3,3,3.5,73,12.8,1,47.3,21.0841,79.19291,Priya Nair,+91 912218 7798,"891, Sunrise Boulevard, Trimurti Nagar",254758.0
1532.0,2,2,1.0,67,0.9,5,77.1,21.138,79.08984,Vivaan Reddy,+91 610797 8641,"825, Ring Road, Civil Lines",228984.0
625.0,4,4,3.0,72,12.2,6,38.3,21.04827,79.14226,Kavya Bose,+91 962286 4774,"444, Station Road, Sitabuldi",139336.0
1688.0,5,5,1.0,11,8.0,3,23.8,21.21789,79.08278,Sai Deshmukh,+91 790441 7177,"907, Park Avenue, Hingna Road",297779.0
786.0,3,3,3.0,41,16.1,7,10.5,21.25653,78.98786,Kavya Chauhan,+91 742971 7162,"102, Market Street, Civil Lines",143401.0
2429.0,2,2,3.5,58,4.9,3,67.2,21.10147,79.08304,Vivaan Deshmukh,+91 768777 7987,"820, Green Valley Road, Ramdaspeth",307672.0
2786.0,2,2,2.0,49,5.4,10,47.0,21.09794,79.09707,Pooja Verma,+91 742366 4475,"50, Sunrise Boulevard, Pratap Nagar",405592.0
1282.0,3,3,1.0,62,12.7,2,80.9,21.03539,79.11864,Amit Gupta,+91 601337 4400,"103, Civil Lines, Ramdaspeth",160270.0
1996.0,1,1,2.0,17,3.0,7,45.8,21.11904,79.08641,Ananya Nair,+91 898049 7048,"64, MG Road, Civil Lines",298120.0
1328.0,3,3,3.0,36,6.7,6,41.5,21.20578,79.09566,Ananya Reddy,+91 725318 2536,"80, Hill Top Road, Pratap Nagar",239862.0
1391.0,1,1,3.5,35,17.5,2,29.9,21.29899,79.04703,Sai Chauhan,+91 875122 6616,"188, Ring Road, Laxmi Nagar",218170.0
2303.0,1,1,1.5,75,0.6,7,19.9,21.14398,79.09331,Suman Rao,+91 844807 5221,"362, Civil Lines, Gandhibagh",359099.0
1775.0,3,3,2.5,16,8.5,2,83.0,21.12048,79.01107,Rahul Gupta,+91 966239 7515,"360, Green Valley Road, Manish Nagar",293997.0
2931.0,4,4,3.5,26,30.0,6,9.5,20.87556,79.0963,Neha Joshi,+91 638199 7559,"421, Sunrise Boulevard, Dharampeth",378475.0
1487.0,5,5,1.0,1,6.4,7,90.2,21.11214,79.038,Sneha Iyer,+91 788147 1635,"978, Lake View Lane, Manish Nagar",233216.0
2450.0,1,1,3.0,12,11.6,1,2.7,21.09791,79.18819,Vivaan Verma,+91 898370 7192,"511, Market Street, Pratap Nagar",339320.0
1863.0,2,2,1.5,78,24.3,3,52.2,20.98496,79.24767,Sanjay Bose,+91 666281 9542,"241, Ring Road, Laxmi Nagar",213057.0
2317.0,3,3,3.0,67,3.2,3,5.8,21.17425,79.08602,Riya Bose,+91 806789 2595,"138, Hill Top Road, Dharampeth",336370.0
1509.0,3,3,1.5,20,0.5,10,78.0,21.14281,79.09182,Sai Deshmukh,+91 777931 9416,"912, Civil Lines, Sadar",257119.0
1768.0,5,5,1.0,56,0.5,3,21.1,21.15008,79.08671,Rahul Reddy,+91 987390 8123,"276, Green Valley Road, Sitabuldi",277722.0
1725.0,4,4,2.0,47,2.7,10,56.6,21.15472,79.06361,Aarav Agarwal,+91 940711 0907,"809, Green Valley Road, Sadar",309849.0
1257.0,3,3,2.0,72,34.2,6,91.6,20.89824,79.28421,Neha Reddy,+91 968494 1940,"789, Civil Lines, Civil Lines",100984.0
2230.0,1,1,1.0,24,3.2,10,64.9,21.17125,79.07451,Ritu Chauhan,+91 863817 8156,"860, College Road, Manish Nagar",394813.0
2223.0,1,1,2.5,79,22.9,9,17.8,21.34507,79.03224,Vikram Chauhan,+91 892443 9618,"147, Church Street, Sitabuldi",293846.0
2186.0,1,1,1.0,29,3.0,3,79.7,21.12193,79.07385,Vivaan Patel,+91 918468 8140,"784, Church Street, Trimurti Nagar",318216.0
2799.0,4,4,3.0,57,11.4,6,44.1,21.14559,79.19837,Riya Reddy,+91 964964 1281,"781, Market Street, Laxmi Nagar",383901.0
2742.0,2,2,1.0,31,0.5,8,1.3,21.1491,79.09148,Rahul Kulkarni,+91 886540 2542,"972, Market Street, Wardha Road",434546.0
1556.0,2,2,2.0,53,6.6,1,48.7,21.08924,79.06894,Kavya Gupta,+91 984371 0303,"707, Ring Road, Wardha Road",216363.0
2042.0,4,4,3.5,26,4.9,7,81.2,21.13831,79.04125,Sai Agarwal,+91 916022 5477,"120, Church Street, Laxmi Nagar",350706.0
1395.0,5,5,1.5,67,0.5,5,43.0,21.1482,79.08411,Rahul Kulkarni,+91 630935 9653,"458, Hill Top Road, Trimurti Nagar",234443.0
1815.0,3,3,1.5,50,14.2,1,75.8,21.01776,79.08808,Priya Gupta,+91 881430 2107,"479, Market Street, Laxmi Nagar",266984.0
1410.0,5,5,3.0,23,6.2,9,70.6,21.12696,79.0319,Ritu Deshmukh,+91 778046 4041,"473, Market Street, Laxmi Nagar",233077.0
2853.0,4,4,1.0,76,1.8,3,45.7,21.13048,79.09329,Pooja Sharma,+91 907029 9043,"343, Lake View Lane, Dharampeth",410404.0
2036.0,4,4,3.0,56,8.2,9,32.3,21.0722,79.08515,Anjali Iyer,+91 866042 9206,"800, Lake View Lane, Laxmi Nagar",333805.0
1658.0,5,5,2.0,34,10.1,3,72.7,21.13731,79.18522,Priya Patel,+91 988172 1588,"284, Green Valley Road, Sadar",228448.0
2576.0,1,1,3.5,10,2.1,6,36.9,21.12858,79.09563,Rahul Sharma,+91 764521 4107,"444, Lake View Lane, Sitabuldi",442283.0
400.0,4,4,1.5,77,1.5,4,17.0,21.15143,79.10174,Ishaan Deshmukh,+91 987946 2416,"446, Market Street, Wardha Road",156002.0
491.0,5,5,1.5,60,8.0,9,32.1,21.07488,79.1025,Vikram Patel,+91 645804 3767,"642, Ring Road, Pratap Nagar",90904.0
2317.0,5,5,3.0,53,15.0,10,87.7,21.0367,79.00288,Vikram Kulkarni,+91 982338 4729,"480, Church Street, Laxmi Nagar",351326.0
1839.0,3,3,3.0,66,13.5,8,28.3,21.21066,79.1981,Vikram Verma,+91 649402 4173,"969, Market Street, Manish Nagar",299204.0
1963.0,4,4,3.5,48,4.9,9,23.5,21.11838,79.05054,Aarav Chauhan,+91 889026 8812,"984, College Road, Sitabuldi",348950.0
938.0,5,5,1.0,18,5.5,8,13.3,21.09655,79.08847,Priya Bose,+91 813637 3552,"464, Market Street, Ramdaspeth",258919.0
1785.0,5,5,2.5,18,7.0,3,5.5,21.20518,79.11014,Arjun Reddy,+91 802771 3880,"265, Green Valley Road, Ramdaspeth",341898.0
3102.0,5,5,2.0,6,0.5,10,97.7,21.14759,79.08377,Anjali Rao,+91 677130 6813,"760, Sunrise Boulevard, Sitabuldi",487819.0
2336.0,5,5,2.5,5,9.9,6,53.7,21.12217,78.99555,Kavya Mehta,+91 850220 6701,"910, Station Road, Civil Lines",430029.0
1910.0,2,2,1.5,58,9.4,4,73.0,21.1898,79.0105,Riya Joshi,+91 809550 0995,"886, MG Road, Hingna Road",274182.0
1515.0,4,4,2.5,68,21.4,2,77.3,21.01051,79.2351,Priya Sharma,+91 910853 0588,"167, Civil Lines, Laxmi Nagar",179443.0
1544.0,3,3,2.0,13,40.7,8,35.2,21.46573,79.27987,Aditya Bose,+91 770768 1877,"54, MG Road, Trimurti Nagar",201360.0
416.0,5,5,1.5,45,3.3,3,79.9,21.11669,79.09245,Riya Bose,+91 918021 2699,"664, Lake View Lane, Sadar",137174.0
1967.0,5,5,2.5,9,2.8,7,96.1,21.1211,79.09292,Riya Rao,+91 819171 8385,"300, Church Street, Hingna Road",309607.0
2350.0,5,5,1.5,33,4.3,1,74.2,21.15821,79.04892,Diya Joshi,+91 954256 1148,"305, Civil Lines, Wardha Road",325014.0
776.0,3,3,1.0,63,1.8,7,71.2,21.14187,79.07158,Sneha Patel,+91 934923 8512,"30, Sunrise Boulevard, Ramdaspeth",139007.0
1370.0,3,3,1.0,64,1.5,7,43.2,21.15711,79.0966,Diya Deshmukh,+91 798946 1750,"959, Lake View Lane, Dharampeth",234924.0
1048.0,1,1,2.5,75,5.3,6,84.1,21.19049,79.1054,Sneha Rao,+91 784984 0122,"2, Hill Top Road, Pratap Nagar",144447.0
1173.0,4,4,1.0,24,14.1,7,8.9,21.12067,78.95457,Ananya Reddy,+91 939617 0062,"634, Hill Top Road, Trimurti Nagar",186767.0
1835.0,3,3,2.0,75,13.6,10,75.0,21.26672,79.109,Vikram Reddy,+91 948319 2611,"924, Civil Lines, Civil Lines",292015.0
445.0,3,3,2.0,62,3.2,9,36.2,21.11914,79.09879,Anjali Verma,+91 978093 9570,"65, Civil Lines, Ramdaspeth",120457.0
2199.0,4,4,3.0,27,0.5,5,56.6,21.1428,79.0846,Neha Deshmukh,+91 819181 6347,"615, Ring Road, Wardha Road",402702.0
2290.0,5,5,1.0,26,0.9,9,89.3,21.14866,79.09645,Aarav Sharma,+91 813532 0601,"922, Park Avenue, Wardha Road",373006.0
1637.0,1,1,2.0,8,1.6,10,60.5,21.15683,79.07868,Rahul Joshi,+91 627130 5113,"410, Park Avenue, Trimurti Nagar",315088.0
400.0,3,3,1.0,73,8.8,2,2.6,21.08453,79.14146,Ritu Agarwal,+91 720454 4923,"294, Park Avenue, Dharampeth",99616.0
1152.0,4,4,2.0,16,3.3,4,72.3,21.17551,79.08265,Amit Sharma,+91 650956 3685,"703, Station Road, Wardha Road",243838.0
2601.0,5,5,2.0,21,17.2,8,92.9,20.99389,79.05683,Ananya Patel,+91 926866 4174,"926, Civil Lines, Sadar",390499.0
400.0,4,4,3.0,33,6.9,6,64.2,21.18053,79.1439,Meera Deshmukh,+91 624055 3753,"558, Park Avenue, Sadar",129424.0
1574.0,4,4,2.0,11,1.1,2,86.1,21.14158,79.0979,Ananya Agarwal,+91 971516 0804,"14, Park Avenue, Sadar",281579.0
1033.0,5,5,3.0,64,0.5,5,82.5,21.14721,79.08361,Vikram Verma,+91 964228 1720,"684, Hill Top Road, Trimurti Nagar",254824.0
2323.0,5,5,1.0,55,7.6,4,86.1,21.14942,79.01507,Amit Gupta,+91 740772 7760,"219, Civil Lines, Gandhibagh",314720.0
1361.0,4,4,1.0,12,0.5,8,34.4,21.14389,79.08383,Sneha Mehta,+91 811835 4917,"988, Market Street, Laxmi Nagar",288271.0
2063.0,2,2,1.0,13,4.0,6,47.4,21.1729,79.06308,Diya Joshi,+91 819524 7403,"278, Market Street, Hingna Road",316124.0
2168.0,3,3,2.0,1,2.4,2,84.8,21.12402,79.08454,Rohan Rao,+91 893410 2853,"636, Market Street, Pratap Nagar",333171.0
2994.0,4,4,1.5,75,4.6,1,91.0,21.14961,79.13271,Riya Gupta,+91 858938 8082,"687, Park Avenue, Sadar",378087.0
1668.0,1,1,1.0,34,5.1,3,14.7,21.18499,79.11405,Ananya Joshi,+91 778538 4763,"445, Ring Road, Dharampeth",192395.0
2044.0,4,4,1.5,52,10.4,2,18.2,21.23306,79.12605,Anjali Sharma,+91 852062 5161,"797, Station Road, Sitabuldi",289167.0
835.0,3,3,3.5,11,2.1,9,34.7,21.13188,79.0751,Vivaan Chauhan,+91 921966 4804,"895, Hill Top Road, Ramdaspeth",239314.0
2574.0,5,5,3.5,18,29.7,3,77.0,20.97587,79.31014,Pooja Joshi,+91 706971 7235,"629, Market Street, Manish Nagar",324752.0
1306.0,2,2,1.5,43,11.4,7,87.5,21.18585,79.18981,Vikram Iyer,+91 741517 0897,"753, Sunrise Boulevard, Trimurti Nagar",213523.0
1436.0,5,5,3.5,16,3.6,2,58.0,21.11999,79.10897,Kavya Iyer,+91 764558 1552,"62, Market Street, Sadar",262096.0
1786.0,3,3,1.5,49,0.5,5,11.3,21.14172,79.09024,Suman Iyer,+91 944041 3279,"242, MG Road, Sadar",285613.0
784.0,3,3,2.5,73,3.2,10,30.4,21.15898,79.11526,Amit Nair,+91 912143 4089,"433, MG Road, Gandhibagh",197921.0
1949.0,4,4,1.0,24,9.8,7,85.7,21.21501,79.1471,Vivaan Patel,+91 794606 6770,"131, Ring Road, Wardha Road",310720.0
2429.0,3,3,2.5,48,2.3,3,34.8,21.16226,79.07537,Diya Mehta,+91 944457 5265,"493, Sunrise Boulevard, Ramdaspeth",364245.0
1990.0,5,5,3.0,73,1.6,8,10.3,21.15538,79.0999,Pooja Patel,+91 916583 8591,"74, Church Street, Pratap Nagar",365247.0
767.0,1,1,3.0,71,13.3,6,30.2,21.02603,79.09489,Vikram Reddy,+91 712856 0339,"359, Lake View Lane, Hingna Road",130108.0
1720.0,4,4,2.5,0,11.9,3,80.7,21.14305,78.97304,Ishaan Chauhan,+91 918372 0611,"62, Lake View Lane, Gandhibagh",226024.0
2282.0,5,5,2.5,8,22.6,10,49.3,21.2541,78.90327,Rohan Joshi,+91 992932 4296,"419, Hill Top Road, Trimurti Nagar",352461.0
579.0,2,2,3.0,78,1.8,10,17.2,21.12978,79.08547,Ritu Chauhan,+91 970254 9724,"406, Sunrise Boulevard, Wardha Road",105162.0
1101.0,2,2,1.0,74,10.2,6,31.3,21.23457,79.06191,Vivaan Mehta,+91 774572 0425,"482, Ring Road, Gandhibagh",181260.0
2370.0,3,3,2.5,25,2.1,1,95.4,21.13215,79.10221,Ritu Deshmukh,+91 687758 9712,"989, MG Road, Laxmi Nagar",350625.0
1976.0,4,4,1.5,41,17.5,5,43.2,21.01625,78.99248,Kavya Verma,+91 690563 7022,"553, Lake View Lane, Hingna Road",307056.0
2068.0,5,5,3.0,45,19.9,6,44.2,21.29342,78.97843,Sanjay Rao,+91 914494 7003,"148, Church Street, Trimurti Nagar",321511.0
3009.0,4,4,2.5,53,9.1,10,15.3,21.12554,79.00332,Kabir Iyer,+91 839448 8742,"630, Station Road, Dharampeth",479054.0
2105.0,4,4,2.0,60,0.5,8,30.5,21.1503,79.08791,Ananya Sharma,+91 800814 5505,"978, Ring Road, Gandhibagh",301573.0
2228.0,3,3,2.0,29,6.4,3,81.5,21.14039,79.14946,Amit Verma,+91 623844 0957,"210, Lake View Lane, Sadar",309645.0
3562.0,4,4,1.0,71,0.8,6,78.6,21.1488,79.08068,Ishaan Patel,+91 942208 5371,"81, Market Street, Dharampeth",442525.0
1661.0,2,2,1.5,4,0.6,2,43.5,21.14256,79.09278,Aditya Sharma,+91 644977 2590,"900, Station Road, Manish Nagar",256051.0
1281.0,3,3,3.0,2,1.6,5,89.4,21.14386,79.10315,Riya Nair,+91 863747 2886,"172, Lake View Lane, Dharampeth",273581.0
2078.0,1,1,1.0,76,12.6,6,38.0,21.12042,78.96924,Aarav Sharma,+91 941237 9691,"827, Ring Road, Sadar",293650.0
2085.0,1,1,1.0,14,4.6,6,86.4,21.10469,79.08263,Ritu Agarwal,+91 675169 4236,"428, Hill Top Road, Manish Nagar",312267.0
1458.0,5,5,1.0,79,23.1,5,3.2,21.05468,78.88797,Rahul Joshi,+91 862670 3276,"786, Market Street, Ramdaspeth",206754.0
1129.0,5,5,3.5,22,8.7,5,34.7,21.18829,79.15845,Amit Bose,+91 952499 1472,"712, Station Road, Sadar",205376.0
3301.0,3,3,1.0,29,2.4,8,85.5,21.13949,79.11016,Kavya Verma,+91 794396 0196,"805, Green Valley Road, Laxmi Nagar",468135.0
2012.0,1,1,3.5,2,13.4,6,90.1,21.17823,78.96376,Riya Verma,+91 689799 4689,"760, Church Street, Civil Lines",318639.0
1324.0,1,1,2.0,75,1.8,1,75.6,21.13605,79.10151,Ritu Chauhan,+91 788348 1179,"525, Hill Top Road, Civil Lines",176500.0
2395.0,1,1,3.0,28,1.4,8,67.0,21.13556,79.0808,Aarav Iyer,+91 948359 3897,"244, Hill Top Road, Pratap Nagar",319888.0
1729.0,4,4,2.0,13,2.9,7,81.6,21.16207,79.11063,Kabir Deshmukh,+91 809424 4361,"952, Lake View Lane, Hingna Road",295264.0
1636.0,2,2,1.0,38,17.7,7,70.8,21.2251,78.94011,Rahul Patel,+91 762794 8385,"189, Green Valley Road, Ramdaspeth",176357.0
2165.0,2,2,2.5,12,45.8,8,25.4,21.53474,79.23583,Aditya Sharma,+91 851675 1668,"366, Market Street, Sitabuldi",299629.0
960.0,5,5,2.0,63,0.5,2,46.6,21.14975,79.09053,Kabir Rao,+91 692291 9141,"281, Lake View Lane, Gandhibagh",160190.0
2029.0,5,5,1.5,5,7.2,10,66.1,21.0821,79.07297,Aarav Joshi,+91 795800 5057,"420, Station Road, Dharampeth",318262.0
3043.0,4,4,2.5,39,3.5,10,58.8,21.15177,79.12171,Vivaan Verma,+91 947121 4351,"249, Hill Top Road, Trimurti Nagar",481229.0
2103.0,2,2,1.0,31,15.3,2,88.5,21.11664,79.23296,Priya Sharma,+91 747072 8840,"815, MG Road, Sadar",273271.0
1555.0,3,3,3.0,2,11.3,3,47.4,21.17741,78.98408,Sneha Gupta,+91 936368 9392,"437, Green Valley Road, Dharampeth",259976.0
1470.0,2,2,3.5,4,1.0,3,17.8,21.14636,79.07885,Aditya Verma,+91 891560 4284,"868, Civil Lines, Sadar",321764.0
1533.0,5,5,1.0,41,3.6,10,21.5,21.17665,79.07758,Suman Bose,+91 910004 3234,"31, Green Valley Road, Wardha Road",306385.0
1635.0,1,1,2.0,31,0.5,10,84.6,21.14811,79.09235,Vikram Bose,+91 854933 4075,"449, Church Street, Sitabuldi",249055.0
1554.0,4,4,2.0,10,1.4,3,0.9,21.13914,79.07667,Sneha Sharma,+91 733593 4137,"584, Sunrise Boulevard, Hingna Road",299179.0
2396.0,3,3,1.0,11,7.5,7,86.9,21.20209,79.04732,Vivaan Nair,+91 978495 1143,"847, Church Street, Laxmi Nagar",342318.0
673.0,4,4,2.0,64,7.3,3,5.6,21.09969,79.03819,Kavya Iyer,+91 710672 2518,"730, Green Valley Road, Dharampeth",172929.0
2360.0,3,3,1.5,58,22.2,1,39.2,21.07724,78.88706,Ritu Sharma,+91 753513 5986,"632, Church Street, Trimurti Nagar",295146.0
1553.0,1,1,1.5,48,5.3,3,80.0,21.19264,79.0988,Kabir Mehta,+91 839134 5649,"844, College Road, Gandhibagh",214811.0
2045.0,4,4,3.5,66,1.0,1,40.8,21.14794,79.07885,Kavya Agarwal,+91 946012 0868,"388, Station Road, Sadar",267781.0
1067.0,4,4,2.0,5,6.9,9,82.2,21.20399,79.06437,Meera Mehta,+91 631303 1269,"955, Ring Road, Manish Nagar",220401.0
2664.0,3,3,3.0,55,9.4,8,10.0,21.23037,79.09406,Rahul Chauhan,+91 929710 1768,"904, Church Street, Dharampeth",398284.0
2610.0,2,2,2.5,60,2.3,2,51.2,21.12548,79.09091,Ritu Mehta,+91 750987 9255,"907, Green Valley Road, Sadar",325559.0
2424.0,2,2,3.0,16,2.0,6,58.2,21.14712,79.10702,Ishaan Joshi,+91 729593 4915,"503, Sunrise Boulevard, Laxmi Nagar",364407.0
815.0,3,3,3.0,42,8.7,3,89.1,21.22321,79.07831,Vivaan Bose,+91 677760 2753,"94, Civil Lines, Sitabuldi",146487.0
2339.0,2,2,2.5,61,0.5,6,9.4,21.14493,79.08346,Aditya Kulkarni,+91 683343 5993,"848, Lake View Lane, Civil Lines",353886.0
2063.0,2,2,2.0,48,21.1,9,33.9,21.17422,78.88639,Arjun Deshmukh,+91 838515 7467,"416, MG Road, Gandhibagh",256893.0
757.0,2,2,2.5,19,8.5,9,65.9,21.11768,79.16457,Ananya Deshmukh,+91 819012 0653,"811, Park Avenue, Sitabuldi",157581.0
1784.0,1,1,3.0,53,3.3,9,98.0,21.12078,79.1061,Anjali Sharma,+91 692856 9217,"56, College Road, Sitabuldi",252097.0
2037.0,5,5,2.0,60,3.8,3,84.8,21.11123,79.08857,Kavya Deshmukh,+91 961975 1955,"97, Park Avenue, Gandhibagh",298175.0
2161.0,2,2,2.5,0,2.5,2,84.6,21.14379,79.06395,Amit Deshmukh,+91 806873 1452,"349, Lake View Lane, Pratap Nagar",317348.0
1915.0,1,1,1.0,45,0.5,2,51.7,21.14775,79.08384,Meera Rao,+91 669124 1700,"870, Ring Road, Wardha Road",251035.0
1989.0,1,1,3.5,40,12.9,2,56.4,21.17223,79.20936,Ritu Joshi,+91 934717 1957,"31, Lake View Lane, Gandhibagh",252512.0
2758.0,5,5,2.0,29,1.9,7,85.9,21.13037,79.0962,Sai Agarwal,+91 607450 6998,"163, Park Avenue, Civil Lines",418147.0
2597.0,3,3,1.0,3,5.8,7,87.0,21.1678,79.03748,Rahul Patel,+91 872302 2609,"495, Lake View Lane, Pratap Nagar",404844.0
400.0,2,2,2.5,6,1.9,9,80.2,21.16147,79.08017,Arjun Rao,+91 876525 6868,"813, MG Road, Trimurti Nagar",141916.0
1594.0,3,3,2.5,60,10.9,1,81.9,21.08485,79.00571,Kabir Deshmukh,+91 944763 4563,"156, Green Valley Road, Wardha Road",242055.0
1693.0,1,1,1.5,66,3.3,3,88.0,21.11637,79.08902,Suman Gupta,+91 918312 8164,"755, Church Street, Ramdaspeth",242317.0
661.0,2,2,3.5,33,3.0,8,11.4,21.14194,79.05983,Aarav Gupta,+91 967237 9832,"489, Church Street, Sadar",213928.0
1861.0,2,2,3.5,75,5.6,7,29.3,21.18687,79.12037,Arjun Sharma,+91 696163 1132,"736, Market Street, Wardha Road",318157.0
2612.0,5,5,3.5,74,5.7,5,97.6,21.12154,79.13669,Diya Reddy,+91 771164 2002,"717, Market Street, Pratap Nagar",404558.0
1094.0,1,1,2.0,53,23.9,2,54.5,21.28598,79.2634,Ishaan Iyer,+91 725614 4140,"920, MG Road, Sadar",92836.0
2019.0,3,3,1.5,46,5.9,5,17.6,21.13574,79.14392,Vikram Bose,+91 737271 4958,"59, College Road, Sadar",324173.0
1205.0,4,4,1.5,77,1.4,2,50.3,21.15013,79.07591,Ananya Verma,+91 621427 3703,"600, MG Road, Gandhibagh",216468.0
1363.0,5,5,3.0,48,1.2,6,64.6,21.14229,79.09898,Neha Mehta,+91 626243 7360,"456, Civil Lines, Gandhibagh",284836.0
2760.0,3,3,1.5,74,21.7,10,82.8,21.04578,79.26862,Sai Sharma,+91 976113 9244,"338, Green Valley Road, Trimurti Nagar",334869.0
1447.0,2,2,3.0,78,21.9,2,81.2,21.25535,78.91237,Anjali Deshmukh,+91 924161 5355,"740, Civil Lines, Manish Nagar",176285.0
2100.0,2,2,3.0,15,4.2,2,4.9,21.10956,79.10083,Priya Rao,+91 866252 3257,"593, Station Road, Dharampeth",330095.0
584.0,2,2,1.0,52,7.4,8,45.4,21.18143,79.14859,Vikram Nair,+91 860035 2958,"444, Hill Top Road, Gandhibagh",169033.0
3011.0,4,4,3.5,58,1.9,1,2.1,21.15409,79.10373,Riya Bose,+91 790801 5560,"695, Park Avenue, Wardha Road",401023.0
2192.0,2,2,1.0,65,0.5,10,88.8,21.14934,79.08522,Ritu Deshmukh,+91 817531 2348,"574, Station Road, Dharampeth",296289.0
1681.0,4,4,2.0,27,3.1,8,17.4,21.12799,79.06506,Riya Verma,+91 944900 9942,"364, College Road, Ramdaspeth",261322.0
2174.0,4,4,2.0,68,12.6,5,62.5,21.15245,79.20989,Suman Gupta,+91 711878 5683,"336, Green Valley Road, Gandhibagh",302422.0
884.0,5,5,3.0,39,5.6,4,57.1,21.14099,79.03423,Rahul Reddy,+91 852522 3926,"254, Hill Top Road, Gandhibagh",239055.0
2569.0,2,2,2.0,30,2.6,4,62.6,21.14224,79.11297,Vivaan Mehta,+91 956177 1382,"297, MG Road, Trimurti Nagar",361565.0
1589.0,5,5,3.5,12,2.7,4,56.3,21.12658,79.10491,Ishaan Agarwal,+91 958837 9497,"489, Station Road, Sadar",291593.0
1667.0,3,3,2.5,25,16.7,9,71.6,21.29544,79.10594,Vikram Mehta,+91 667108 7953,"181, Park Avenue, Sadar",275713.0
1480.0,4,4,3.0,77,2.0,8,62.6,21.14264,79.06922,Vivaan Nair,+91 689881 8071,"897, Green Valley Road, Ramdaspeth",246737.0
1423.0,4,4,3.5,57,1.0,3,9.0,21.15375,79.09279,Rohan Deshmukh,+91 607382 7688,"581, Ring Road, Pratap Nagar",262895.0
2252.0,5,5,3.5,58,7.4,2,36.7,21.21188,79.08228,Vikram Deshmukh,+91 653569 1044,"630, Sunrise Boulevard, Pratap Nagar",344903.0
1966.0,3,3,2.0,71,2.1,6,54.7,21.13696,79.10623,Ananya Verma,+91 892118 6920,"574, Sunrise Boulevard, Hingna Road",269396.0
2224.0,4,4,2.5,21,26.9,7,32.5,21.14242,79.34789,Kabir Joshi,+91 741183 0238,"896, Park Avenue, Civil Lines",322705.0
1794.0,2,2,3.5,52,6.7,8,76.0,21.2064,79.09124,Rohan Kulkarni,+91 665571 4305,"818, Ring Road, Sitabuldi",292131.0
2134.0,3,3,3.0,29,41.6,4,31.8,21.51011,79.1831,Sai Mehta,+91 666033 1557,"475, Market Street, Sitabuldi",288711.0
1528.0,3,3,3.5,67,0.5,5,82.9,21.1488,79.0846,Pooja Gupta,+91 878425 6349,"344, MG Road, Hingna Road",269888.0
3249.0,4,4,2.0,33,11.2,2,14.7,21.17954,78.986,Priya Patel,+91 976905 2277,"946, Park Avenue, Pratap Nagar",459466.0
781.0,4,4,3.0,68,38.2,5,76.9,21.32864,79.40035,Ritu Reddy,+91 845580 5092,"599, Market Street, Dharampeth",95479.0
2620.0,1,1,3.5,59,2.9,7,18.3,21.16661,79.1049,Amit Iyer,+91 808793 2699,"790, Station Road, Hingna Road",402493.0
2689.0,5,5,3.0,61,10.3,4,52.8,21.18808,78.99947,Arjun Chauhan,+91 636876 1614,"140, Civil Lines, Ramdaspeth",366279.0
1246.0,4,4,1.0,74,4.4,4,32.1,21.18525,79.09209,Ishaan Mehta,+91 750431 6786,"354, Lake View Lane, Ramdaspeth",183503.0
3249.0,1,1,2.5,63,0.5,5,63.7,21.14207,79.09091,Ritu Agarwal,+91 910803 3167,"265, Ring Road, Wardha Road",427557.0
2447.0,5,5,3.5,25,8.2,9,21.3,21.07214,79.08897,Anjali Sharma,+91 984420 8891,"448, Civil Lines, Manish Nagar",378609.0
2431.0,4,4,3.0,41,2.9,7,79.5,21.13988,79.06087,Aditya Deshmukh,+91 946841 9073,"503, Church Street, Laxmi Nagar",379854.0
1818.0,1,1,3.0,37,0.5,10,57.4,21.14774,79.08358,Sai Patel,+91 805341 6213,"996, College Road, Wardha Road",325893.0
1659.0,3,3,1.0,5,3.6,1,95.7,21.1177,79.10501,Amit Joshi,+91 715579 0040,"105, Market Street, Pratap Nagar",223371.0
1664.0,5,5,1.0,47,3.5,9,71.2,21.17291,79.10514,Suman Iyer,+91 888495 5757,"952, Civil Lines, Gandhibagh",292363.0
2054.0,2,2,3.5,34,0.7,1,60.7,21.14196,79.09301,Anjali Agarwal,+91 925891 0506,"811, Church Street, Laxmi Nagar",282794.0
2711.0,5,5,3.5,31,2.9,4,82.9,21.15361,79.11448,Arjun Kulkarni,+91 648102 0176,"410, Lake View Lane, Trimurti Nagar",379218.0
1918.0,3,3,1.0,8,10.8,5,22.0,21.1006,79.18099,Anjali Nair,+91 964288 2863,"281, MG Road, Laxmi Nagar",352834.0
1208.0,2,2,2.0,40,14.2,3,63.3,21.24379,79.17645,Amit Rao,+91 925036 4116,"832, Sunrise Boulevard, Trimurti Nagar",143638.0
2336.0,2,2,3.5,46,12.0,10,39.0,21.04572,79.13233,Neha Kulkarni,+91 986162 5588,"137, College Road, Ramdaspeth",322037.0
2399.0,3,3,1.5,8,7.6,9,74.4,21.15354,79.16113,Diya Kulkarni,+91 800930 1489,"908, Market Street, Pratap Nagar",373008.0
2226.0,4,4,3.0,50,28.3,6,2.4,20.91171,79.19696,Sanjay Joshi,+91 762784 5486,"942, Market Street, Gandhibagh",323946.0
2285.0,5,5,1.5,13,2.9,5,42.8,21.13281,79.06434,Pooja Kulkarni,+91 908541 6016,"252, Park Avenue, Sitabuldi",385712.0
1624.0,1,1,1.0,11,3.4,8,65.2,21.14945,79.12074,Anjali Deshmukh,+91 627276 7773,"560, Hill Top Road, Laxmi Nagar",310481.0
1196.0,5,5,3.0,32,8.8,8,46.1,21.06764,79.10105,Neha Sharma,+91 940347 9612,"517, Church Street, Manish Nagar",220189.0
1236.0,3,3,2.5,31,5.3,5,23.8,21.17432,79.12944,Arjun Iyer,+91 754915 7421,"766, Lake View Lane, Civil Lines",211924.0
737.0,1,1,2.5,73,21.1,9,46.4,21.09855,78.89041,Pooja Chauhan,+91 866789 1438,"756, Green Valley Road, Hingna Road",151354.0
1954.0,5,5,3.5,5,11.7,2,85.0,21.23737,79.0326,Sai Reddy,+91 716305 3631,"993, Hill Top Road, Civil Lines",324693.0
1746.0,2,2,1.5,27,11.4,3,20.7,21.04348,79.09453,Vikram Agarwal,+91 611421 3883,"77, Hill Top Road, Ramdaspeth",276776.0
1514.0,4,4,2.0,58,16.6,1,36.7,21.02645,79.18519,Kavya Joshi,+91 951460 8992,"817, Station Road, Wardha Road",193662.0
400.0,4,4,2.5,19,8.9,2,99.0,21.16372,79.00405,Riya Reddy,+91 881813 9523,"805, Park Avenue, Manish Nagar",121900.0
989.0,1,1,3.0,78,5.4,2,91.3,21.09701,79.09081,Kabir Iyer,+91 839401 5026,"740, MG Road, Sadar",143080.0
2529.0,2,2,1.0,59,6.3,7,3.4,21.1176,79.14054,Kabir Rao,+91 680338 7961,"211, MG Road, Sadar",369711.0
1368.0,4,4,2.5,75,19.8,9,53.0,20.98022,79.01687,Sneha Verma,+91 997637 4326,"742, Sunrise Boulevard, Dharampeth",195321.0
2034.0,2,2,2.0,75,0.5,6,6.5,21.14985,79.08609,Arjun Reddy,+91 962327 3723,"479, Green Valley Road, Trimurti Nagar",311104.0
896.0,1,1,2.0,8,4.2,5,92.4,21.15437,79.04904,Rahul Kulkarni,+91 900009 2594,"279, Ring Road, Laxmi Nagar",197407.0
2735.0,1,1,3.5,36,11.3,3,44.2,21.24682,79.10188,Suman Chauhan,+91 637719 1395,"375, Sunrise Boulevard, Trimurti Nagar",339572.0
1706.0,5,5,2.5,59,7.7,2,41.8,21.16364,79.0167,Vivaan Bose,+91 658465 1373,"414, Ring Road, Wardha Road",240833.0
1989.0,1,1,3.5,0,0.7,6,27.3,21.15204,79.08837,Ritu Iyer,+91 799707 9766,"739, Church Street, Gandhibagh",318127.0
3312.0,1,1,3.0,36,16.6,2,56.9,21.00549,79.14478,Rohan Deshmukh,+91 642490 1885,"201, Sunrise Boulevard, Dharampeth",404281.0
2786.0,3,3,3.5,55,4.6,8,14.5,21.11917,79.05365,Ishaan Iyer,+91 831658 3791,"233, Green Valley Road, Sadar",423963.0
1601.0,1,1,3.0,63,8.6,5,79.9,21.08831,79.03264,Pooja Agarwal,+91 776421 1255,"370, Hill Top Road, Laxmi Nagar",239624.0
1414.0,4,4,2.5,33,0.5,4,49.1,21.14868,79.09192,Rohan Chauhan,+91 897975 8782,"466, Sunrise Boulevard, Gandhibagh",261672.0
1588.0,3,3,1.5,69,11.3,1,56.6,21.14673,79.19703,Sneha Nair,+91 972375 7771,"945, Church Street, Wardha Road",205021.0
2131.0,4,4,3.5,53,12.9,3,84.1,21.03339,79.11849,Aditya Mehta,+91 812380 5733,"266, MG Road, Sadar",300111.0
1732.0,3,3,2.5,3,1.7,1,18.5,21.14178,79.07235,Aditya Chauhan,+91 724658 0233,"905, Civil Lines, Civil Lines",305852.0
1543.0,4,4,1.0,22,2.9,8,17.5,21.13472,79.11409,Rohan Patel,+91 971205 9901,"55, Ring Road, Hingna Road",244689.0
2754.0,4,4,1.0,75,3.0,5,42.1,21.13948,79.05979,Kavya Gupta,+91 752263 5090,"510, Market Street, Civil Lines",410058.0
1726.0,3,3,1.5,0,45.9,8,78.6,21.54944,79.18586,Arjun Mehta,+91 904864 2265,"842, Church Street, Trimurti Nagar",195243.0
3295.0,1,1,3.5,8,2.4,6,5.9,21.12502,79.08073,Kabir Patel,+91 964312 2427,"311, Sunrise Boulevard, Pratap Nagar",479853.0
1859.0,2,2,1.0,27,31.7,10,79.5,20.87381,78.99543,Pooja Deshmukh,+91 953010 3307,"225, Hill Top Road, Ramdaspeth",250230.0
2960.0,1,1,3.0,79,2.9,8,50.1,21.15622,79.11378,Rohan Gupta,+91 859806 9861,"605, Hill Top Road, Manish Nagar",403142.0
2032.0,1,1,2.0,56,4.3,2,56.2,21.1095,79.07381,Aditya Iyer,+91 798594 5775,"232, Civil Lines, Laxmi Nagar",279650.0
2426.0,2,2,1.0,11,7.3,2,56.4,21.20945,79.10457,Aditya Agarwal,+91 778684 5651,"16, MG Road, Laxmi Nagar",337325.0
1329.0,2,2,2.5,31,16.0,9,5.6,21.28958,79.08382,Anjali Rao,+91 841676 8630,"47, Sunrise Boulevard, Manish Nagar",227543.0
1245.0,1,1,3.0,75,14.3,3,25.0,21.17102,79.22342,Neha Deshmukh,+91 909739 2727,"478, Church Street, Civil Lines",205187.0
2099.0,2,2,3.0,17,6.8,8,75.5,21.10178,79.04238,Suman Mehta,+91 906450 3160,"502, Green Valley Road, Dharampeth",342365.0
2443.0,3,3,2.5,46,6.4,7,41.2,21.08869,79.08114,Sanjay Rao,+91 891594 5905,"27, Church Street, Civil Lines",372245.0
1826.0,1,1,2.0,37,0.5,8,56.1,21.15027,79.08879,Arjun Rao,+91 757645 2396,"269, Lake View Lane, Wardha Road",303435.0
964.0,2,2,1.0,60,5.8,3,94.5,21.09509,79.10309,Vikram Agarwal,+91 761329 9346,"756, Ring Road, Laxmi Nagar",109954.0
916.0,1,1,1.5,60,6.0,4,4.6,21.09172,79.09259,Priya Bose,+91 615257 7123,"565, Station Road, Wardha Road",206813.0
872.0,1,1,2.0,66,16.2,6,45.0,21.22414,78.95627,Meera Sharma,+91 673423 4211,"611, College Road, Laxmi Nagar",96609.0
651.0,1,1,2.5,9,3.1,1,36.1,21.15749,79.11563,Kavya Rao,+91 641089 5610,"723, Ring Road, Hingna Road",135689.0
1871.0,3,3,1.5,36,4.1,4,10.6,21.18199,79.08075,Vikram Deshmukh,+91 901177 7233,"903, Market Street, Dharampeth",289291.0
2531.0,4,4,3.5,55,12.1,6,95.1,21.23956,79.14729,Rohan Mehta,+91 814522 4053,"46, Hill Top Road, Ramdaspeth",343135.0
1791.0,4,4,2.0,33,2.2,3,96.1,21.14067,79.10898,Vivaan Rao,+91 677335 0112,"482, Civil Lines, Wardha Road",256941.0
400.0,4,4,1.5,53,11.9,3,31.1,21.04854,79.13548,Amit Deshmukh,+91 852566 5544,"201, Market Street, Dharampeth",74469.0
1676.0,4,4,3.5,50,0.9,10,94.7,21.14953,79.09565,Ritu Rao,+91 674399 8839,"666, Market Street, Dharampeth",319118.0
1694.0,5,5,1.0,29,6.4,3,3.5,21.14092,79.02652,Meera Patel,+91 768010 9307,"391, Station Road, Ramdaspeth",255419.0
3162.0,2,2,3.5,8,0.5,10,98.1,21.15028,79.08769,Aditya Reddy,+91 779566 7501,"154, Ring Road, Gandhibagh",496846.0
853.0,4,4,1.5,77,25.4,10,83.6,21.19159,79.32816,Aditya Sharma,+91 690089 4150,"879, Civil Lines, Trimurti Nagar",141158.0
1546.0,5,5,2.5,66,16.0,7,21.4,21.27572,79.02017,Meera Kulkarni,+91 835816 0460,"515, Lake View Lane, Wardha Road",243115.0
2909.0,3,3,2.0,71,9.2,2,60.0,21.20545,79.15011,Anjali Bose,+91 679275 9581,"110, Lake View Lane, Wardha Road",384300.0
2092.0,5,5,3.5,23,5.4,3,79.8,21.1938,79.0971,Riya Iyer,+91 724962 8643,"225, Church Street, Wardha Road",322478.0
2166.0,1,1,1.0,25,25.3,10,31.9,21.3476,78.9753,Sai Kulkarni,+91 768587 0755,"743, Green Valley Road, Gandhibagh",272260.0
1874.0,5,5,3.0,25,2.9,1,35.4,21.15978,79.06494,Riya Bose,+91 860989 6262,"470, Market Street, Sitabuldi",280139.0
2014.0,3,3,2.0,2,5.0,6,62.9,21.15464,79.04103,Ishaan Iyer,+91 658144 9533,"952, Hill Top Road, Sitabuldi",339141.0
2305.0,2,2,1.0,13,0.8,6,14.7,21.1449,79.08068,Neha Chauhan,+91 731771 4770,"51, Church Street, Sitabuldi",377682.0
1274.0,1,1,2.0,24,5.1,9,11.8,21.17932,79.05445,Suman Sharma,+91 900590 7795,"78, Sunrise Boulevard, Wardha Road",244085.0
2371.0,4,4,3.5,78,9.5,9,25.0,21.14669,78.99596,Sneha Kulkarni,+91 794295 3647,"689, Green Valley Road, Sitabuldi",353268.0
908.0,3,3,2.5,16,8.4,3,74.1,21.18326,79.01741,Aditya Patel,+91 970586 7936,"333, Market Street, Laxmi Nagar",157534.0
2013.0,2,2,1.0,40,19.6,6,36.7,21.10669,79.27274,Rohan Deshmukh,+91 701627 8803,"873, Civil Lines, Hingna Road",264378.0
1916.0,2,2,2.0,43,25.9,7,50.7,21.24187,79.31579,Vivaan Sharma,+91 950997 2187,"769, Market Street, Sitabuldi",209958.0
1399.0,5,5,2.5,28,11.7,10,19.5,21.09161,78.99128,Diya Agarwal,+91 693191 5454,"23, Sunrise Boulevard, Sitabuldi",277563.0
1785.0,3,3,1.5,73,1.8,6,19.4,21.16121,79.09431,Kabir Iyer,+91 906214 2735,"934, Green Valley Road, Manish Nagar",290716.0
1395.0,1,1,1.5,7,7.4,2,65.0,21.19299,79.03733,Suman Gupta,+91 748108 3757,"952, Sunrise Boulevard, Gandhibagh",205496.0
1103.0,2,2,3.0,69,34.7,10,10.8,21.05581,78.76714,Sai Joshi,+91 962533 5006,"247, College Road, Laxmi Nagar",204871.0
1570.0,1,1,1.0,59,32.9,6,66.8,20.84987,79.10778,Aarav Bose,+91 809684 7163,"612, Lake View Lane, Wardha Road",142191.0
1082.0,4,4,2.0,24,10.7,2,40.1,21.13232,79.19083,Priya Patel,+91 873780 0358,"641, Hill Top Road, Sadar",171023.0
2010.0,5,5,3.0,61,4.1,2,67.1,21.14727,79.04895,Amit Reddy,+91 648779 3679,"38, Market Street, Dharampeth",300188.0
1052.0,5,5,1.5,34,3.3,3,38.2,21.17515,79.08682,Rahul Mehta,+91 827295 8503,"731, Green Valley Road, Wardha Road",208657.0
2263.0,4,4,2.0,77,1.8,8,84.6,21.13026,79.09265,Suman Verma,+91 866575 1021,"967, Station Road, Trimurti Nagar",282679.0
1032.0,4,4,1.5,2,0.7,10,5.6,21.15238,79.08947,Ananya Bose,+91 969958 6155,"404, MG Road, Ramdaspeth",270632.0
1432.0,3,3,3.5,2,9.5,5,89.3,21.14158,78.99639,Kavya Rao,+91 758920 6149,"985, Hill Top Road, Gandhibagh",246143.0
1394.0,4,4,2.5,43,11.0,1,26.9,21.06413,79.1491,Meera Bose,+91 869073 0394,"669, Market Street, Dharampeth",165016.0
2661.0,1,1,3.0,74,6.8,9,4.3,21.18044,79.03442,Aarav Nair,+91 691642 5606,"734, Civil Lines, Sitabuldi",382276.0
2015.0,3,3,3.0,5,26.2,7,56.2,21.06312,78.85126,Aarav Agarwal,+91 738129 2156,"549, Market Street, Pratap Nagar",275723.0
1662.0,3,3,2.0,62,19.4,6,22.4,21.26499,79.22506,Sanjay Reddy,+91 754120 8262,"691, Park Avenue, Civil Lines",227405.0
2124.0,1,1,1.0,75,16.5,1,45.9,21.19689,79.2375,Diya Nair,+91 660032 3264,"936, Green Valley Road, Civil Lines",206741.0
430.0,3,3,2.5,38,13.4,10,80.2,21.13537,79.21757,Rahul Iyer,+91 919645 3308,"590, Sunrise Boulevard, Hingna Road",124766.0
1772.0,4,4,1.5,69,10.2,1,79.2,21.22875,79.13081,Ritu Joshi,+91 836003 0905,"538, Ring Road, Gandhibagh",271599.0
3098.0,2,2,2.0,60,1.7,7,60.0,21.15894,79.0798,Kabir Gupta,+91 632120 5201,"170, College Road, Civil Lines",433862.0
1886.0,3,3,1.5,17,3.6,6,97.8,21.14485,79.0535,Vikram Rao,+91 982544 8752,"516, Park Avenue, Manish Nagar",233143.0
1844.0,2,2,3.5,68,11.1,6,46.4,21.21691,79.01246,Kabir Agarwal,+91 880569 1202,"862, College Road, Laxmi Nagar",272178.0
2156.0,2,2,2.0,55,9.0,6,3.9,21.1923,79.15929,Amit Patel,+91 890791 3870,"668, MG Road, Sadar",313830.0
2382.0,1,1,1.5,1,4.6,4,81.9,21.18506,79.10278,Ishaan Deshmukh,+91 988343 5769,"715, Park Avenue, Sadar",305851.0
502.0,2,2,3.5,45,0.5,6,22.1,21.14599,79.08337,Sai Agarwal,+91 709931 2900,"152, Sunrise Boulevard, Civil Lines",151893.0
706.0,5,5,3.5,52,3.7,4,17.6,21.15815,79.05546,Neha Sharma,+91 701709 3558,"846, Market Street, Manish Nagar",197024.0
1937.0,5,5,2.5,64,16.4,5,7.0,21.00435,79.13558,Neha Kulkarni,+91 860805 8543,"530, Ring Road, Pratap Nagar",279131.0
1335.0,4,4,1.0,61,5.6,7,32.8,21.19273,79.06762,Aarav Rao,+91 976895 3532,"456, Lake View Lane, Manish Nagar",186538.0
2653.0,4,4,2.5,38,3.6,8,32.6,21.1339,79.12061,Pooja Mehta,+91 934235 1178,"51, Green Valley Road, Ramdaspeth",364139.0
1595.0,4,4,2.5,23,19.4,2,30.3,21.31684,79.04985,Aarav Reddy,+91 931418 0534,"892, Church Street, Gandhibagh",223764.0
543.0,3,3,3.0,15,14.5,10,59.3,21.25937,79.01995,Anjali Gupta,+91 972994 3287,"626, Church Street, Sitabuldi",143945.0
976.0,3,3,1.5,7,6.0,1,75.2,21.12893,79.14306,Rohan Reddy,+91 646368 4650,"312, MG Road, Ramdaspeth",151127.0
400.0,4,4,3.5,51,1.1,3,93.8,21.1378,79.09368,Amit Patel,+91 702219 6093,"534, Civil Lines, Civil Lines",87199.0
1648.0,4,4,1.0,76,8.2,4,9.4,21.21316,79.05588,Amit Nair,+91 792013 9513,"908, Park Avenue, Sadar",261898.0
1678.0,3,3,1.0,6,16.6,4,15.0,21.23723,78.96135,Priya Chauhan,+91 745800 7163,"838, Sunrise Boulevard, Wardha Road",272740.0
1524.0,3,3,2.5,56,4.8,4,59.0,21.10948,79.1137,Kavya Deshmukh,+91 931710 5112,"298, Lake View Lane, Laxmi Nagar",237563.0
2501.0,3,3,1.5,46,1.9,4,9.8,21.15447,79.10368,Vivaan Patel,+91 767992 2210,"797, College Road, Sitabuldi",391766.0
2579.0,2,2,2.0,13,15.6,5,37.1,21.28118,79.04635,Anjali Joshi,+91 950038 4316,"8, Hill Top Road, Dharampeth",345950.0
1689.0,2,2,2.0,17,8.9,8,62.5,21.13008,79.00429,Aditya Verma,+91 939176 3397,"432, Station Road, Laxmi Nagar",243038.0
412.0,1,1,1.5,22,11.9,9,78.1,21.05144,79.14292,Sneha Sharma,+91 705736 6300,"548, Station Road, Sadar",84182.0
2201.0,3,3,3.0,54,7.4,4,21.8,21.11938,79.02231,Aarav Mehta,+91 667345 8555,"658, Church Street, Dharampeth",311385.0
2161.0,4,4,1.0,23,8.6,3,66.8,21.15079,79.00493,Amit Reddy,+91 817910 4707,"1, MG Road, Hingna Road",259107.0
2001.0,4,4,3.0,66,0.9,7,64.6,21.14394,79.09642,Ananya Kulkarni,+91 921155 4688,"303, MG Road, Sadar",300812.0
2438.0,5,5,3.0,29,18.2,1,86.0,21.2551,79.21877,Neha Patel,+91 775276 8715,"257, Green Valley Road, Laxmi Nagar",355396.0
1043.0,1,1,2.5,8,5.6,5,31.4,21.09649,79.09831,Aarav Verma,+91 679382 3912,"388, College Road, Manish Nagar",215653.0
3106.0,4,4,1.0,7,3.4,3,75.0,21.16766,79.11105,Kabir Kulkarni,+91 889185 8452,"691, Hill Top Road, Hingna Road",451460.0
1176.0,4,4,3.5,32,2.8,7,75.2,21.12092,79.08531,Priya Gupta,+91 954424 1843,"78, College Road, Civil Lines",231634.0
2287.0,3,3,1.5,32,12.3,1,23.9,21.11608,78.97339,Amit Sharma,+91 894798 3585,"749, Hill Top Road, Civil Lines",351586.0
703.0,2,2,1.5,58,4.7,9,62.1,21.18783,79.08404,Riya Deshmukh,+91 725085 2407,"101, Ring Road, Pratap Nagar",114209.0
1195.0,2,2,3.5,38,8.2,3,67.5,21.12599,79.01214,Arjun Kulkarni,+91 750403 8645,"506, Market Street, Wardha Road",162473.0
2786.0,4,4,2.5,13,3.2,6,27.4,21.12587,79.11079,Riya Chauhan,+91 850289 1905,"818, Lake View Lane, Gandhibagh",464485.0
1630.0,5,5,3.5,17,5.0,6,45.2,21.15365,79.04053,Kabir Joshi,+91 782994 8052,"878, Church Street, Laxmi Nagar",301007.0
2346.0,4,4,1.5,45,2.6,5,43.6,21.14676,79.1132,Meera Rao,+91 862472 8626,"970, Hill Top Road, Trimurti Nagar",335820.0
1954.0,3,3,2.0,26,12.2,5,77.4,21.18416,79.19893,Kavya Kulkarni,+91 935683 4488,"431, MG Road, Pratap Nagar",294695.0
1732.0,4,4,3.5,53,19.4,3,0.1,21.01642,78.9622,Kabir Deshmukh,+91 921912 1106,"489, Sunrise Boulevard, Gandhibagh",251906.0
2687.0,1,1,3.0,73,0.9,8,50.1,21.1383,79.08429,Rohan Mehta,+91 950615 7438,"900, Church Street, Wardha Road",357741.0
1646.0,4,4,2.0,28,7.1,6,18.4,21.18273,79.03239,Kavya Reddy,+91 988123 1324,"128, Hill Top Road, Pratap Nagar",263703.0
643.0,1,1,3.0,44,6.2,3,64.7,21.20172,79.09092,Riya Chauhan,+91 974734 3001,"908, Hill Top Road, Dharampeth",118818.0
1278.0,5,5,1.5,66,5.2,3,68.0,21.10043,79.07764,Suman Kulkarni,+91 660413 2258,"89, MG Road, Sadar",204904.0
2158.0,5,5,2.5,16,19.6,5,50.1,21.31218,79.02504,Neha Chauhan,+91 762897 2198,"91, Church Street, Manish Nagar",363607.0
2057.0,3,3,1.0,40,14.6,9,54.2,21.20466,79.21399,Priya Joshi,+91 744582 6922,"46, Market Street, Dharampeth",294902.0
781.0,2,2,3.5,24,4.8,10,31.5,21.16887,79.04943,Neha Nair,+91 917205 5075,"230, Market Street, Manish Nagar",186493.0
1329.0,4,4,3.0,50,5.9,4,31.3,21.13295,79.03332,Pooja Agarwal,+91 643677 3522,"878, Green Valley Road, Trimurti Nagar",266982.0
1422.0,4,4,3.0,59,1.0,4,74.5,21.14391,79.09745,Sai Mehta,+91 983276 2169,"208, Station Road, Ramdaspeth",255923.0
1562.0,4,4,3.0,11,0.5,2,13.2,21.14333,79.08416,Diya Deshmukh,+91 812976 3418,"442, Civil Lines, Laxmi Nagar",289105.0
906.0,3,3,1.5,14,9.3,6,77.2,21.2269,79.11151,Ananya Chauhan,+91 657808 3342,"804, Hill Top Road, Gandhibagh",128875.0
1392.0,2,2,2.0,1,2.4,3,65.5,21.12702,79.09963,Riya Reddy,+91 836363 3181,"879, MG Road, Pratap Nagar",210451.0
1326.0,1,1,3.0,0,3.9,9,88.4,21.17999,79.07842,Rahul Patel,+91 752904 5918,"438, Church Street, Hingna Road",211289.0
2301.0,2,2,1.5,4,16.8,6,26.0,21.10739,79.24561,Neha Patel,+91 702835 3809,"363, MG Road, Trimurti Nagar",337666.0
2326.0,3,3,2.0,56,3.7,3,50.6,21.17579,79.07174,Arjun Joshi,+91 925277 1265,"464, Green Valley Road, Trimurti Nagar",313455.0
1705.0,3,3,3.5,72,20.1,10,3.9,21.0483,79.25182,Rahul Agarwal,+91 953691 6924,"587, Park Avenue, Sadar",311153.0
1545.0,3,3,2.5,32,7.8,9,91.3,21.0975,79.14263,Arjun Bose,+91 957695 8536,"322, College Road, Laxmi Nagar",213696.0
1891.0,2,2,3.0,70,9.1,4,67.5,21.08405,79.14583,Anjali Sharma,+91 746605 0466,"673, Ring Road, Pratap Nagar",224885.0
1269.0,5,5,2.5,58,4.1,2,62.3,21.15476,79.12624,Riya Sharma,+91 819734 1368,"806, College Road, Sitabuldi",214310.0
1055.0,2,2,2.5,64,16.5,3,73.3,21.02523,79.18196,Priya Kulkarni,+91 752957 7306,"50, Market Street, Hingna Road",146681.0
1189.0,5,5,2.0,59,0.5,4,28.4,21.14137,79.08733,Kabir Reddy,+91 888839 0363,"820, Church Street, Ramdaspeth",157633.0
1387.0,2,2,2.0,15,15.3,5,60.4,21.26512,79.0133,Vikram Rao,+91 701941 6339,"681, Hill Top Road, Laxmi Nagar",167338.0
1044.0,3,3,3.0,41,6.1,9,80.1,21.14923,79.0291,Riya Verma,+91 850906 1291,"59, MG Road, Wardha Road",191592.0
1905.0,4,4,3.0,42,9.1,10,9.0,21.08242,79.03192,Anjali Verma,+91 892397 2740,"799, Market Street, Hingna Road",366939.0
2274.0,2,2,1.0,51,29.2,8,95.9,21.05447,79.35254,Rahul Rao,+91 722485 1653,"495, Sunrise Boulevard, Civil Lines",316524.0
768.0,2,2,3.0,63,9.0,9,89.2,21.066,79.10457,Vikram Kulkarni,+91 627541 1260,"23, Hill Top Road, Sadar",127395.0
1816.0,2,2,2.5,9,8.4,2,96.3,21.17858,79.0153,Aditya Chauhan,+91 609219 4040,"82, Green Valley Road, Gandhibagh",250407.0
1657.0,5,5,2.0,53,3.6,2,80.8,21.12029,79.0671,Aarav Rao,+91 939743 5675,"59, Park Avenue, Trimurti Nagar",227694.0
2022.0,1,1,1.0,66,1.4,10,29.4,21.15747,79.09354,Sneha Mehta,+91 908388 2573,"407, Church Street, Trimurti Nagar",321632.0
1792.0,3,3,2.0,9,3.0,7,58.2,21.15823,79.06246,Aarav Agarwal,+91 875989 2774,"522, Hill Top Road, Ramdaspeth",340448.0
855.0,4,4,2.5,33,20.5,3,12.0,20.96764,79.13892,Anjali Nair,+91 612589 9909,"240, Lake View Lane, Trimurti Nagar",186984.0
979.0,4,4,2.0,71,34.2,8,75.4,20.95466,78.82937,Anjali Gupta,+91 850122 1353,"970, Civil Lines, Manish Nagar",123392.0
1819.0,3,3,1.0,1,5.1,2,15.4,21.10076,79.09844,Riya Agarwal,+91 767303 6358,"32, Sunrise Boulevard, Trimurti Nagar",271255.0
2469.0,1,1,3.0,12,2.4,8,86.7,21.14447,79.06504,Amit Sharma,+91 676073 4687,"972, College Road, Trimurti Nagar",367786.0
400.0,1,1,2.0,64,5.0,9,24.1,21.17679,79.05276,Priya Reddy,+91 734347 9338,"151, MG Road, Civil Lines",143547.0
2025.0,3,3,2.0,13,24.1,5,16.0,20.92929,79.07731,Ritu Verma,+91 913988 8208,"110, Green Valley Road, Gandhibagh",286034.0
2573.0,5,5,1.5,56,0.6,7,7.1,21.14861,79.0927,Aarav Mehta,+91 942484 6549,"491, Park Avenue, Laxmi Nagar",362414.0
1701.0,1,1,1.5,72,0.7,8,71.1,21.14494,79.09503,Sai Reddy,+91 994871 8787,"760, Lake View Lane, Pratap Nagar",235881.0
2158.0,5,5,3.0,39,5.0,9,18.6,21.13141,79.13407,Rahul Iyer,+91 695021 2597,"660, College Road, Dharampeth",365405.0
1343.0,4,4,1.0,38,15.1,6,19.8,21.05317,79.19446,Vikram Mehta,+91 844545 9130,"792, Hill Top Road, Dharampeth",177606.0
1722.0,1,1,3.0,34,26.6,3,17.0,20.98659,79.28006,Kabir Reddy,+91 881604 8916,"453, Hill Top Road, Pratap Nagar",231196.0
746.0,2,2,3.0,29,12.5,3,30.6,21.13801,78.96822,Sanjay Iyer,+91 727578 3032,"876, Sunrise Boulevard, Sadar",152105.0
400.0,2,2,2.0,30,4.4,4,94.1,21.14631,79.04598,Neha Rao,+91 717955 5805,"763, Park Avenue, Laxmi Nagar",134687.0
2413.0,5,5,3.5,44,2.8,1,48.7,21.12326,79.09959,Pooja Verma,+91 781508 6927,"44, Green Valley Road, Ramdaspeth",327716.0
1160.0,3,3,2.0,71,7.8,7,26.1,21.21445,79.07259,Arjun Bose,+91 670776 5813,"501, Lake View Lane, Civil Lines",216282.0
1504.0,2,2,3.0,78,4.8,4,17.0,21.1107,79.11551,Rahul Bose,+91 728109 3727,"971, Park Avenue, Hingna Road",253011.0
899.0,2,2,1.0,69,4.3,8,1.9,21.18283,79.10086,Rohan Kulkarni,+91 797268 8224,"725, College Road, Hingna Road",185922.0
884.0,3,3,2.5,9,22.9,1,36.5,21.00365,79.24869,Ishaan Verma,+91 727548 2859,"821, Ring Road, Trimurti Nagar",115835.0
1687.0,1,1,2.5,24,2.6,4,11.0,21.13989,79.06422,Rahul Rao,+91 857125 2042,"719, Lake View Lane, Pratap Nagar",246343.0
1326.0,2,2,3.0,60,18.2,4,2.7,21.00892,79.18555,Rahul Iyer,+91 865580 7468,"607, College Road, Wardha Road",199760.0
2046.0,1,1,1.0,43,7.6,1,10.3,21.14874,79.01514,Sai Patel,+91 632761 2859,"335, Hill Top Road, Sitabuldi",277505.0
2094.0,4,4,3.5,26,2.7,9,31.9,21.13068,79.0682,Riya Chauhan,+91 772297 5643,"67, Church Street, Manish Nagar",351866.0
2009.0,4,4,1.5,24,6.1,6,75.1,21.12149,79.14081,Ritu Nair,+91 688978 5303,"301, Sunrise Boulevard, Trimurti Nagar",342096.0
1955.0,3,3,1.5,9,5.0,9,6.7,21.16805,79.04593,Ananya Mehta,+91 940392 3689,"240, Hill Top Road, Pratap Nagar",332203.0
2826.0,1,1,2.5,26,1.4,9,67.9,21.15804,79.09068,Kavya Kulkarni,+91 981178 6963,"724, Church Street, Manish Nagar",365982.0
1106.0,2,2,1.5,33,0.7,1,62.1,21.14909,79.09369,Kabir Reddy,+91 787355 0222,"346, Church Street, Sadar",167192.0
1764.0,5,5,2.0,33,4.0,9,88.2,21.12629,79.05523,Kavya Iyer,+91 955808 2310,"354, Lake View Lane, Ramdaspeth",311577.0
2536.0,2,2,3.5,43,18.5,1,18.4,21.03859,78.95116,Anjali Bose,+91 812331 3166,"856, Church Street, Trimurti Nagar",343129.0
2622.0,1,1,3.0,21,5.2,9,79.4,21.11338,79.05151,Sneha Agarwal,+91 906990 9482,"196, Church Street, Pratap Nagar",391771.0
876.0,1,1,1.0,16,0.5,7,86.5,21.14684,79.0929,Ishaan Rao,+91 968271 7929,"760, Ring Road, Pratap Nagar",198782.0
1597.0,5,5,2.0,71,4.6,9,97.6,21.15286,79.13173,Amit Joshi,+91 865359 0818,"352, Lake View Lane, Pratap Nagar",228355.0
2683.0,1,1,2.0,32,0.8,5,80.9,21.14135,79.09439,Priya Sharma,+91 758104 7778,"939, Park Avenue, Sitabuldi",358085.0
2130.0,3,3,1.0,20,6.6,2,12.4,21.08993,79.06685,Aarav Gupta,+91 878120 4265,"954, Hill Top Road, Dharampeth",357074.0
1927.0,5,5,2.0,50,0.5,2,94.7,21.14874,79.09186,Riya Sharma,+91 656912 4083,"422, Ring Road, Civil Lines",233997.0
1659.0,4,4,2.0,43,3.0,2,81.5,21.15789,79.11379,Sai Agarwal,+91 715136 3821,"781, Park Avenue, Sadar",245308.0
1551.0,3,3,3.5,46,21.3,9,21.2,21.30868,79.19619,Suman Bose,+91 841651 3886,"915, Hill Top Road, Hingna Road",283593.0
1987.0,2,2,1.5,17,13.9,6,16.5,21.02818,79.13533,Suman Patel,+91 691705 0302,"603, Lake View Lane, Sitabuldi",331462.0
1636.0,1,1,1.0,57,11.3,3,93.6,21.04576,79.06989,Rahul Reddy,+91 767991 9288,"894, Ring Road, Civil Lines",208767.0
1772.0,1,1,3.5,15,22.9,2,15.6,20.98791,78.94572,Sneha Iyer,+91 995740 4211,"682, College Road, Wardha Road",263633.0
1851.0,5,5,3.0,66,5.5,1,77.7,21.10732,79.05441,Sai Agarwal,+91 927986 8299,"19, Church Street, Manish Nagar",238469.0
1359.0,1,1,1.5,33,0.7,3,40.5,21.14058,79.09276,Vivaan Nair,+91 913211 9168,"607, Lake View Lane, Hingna Road",245911.0
2146.0,1,1,1.5,32,8.3,8,72.4,21.21015,79.04829,Vivaan Sharma,+91 974042 8921,"239, Hill Top Road, Laxmi Nagar",274318.0
3694.0,5,5,2.5,31,25.9,9,9.2,21.35542,78.97857,Neha Joshi,+91 788974 3089,"590, MG Road, Sadar",494986.0
645.0,3,3,3.0,33,4.0,7,72.5,21.16205,79.05377,Sai Patel,+91 895804 1503,"799, Green Valley Road, Dharampeth",161523.0
2011.0,2,2,1.5,53,11.5,10,51.2,21.13907,79.19922,Suman Mehta,+91 741092 9301,"198, Sunrise Boulevard, Pratap Nagar",283799.0
1306.0,4,4,1.0,39,3.2,4,90.0,21.13593,79.05874,Sai Agarwal,+91 960926 4070,"664, Station Road, Gandhibagh",211027.0
2175.0,3,3,3.5,10,2.9,4,18.8,21.13812,79.06108,Kabir Verma,+91 675392 2634,"541, Park Avenue, Ramdaspeth",367932.0
1830.0,5,5,3.5,45,15.6,7,10.9,21.01463,79.14347,Sanjay Bose,+91 779809 4825,"223, Sunrise Boulevard, Civil Lines",352098.0
2295.0,3,3,3.0,21,9.5,2,19.6,21.22271,79.12824,Pooja Mehta,+91 999660 6409,"758, Hill Top Road, Sitabuldi",352818.0
2564.0,4,4,3.0,8,42.7,10,7.9,21.36102,78.7468,Diya Sharma,+91 647028 9083,"780, Ring Road, Manish Nagar",353687.0
1925.0,5,5,3.0,67,3.8,8,98.0,21.11899,79.06483,Vivaan Gupta,+91 829571 7376,"7, Park Avenue, Dharampeth",317212.0
2536.0,3,3,1.5,25,0.8,1,12.3,21.14528,79.09564,Aditya Patel,+91 708237 8843,"316, Green Valley Road, Sadar",352816.0
400.0,2,2,1.5,47,25.1,2,20.1,21.33204,79.22488,Kavya Chauhan,+91 782622 5827,"74, Sunrise Boulevard, Dharampeth",79207.0
2834.0,5,5,1.5,13,9.4,7,81.0,21.17101,79.00127,Pooja Kulkarni,+91 806305 2603,"601, MG Road, Hingna Road",420368.0
2044.0,2,2,1.5,27,17.1,8,24.7,21.05959,79.22528,Diya Iyer,+91 923020 6426,"880, Station Road, Manish Nagar",313323.0
2501.0,1,1,3.5,30,8.0,3,22.2,21.07479,79.0764,Aarav Rao,+91 695247 0346,"933, Ring Road, Laxmi Nagar",310917.0
1007.0,3,3,2.5,10,17.6,8,67.2,21.04215,78.96018,Ananya Iyer,+91 956914 3016,"396, Ring Road, Manish Nagar",129460.0
1260.0,5,5,1.0,77,6.1,5,39.9,21.20082,79.08556,Aarav Nair,+91 652935 9772,"240, Lake View Lane, Sitabuldi",168704.0
1895.0,1,1,1.5,24,1.7,7,83.5,21.16014,79.0946,Priya Mehta,+91 694375 1011,"314, Civil Lines, Sitabuldi",325183.0
1789.0,5,5,1.0,46,5.7,5,63.8,21.18249,79.04925,Neha Patel,+91 923299 9151,"56, College Road, Laxmi Nagar",248812.0
1984.0,5,5,2.5,45,1.9,5,28.8,21.16292,79.08761,Amit Deshmukh,+91 671224 3515,"350, Park Avenue, Civil Lines",347876.0
2505.0,5,5,2.5,34,6.0,4,59.8,21.09494,79.10919,Vivaan Bose,+91 700127 3567,"659, MG Road, Hingna Road",358728.0
653.0,3,3,1.0,46,0.6,2,86.6,21.14053,79.08715,Neha Bose,+91 651635 9002,"19, Ring Road, Gandhibagh",106916.0
2433.0,2,2,3.5,45,14.9,2,36.4,21.03006,79.1618,Rohan Patel,+91 644290 5575,"727, Hill Top Road, Laxmi Nagar",324697.0
1805.0,3,3,1.0,6,7.0,2,73.6,21.20092,79.12017,Neha Nair,+91 613149 3341,"843, MG Road, Sadar",305443.0
1668.0,1,1,2.5,53,7.8,9,41.6,21.21131,79.0604,Suman Gupta,+91 786732 4207,"312, Sunrise Boulevard, Hingna Road",273086.0
844.0,5,5,2.0,9,3.9,5,54.3,21.11097,79.09257,Amit Mehta,+91 782697 8820,"767, Hill Top Road, Pratap Nagar",204864.0
2127.0,4,4,2.0,34,5.3,4,73.4,21.18657,79.11459,Pooja Reddy,+91 687190 3937,"468, Church Street, Hingna Road",347461.0
400.0,3,3,3.5,29,24.9,9,6.1,21.32356,79.23488,Aarav Iyer,+91 804784 0574,"987, Church Street, Gandhibagh",106234.0
2221.0,3,3,3.0,35,4.2,9,45.5,21.17129,79.05795,Vikram Patel,+91 693874 0378,"501, Church Street, Laxmi Nagar",384763.0
830.0,4,4,1.5,5,8.2,3,9.5,21.21417,79.11914,Pooja Joshi,+91 742791 3719,"599, Hill Top Road, Gandhibagh",205988.0
1835.0,3,3,2.0,56,9.7,4,72.5,21.1875,79.17086,Rahul Joshi,+91 724531 0329,"815, Park Avenue, Hingna Road",275529.0
1723.0,5,5,1.0,33,17.6,5,60.8,21.29193,79.02298,Vikram Joshi,+91 860761 4765,"274, Ring Road, Civil Lines",251931.0
2560.0,5,5,2.0,4,5.0,9,32.7,21.11411,79.12244,Vivaan Iyer,+91 746814 8511,"692, Church Street, Gandhibagh",416359.0
1684.0,5,5,2.0,0,6.5,7,7.6,21.16628,79.14739,Amit Deshmukh,+91 774716 5442,"850, Ring Road, Hingna Road",299386.0
1349.0,4,4,2.0,43,8.0,6,92.6,21.11662,79.01725,Pooja Mehta,+91 973486 0057,"273, College Road, Sitabuldi",194324.0
1471.0,4,4,1.5,53,1.9,3,31.5,21.13927,79.07145,Kabir Patel,+91 649842 0063,"806, MG Road, Trimurti Nagar",217152.0
2627.0,2,2,1.5,43,17.2,4,27.5,21.11592,78.92493,Neha Iyer,+91 710450 4408,"273, MG Road, Civil Lines",355313.0
2149.0,1,1,1.5,57,3.7,1,10.1,21.14464,79.05233,Priya Mehta,+91 821147 2721,"609, Ring Road, Gandhibagh",284900.0
1549.0,3,3,1.0,60,0.5,8,57.7,21.14629,79.093,Aditya Verma,+91 867758 8260,"325, Station Road, Trimurti Nagar",261599.0
1646.0,5,5,2.5,69,2.2,10,26.6,21.15167,79.10869,Ishaan Iyer,+91 804751 7676,"628, Market Street, Trimurti Nagar",311961.0
781.0,1,1,3.5,78,6.0,8,84.3,21.14197,79.02999,Sai Chauhan,+91 883059 0970,"146, Church Street, Sitabuldi",102893.0
2053.0,3,3,1.5,70,4.8,4,68.3,21.13733,79.13318,Aditya Nair,+91 953673 4007,"809, Green Valley Road, Sadar",252609.0
656.0,1,1,1.5,63,8.3,5,0.4,21.18668,79.02104,Kavya Rao,+91 938538 0809,"135, Hill Top Road, Manish Nagar",115935.0
2289.0,3,3,2.0,34,4.2,10,56.6,21.15242,79.04777,Vivaan Kulkarni,+91 854672 1952,"335, Hill Top Road, Ramdaspeth",341815.0
1884.0,1,1,3.0,40,7.4,5,23.2,21.13829,79.15933,Aarav Reddy,+91 990806 0131,"816, Ring Road, Gandhibagh",261068.0
3352.0,4,4,1.5,49,15.6,9,1.5,21.00787,79.11556,Sneha Agarwal,+91 606736 3285,"97, College Road, Laxmi Nagar",523011.0
1085.0,5,5,1.5,13,1.6,6,61.9,21.1313,79.09017,Arjun Sharma,+91 706302 3072,"831, Ring Road, Trimurti Nagar",186758.0
1733.0,4,4,2.5,54,14.0,5,20.5,21.14205,78.95308,Diya Rao,+91 911758 4645,"400, Station Road, Pratap Nagar",318707.0
2969.0,4,4,2.5,47,4.7,6,90.0,21.12071,79.12423,Ananya Joshi,+91 686486 9665,"260, MG Road, Laxmi Nagar",424122.0
2574.0,2,2,3.5,41,27.3,3,57.3,21.02581,78.85823,Neha Gupta,+91 983592 4053,"830, Market Street, Hingna Road",344413.0
1347.0,3,3,1.0,66,6.6,5,20.9,21.09607,79.05279,Neha Deshmukh,+91 652895 6424,"849, College Road, Ramdaspeth",233654.0
1946.0,1,1,1.0,54,1.2,4,97.9,21.13538,79.09089,Ishaan Verma,+91 947636 9484,"860, Lake View Lane, Civil Lines",267483.0
1801.0,2,2,2.0,74,14.2,8,54.6,21.21684,78.97369,Aarav Mehta,+91 611359 3263,"570, Green Valley Road, Sitabuldi",289948.0
1983.0,3,3,2.5,78,7.7,7,16.5,21.12567,79.15957,Priya Mehta,+91 842205 4172,"198, College Road, Sitabuldi",272746.0
1346.0,4,4,3.5,66,13.0,4,51.7,21.13697,79.21364,Meera Deshmukh,+91 961015 1356,"711, MG Road, Civil Lines",204048.0
1742.0,1,1,2.0,23,0.9,9,95.9,21.14174,79.08107,Vikram Gupta,+91 974197 8979,"702, Hill Top Road, Hingna Road",251578.0
761.0,5,5,2.5,15,0.6,5,42.4,21.15097,79.08918,Rohan Patel,+91 855554 3739,"879, Sunrise Boulevard, Laxmi Nagar",153053.0
1888.0,3,3,1.5,23,1.1,10,42.5,21.13582,79.08989,Aditya Joshi,+91 979653 6530,"736, Civil Lines, Sitabuldi",309603.0
2093.0,5,5,1.5,57,2.5,7,46.1,21.16638,79.07745,Riya Bose,+91 602799 5808,"308, Sunrise Boulevard, Manish Nagar",379203.0
1652.0,3,3,3.5,69,7.5,9,28.0,21.11422,79.02385,Anjali Deshmukh,+91 694070 6359,"447, Lake View Lane, Laxmi Nagar",271571.0
750.0,3,3,1.5,70,2.7,10,16.2,21.15824,79.11022,Kabir Gupta,+91 610562 1769,"661, Station Road, Laxmi Nagar",222155.0
2443.0,4,4,2.5,54,11.4,4,57.9,21.04984,79.127,Aditya Nair,+91 887026 4057,"776, Civil Lines, Dharampeth",392498.0
2037.0,5,5,3.0,54,0.8,3,89.4,21.14405,79.09535,Diya Reddy,+91 979195 3810,"308, Market Street, Ramdaspeth",381137.0
1328.0,1,1,3.0,76,1.0,9,73.6,21.15074,79.09608,Meera Deshmukh,+91 977088 7391,"260, MG Road, Ramdaspeth",257987.0
1618.0,3,3,1.5,54,39.0,3,9.6,20.79706,79.04478,Riya Rao,+91 878534 0030,"902, Lake View Lane, Sitabuldi",249053.0
825.0,1,1,1.0,11,16.0,8,40.1,21.03507,79.18747,Aditya Nair,+91 666828 3583,"991, Church Street, Laxmi Nagar",158709.0
1133.0,3,3,3.5,40,3.3,2,0.5,21.16457,79.11268,Sneha Sharma,+91 618226 5095,"299, College Road, Pratap Nagar",219636.0
1450.0,5,5,3.5,28,1.2,9,30.8,21.15672,79.08844,Ananya Mehta,+91 820677 6862,"66, Sunrise Boulevard, Dharampeth",305962.0
2598.0,5,5,1.5,50,7.2,7,66.9,21.18652,79.03414,Aarav Nair,+91 923703 4510,"625, College Road, Trimurti Nagar",380942.0
1384.0,2,2,2.0,50,0.9,6,29.0,21.1391,79.09256,Ritu Sharma,+91 990013 2811,"16, Civil Lines, Wardha Road",238136.0
2216.0,2,2,1.5,23,0.5,5,84.1,21.14599,79.08337,Kavya Patel,+91 816815 3662,"191, Green Valley Road, Wardha Road",340422.0
1450.0,3,3,3.0,23,4.9,7,47.7,21.17921,79.11901,Sai Kulkarni,+91 960498 0082,"526, Ring Road, Hingna Road",248853.0
1961.0,2,2,3.5,7,9.0,4,66.9,21.22696,79.08471,Sanjay Deshmukh,+91 765437 2728,"370, Green Valley Road, Manish Nagar",262749.0
1708.0,1,1,1.5,23,2.2,4,88.4,21.14975,79.06785,Sanjay Rao,+91 675026 5106,"49, Park Avenue, Hingna Road",252752.0
2367.0,2,2,2.5,66,3.2,3,68.3,21.15295,79.11863,Rohan Deshmukh,+91 734682 6899,"351, Park Avenue, Manish Nagar",298532.0
1452.0,3,3,2.5,52,29.8,2,89.7,20.94927,78.89279,Suman Deshmukh,+91 600822 4606,"674, MG Road, Laxmi Nagar",146594.0
778.0,3,3,1.0,75,9.8,9,80.8,21.15972,79.18122,Kavya Mehta,+91 803910 4224,"749, Park Avenue, Gandhibagh",126937.0
902.0,5,5,1.0,74,26.5,8,56.7,20.91126,79.1376,Arjun Gupta,+91 710984 8931,"751, Church Street, Dharampeth",126301.0
1454.0,3,3,3.5,68,10.3,5,29.7,21.05353,79.07813,Priya Nair,+91 729866 3533,"287, Station Road, Sadar",256830.0
988.0,2,2,2.0,14,6.4,9,29.8,21.10291,79.12897,Rohan Agarwal,+91 675426 4063,"662, Market Street, Ramdaspeth",204017.0
2067.0,4,4,1.0,26,1.8,7,87.5,21.1591,79.09754,Pooja Reddy,+91 949607 2735,"327, Market Street, Dharampeth",349695.0
1497.0,4,4,1.5,4,0.5,6,5.4,21.14309,79.08434,Arjun Mehta,+91 761170 8407,"650, Sunrise Boulevard, Dharampeth",298035.0
3343.0,3,3,2.5,7,5.4,2,94.1,21.09806,79.09831,Priya Agarwal,+91 980946 2196,"10, Lake View Lane, Dharampeth",450834.0
670.0,3,3,3.5,18,21.5,6,32.7,21.1267,78.88194,Vivaan Rao,+91 823736 0973,"409, Green Valley Road, Gandhibagh",147342.0
1932.0,2,2,2.5,22,1.6,2,73.9,21.15636,79.09873,Ritu Rao,+91 851433 8404,"316, Station Road, Manish Nagar",249851.0
1067.0,5,5,3.0,1,1.4,7,33.0,21.1532,79.09927,Sai Patel,+91 704600 3403,"666, Civil Lines, Pratap Nagar",261383.0
1479.0,5,5,2.5,67,11.7,1,95.3,21.08088,78.9995,Sneha Rao,+91 875517 5461,"272, MG Road, Pratap Nagar",220367.0
1892.0,1,1,3.5,42,0.8,6,3.6,21.14591,79.08028,Ananya Sharma,+91 662023 4272,"300, MG Road, Sadar",334050.0
400.0,2,2,3.0,52,1.8,4,35.3,21.13885,79.10392,Meera Verma,+91 912400 1395,"544, Church Street, Hingna Road",74587.0
1954.0,2,2,1.0,52,15.7,2,86.7,21.02364,79.16438,Meera Joshi,+91 700105 7445,"653, MG Road, Trimurti Nagar",192900.0
3037.0,5,5,1.5,77,1.7,5,27.4,21.13066,79.0855,Sai Gupta,+91 638690 4867,"401, Ring Road, Laxmi Nagar",421347.0
1505.0,1,1,3.5,11,14.3,3,27.6,21.13158,79.22552,Priya Iyer,+91 943744 3178,"891, Ring Road, Gandhibagh",266855.0
1969.0,2,2,3.0,27,9.1,3,89.9,21.06881,79.05825,Riya Iyer,+91 604613 9789,"979, Market Street, Trimurti Nagar",277970.0
2466.0,2,2,1.0,24,23.1,9,83.1,21.25985,79.27471,Kabir Rao,+91 762945 5557,"606, Hill Top Road, Hingna Road",306446.0
1693.0,3,3,2.0,44,9.1,4,10.6,21.18401,79.16551,Ishaan Kulkarni,+91 914557 3907,"546, Lake View Lane, Wardha Road",228882.0
1422.0,2,2,3.0,42,0.9,5,58.0,21.13855,79.09162,Rohan Nair,+91 716023 0361,"520, Civil Lines, Trimurti Nagar",217196.0
400.0,3,3,3.0,63,30.7,1,22.3,21.35844,78.89788,Diya Agarwal,+91 664864 8152,"73, Park Avenue, Wardha Road",40000.0
2217.0,4,4,1.5,44,0.9,4,21.5,21.14206,79.09598,Kabir Rao,+91 644536 1114,"411, Market Street, Gandhibagh",367228.0
1726.0,5,5,3.5,18,4.5,4,61.5,21.17304,79.12,Arjun Bose,+91 848359 6851,"808, MG Road, Gandhibagh",322901.0
1142.0,1,1,2.0,45,10.4,8,12.4,21.23441,79.11987,Rahul Bose,+91 847145 9962,"692, Lake View Lane, Civil Lines",171266.0
1882.0,1,1,3.0,77,3.5,2,47.0,21.1143,79.09315,Rahul Nair,+91 825169 1904,"54, Green Valley Road, Dharampeth",268400.0
1421.0,1,1,1.0,46,2.2,10,25.6,21.12979,79.10026,Ritu Deshmukh,+91 835451 7948,"139, Hill Top Road, Sitabuldi",259879.0
1457.0,5,5,2.5,47,8.7,2,85.4,21.08751,79.14485,Vikram Nair,+91 717365 0348,"836, Green Valley Road, Manish Nagar",190184.0
2194.0,4,4,1.5,14,1.2,7,55.4,21.15216,79.0977,Priya Chauhan,+91 919021 8576,"734, Market Street, Civil Lines",355109.0
930.0,3,3,2.0,0,0.6,1,21.5,21.14962,79.08374,Ritu Deshmukh,+91 652144 4916,"405, Lake View Lane, Ramdaspeth",201970.0
2481.0,4,4,1.0,16,4.2,9,92.6,21.11581,79.06371,Ritu Iyer,+91 915604 3444,"940, Market Street, Manish Nagar",382313.0
892.0,3,3,2.5,2,28.3,7,82.3,21.02134,79.32664,Kabir Reddy,+91 962884 9222,"62, Lake View Lane, Laxmi Nagar",103999.0
1369.0,2,2,3.5,36,8.7,9,26.5,21.22383,79.09398,Rohan Chauhan,+91 671314 3878,"761, Hill Top Road, Manish Nagar",252176.0
3050.0,3,3,2.5,70,1.6,10,96.1,21.13717,79.07552,Anjali Joshi,+91 645879 9027,"976, Church Street, Civil Lines",444335.0
2533.0,4,4,1.0,35,18.5,9,26.8,21.27652,79.19903,Anjali Kulkarni,+91 800106 2914,"437, Hill Top Road, Ramdaspeth",411756.0
1863.0,1,1,2.5,51,0.8,7,29.3,21.13895,79.08807,Pooja Kulkarni,+91 663786 6597,"495, MG Road, Dharampeth",274282.0
1189.0,4,4,2.5,68,24.8,9,38.6,21.3062,79.25481,Neha Patel,+91 907183 6739,"213, Hill Top Road, Dharampeth",174374.0
1456.0,3,3,3.5,61,7.8,1,16.5,21.14579,79.16323,Pooja Gupta,+91 754431 9889,"854, Sunrise Boulevard, Trimurti Nagar",218746.0
1848.0,1,1,1.0,52,0.7,7,68.7,21.14909,79.09359,Vikram Chauhan,+91 969924 0717,"725, Ring Road, Sitabuldi",273249.0
1824.0,2,2,1.5,62,10.9,10,55.7,21.05541,79.0465,Amit Reddy,+91 684697 4902,"420, Sunrise Boulevard, Trimurti Nagar",271185.0
1741.0,3,3,2.0,22,6.7,4,89.4,21.08616,79.09917,Riya Chauhan,+91 633670 2853,"235, Green Valley Road, Dharampeth",273623.0
1780.0,2,2,3.5,33,6.1,10,24.1,21.20104,79.08522,Arjun Iyer,+91 846589 8144,"461, Church Street, Sitabuldi",281483.0
1661.0,2,2,2.5,31,6.4,6,17.0,21.20358,79.08632,Amit Agarwal,+91 969438 7493,"452, Green Valley Road, Wardha Road",284193.0
863.0,4,4,1.5,63,5.2,5,35.9,21.11929,79.04702,Anjali Joshi,+91 920080 7023,"362, Green Valley Road, Wardha Road",145094.0
1464.0,3,3,1.5,32,4.3,4,14.6,21.1174,79.05977,Anjali Verma,+91 921944 7924,"838, Ring Road, Trimurti Nagar",244251.0
2395.0,3,3,3.0,75,21.3,2,94.6,20.95721,79.05032,Riya Reddy,+91 842196 6361,"369, Church Street, Trimurti Nagar",322089.0
911.0,4,4,3.5,14,3.4,9,71.7,21.13097,79.05939,Aarav Bose,+91 619272 6679,"114, Station Road, Sitabuldi",179571.0
1677.0,1,1,1.0,13,12.8,8,79.6,21.24871,79.14489,Amit Gupta,+91 848294 8869,"792, MG Road, Ramdaspeth",236746.0
1267.0,2,2,1.0,57,17.5,5,74.8,21.07332,79.23871,Arjun Gupta,+91 866230 7666,"729, Green Valley Road, Ramdaspeth",128447.0
1872.0,1,1,1.5,61,18.7,10,24.3,21.29135,79.17837,Rohan Patel,+91 729461 5497,"31, Civil Lines, Manish Nagar",267928.0
1547.0,5,5,2.5,54,7.4,2,14.1,21.11938,79.023,Vivaan Mehta,+91 993662 3614,"695, Green Valley Road, Pratap Nagar",280722.0
2760.0,1,1,3.0,24,6.6,8,42.9,21.11734,79.14371,Ishaan Agarwal,+91 978568 2678,"489, Hill Top Road, Sadar",408643.0
2129.0,5,5,1.5,0,4.2,5,82.9,21.12614,79.12282,Neha Bose,+91 961062 3473,"673, Station Road, Wardha Road",337526.0
947.0,1,1,3.5,25,1.5,7,33.1,21.15744,79.09528,Arjun Chauhan,+91 954065 2702,"266, Ring Road, Pratap Nagar",230647.0
2236.0,2,2,1.0,37,10.8,1,1.0,21.24269,79.09565,Diya Chauhan,+91 826981 0753,"178, Sunrise Boulevard, Ramdaspeth",314875.0
1296.0,4,4,3.5,33,9.2,7,66.0,21.09655,79.01727,Kavya Chauhan,+91 981142 2635,"556, Lake View Lane, Ramdaspeth",254486.0
1425.0,5,5,1.5,73,3.4,7,20.0,21.17229,79.07088,Kavya Joshi,+91 657962 5443,"55, MG Road, Hingna Road",269675.0
2004.0,1,1,3.0,69,0.5,10,54.3,21.14113,79.0876,Diya Agarwal,+91 602501 5910,"215, Church Street, Trimurti Nagar",235133.0
1480.0,2,2,2.5,62,0.8,4,1.5,21.14481,79.08067,Priya Mehta,+91 830871 1546,"45, Hill Top Road, Wardha Road",241790.0
2380.0,5,5,1.5,1,4.9,1,50.9,21.18994,79.0834,Anjali Patel,+91 693732 9215,"349, Ring Road, Manish Nagar",335018.0
1297.0,2,2,1.5,10,5.4,1,39.4,21.17181,79.04361,Arjun Sharma,+91 954017 1283,"905, Lake View Lane, Dharampeth",185779.0
1398.0,2,2,3.5,34,7.5,2,88.0,21.08313,79.06214,Aarav Verma,+91 639771 2585,"533, Station Road, Sadar",239342.0
1373.0,4,4,2.5,49,2.2,3,72.2,21.12608,79.09295,Sanjay Iyer,+91 773365 1385,"738, Lake View Lane, Manish Nagar",212130.0
1432.0,1,1,2.5,54,14.5,9,3.6,21.24159,78.99229,Vivaan Rao,+91 778225 4914,"741, Sunrise Boulevard, Hingna Road",278247.0
2514.0,5,5,3.5,23,4.9,2,79.0,21.17263,79.1253,Vikram Mehta,+91 803578 0862,"127, Park Avenue, Civil Lines",338663.0
2209.0,5,5,2.5,8,4.5,2,79.1,21.17827,79.06179,Sai Rao,+91 627624 8058,"945, Lake View Lane, Manish Nagar",312119.0
2911.0,5,5,2.5,26,7.6,1,66.3,21.09596,79.03831,Pooja Iyer,+91 905535 7245,"154, Sunrise Boulevard, Civil Lines",428092.0
3274.0,2,2,2.5,63,8.0,4,92.9,21.07349,79.093,Rohan Kulkarni,+91 902649 8298,"243, Hill Top Road, Civil Lines",404841.0
1130.0,1,1,1.5,78,13.4,7,80.3,21.0632,79.1821,Ishaan Agarwal,+91 846202 7544,"655, Lake View Lane, Gandhibagh",150621.0
1846.0,3,3,1.5,75,0.6,3,21.9,21.14446,79.09411,Diya Gupta,+91 676650 3173,"482, Market Street, Laxmi Nagar",268890.0
1035.0,2,2,1.5,47,8.9,5,38.2,21.13112,79.00386,Priya Gupta,+91 724491 8285,"215, MG Road, Laxmi Nagar",165350.0
1295.0,5,5,2.5,7,6.7,3,35.0,21.10463,79.13532,Amit Chauhan,+91 657077 1070,"348, Lake View Lane, Gandhibagh",238462.0
1390.0,4,4,2.0,77,20.0,9,50.5,21.32505,79.07359,Sneha Bose,+91 852798 7609,"408, Lake View Lane, Ramdaspeth",213751.0
1113.0,5,5,3.0,12,4.2,1,95.4,21.13203,79.05066,Suman Reddy,+91 990716 2123,"605, Green Valley Road, Hingna Road",215185.0
1116.0,4,4,3.5,21,8.7,3,61.6,21.12659,79.00668,Rahul Rao,+91 933464 5321,"790, Green Valley Road, Sitabuldi",243099.0
1706.0,4,4,1.5,77,17.8,6,31.3,20.98667,79.10833,Rohan Joshi,+91 931568 2187,"366, Ring Road, Wardha Road",236215.0
1009.0,1,1,3.0,40,18.3,9,94.2,20.98282,79.11377,Aditya Mehta,+91 839673 4378,"392, Lake View Lane, Sitabuldi",141892.0
2347.0,1,1,3.5,15,5.2,5,70.0,21.19146,79.07715,Arjun Agarwal,+91 683760 7111,"97, Civil Lines, Trimurti Nagar",328763.0
1203.0,1,1,2.0,40,0.7,1,26.6,21.14157,79.0934,Suman Verma,+91 750575 2373,"954, Ring Road, Manish Nagar",225062.0
3626.0,3,3,2.0,6,6.2,6,90.7,21.11047,79.13488,Vikram Rao,+91 766530 7340,"614, College Road, Ramdaspeth",519474.0
1507.0,2,2,1.0,25,6.3,3,34.4,21.12767,79.14586,Amit Gupta,+91 679830 0301,"260, MG Road, Sadar",182929.0
1847.0,5,5,1.0,76,19.3,4,51.6,21.19161,78.90803,Arjun Deshmukh,+91 960689 9260,"36, College Road, Sitabuldi",196173.0
958.0,1,1,1.5,23,7.3,10,47.9,21.14058,79.15888,Neha Joshi,+91 827234 3795,"948, Sunrise Boulevard, Manish Nagar",164727.0
2909.0,5,5,2.5,71,5.3,10,92.4,21.09961,79.09924,Rahul Deshmukh,+91 957449 3200,"43, Station Road, Trimurti Nagar",427546.0
2528.0,4,4,2.0,43,14.9,3,26.6,21.03568,79.00597,Ritu Chauhan,+91 972707 4885,"182, Hill Top Road, Gandhibagh",352374.0
1993.0,1,1,1.0,52,13.1,6,33.3,21.19462,78.97275,Riya Deshmukh,+91 899749 9433,"883, Sunrise Boulevard, Hingna Road",281741.0
925.0,1,1,1.0,56,11.8,6,66.0,21.05704,79.15066,Aarav Agarwal,+91 691059 3518,"338, College Road, Wardha Road",125245.0
1937.0,2,2,1.5,44,0.5,10,88.7,21.14131,79.08863,Pooja Agarwal,+91 796107 1085,"869, Green Valley Road, Manish Nagar",333436.0
1071.0,2,2,2.0,2,1.6,10,11.5,21.13847,79.07502,Ritu Mehta,+91 756325 0259,"550, MG Road, Manish Nagar",262951.0
2751.0,2,2,3.0,73,3.7,4,21.0,21.1452,79.12381,Aarav Iyer,+91 867303 6082,"562, Sunrise Boulevard, Gandhibagh",383520.0
2326.0,3,3,2.0,38,3.5,1,94.8,21.1775,79.08832,Diya Iyer,+91 868612 4966,"931, Park Avenue, Gandhibagh",339735.0
1862.0,1,1,1.0,52,28.0,1,77.7,20.94941,78.91787,Suman Iyer,+91 981055 2611,"18, College Road, Ramdaspeth",147047.0
400.0,1,1,1.5,44,20.3,1,34.6,21.31083,79.0034,Ritu Mehta,+91 680587 4301,"348, Sunrise Boulevard, Wardha Road",46696.0
1161.0,4,4,1.5,52,3.2,8,35.8,21.1533,79.05855,Suman Agarwal,+91 655320 1293,"343, Hill Top Road, Ramdaspeth",225488.0
2247.0,5,5,3.0,28,0.6,8,47.0,21.15034,79.08516,Suman Iyer,+91 915147 1969,"732, Ring Road, Wardha Road",397194.0
2588.0,2,2,3.0,67,20.5,9,67.4,21.30491,78.98795,Aarav Joshi,+91 779500 1189,"346, MG Road, Manish Nagar",298271.0
2521.0,5,5,1.5,17,0.8,2,56.1,21.15089,79.08262,Ishaan Nair,+91 961938 6476,"879, Station Road, Gandhibagh",374415.0
765.0,2,2,1.0,52,2.8,1,77.6,21.15454,79.11338,Neha Mehta,+91 996309 7168,"720, Lake View Lane, Hingna Road",120163.0
1996.0,2,2,1.5,46,4.3,2,5.4,21.15548,79.12878,Riya Agarwal,+91 662193 8472,"906, Market Street, Civil Lines",302749.0
2460.0,1,1,3.5,40,0.8,7,81.9,21.13886,79.08702,Diya Nair,+91 865264 6017,"811, Sunrise Boulevard, Dharampeth",385292.0
722.0,3,3,1.0,1,6.0,1,5.8,21.19566,79.06668,Arjun Iyer,+91 691020 2676,"746, Lake View Lane, Laxmi Nagar",176916.0
1795.0,3,3,3.5,31,10.4,7,88.1,21.15825,79.18773,Arjun Gupta,+91 641592 5335,"354, MG Road, Ramdaspeth",275314.0
1978.0,4,4,2.5,3,5.7,9,4.3,21.17088,79.13604,Riya Rao,+91 611069 4697,"727, Market Street, Sadar",378493.0
1605.0,1,1,1.0,40,7.0,2,12.8,21.20484,79.11061,Suman Nair,+91 927399 0824,"421, Green Valley Road, Hingna Road",223520.0
596.0,1,1,3.5,55,13.0,8,18.0,21.18064,79.2077,Sanjay Patel,+91 671045 5927,"343, Hill Top Road, Manish Nagar",133063.0
1588.0,3,3,2.5,41,14.9,6,22.3,21.10117,79.22418,Rohan Bose,+91 814541 1890,"225, Civil Lines, Wardha Road",271296.0
1587.0,1,1,3.5,60,0.5,10,40.2,21.14392,79.08381,Ishaan Agarwal,+91 729152 9770,"895, Church Street, Trimurti Nagar",268376.0
1704.0,1,1,1.5,28,11.2,3,65.5,21.20839,79.00277,Arjun Reddy,+91 717241 0711,"727, Sunrise Boulevard, Sitabuldi",236814.0
1434.0,4,4,2.5,24,4.5,3,89.3,21.1375,79.04552,Amit Bose,+91 687289 4461,"50, Lake View Lane, Wardha Road",255217.0
1512.0,5,5,2.5,35,19.8,1,52.5,21.2621,79.23361,Aarav Reddy,+91 781751 4295,"349, Sunrise Boulevard, Trimurti Nagar",237195.0
1774.0,3,3,2.5,18,5.3,8,53.2,21.10049,79.07304,Rahul Nair,+91 732155 9643,"580, Market Street, Trimurti Nagar",331619.0
2088.0,1,1,1.0,64,2.0,9,31.9,21.14243,79.10685,Meera Verma,+91 726109 0251,"705, MG Road, Gandhibagh",366506.0
1602.0,5,5,2.5,64,5.6,1,80.1,21.18301,79.12536,Sneha Mehta,+91 865048 3654,"307, Sunrise Boulevard, Ramdaspeth",249145.0
1534.0,3,3,3.0,33,31.0,5,11.0,21.37421,79.26009,Pooja Rao,+91 954044 7753,"706, Hill Top Road, Wardha Road",210894.0
1860.0,4,4,3.5,63,8.8,8,30.1,21.08845,79.02948,Riya Reddy,+91 769822 4667,"272, Sunrise Boulevard, Pratap Nagar",317118.0
551.0,1,1,1.5,2,16.9,8,9.7,21.2701,79.18258,Riya Reddy,+91 658025 5964,"156, Sunrise Boulevard, Hingna Road",146063.0
2110.0,3,3,3.0,12,2.6,10,21.4,21.16215,79.1055,Neha Bose,+91 851301 4018,"88, Market Street, Laxmi Nagar",387460.0
1800.0,1,1,3.5,22,3.9,8,58.7,21.11491,79.07012,Sneha Kulkarni,+91 985909 4374,"884, Park Avenue, Civil Lines",329770.0
1826.0,4,4,1.5,31,6.9,10,12.6,21.10381,79.03943,Diya Patel,+91 863512 5915,"657, Church Street, Laxmi Nagar",280716.0
2424.0,2,2,1.0,18,16.8,10,10.1,21.29401,79.12086,Vivaan Patel,+91 805837 3963,"823, Station Road, Manish Nagar",403031.0
531.0,5,5,3.5,40,3.3,10,82.6,21.11936,79.10224,Aarav Verma,+91 828435 0142,"536, College Road, Civil Lines",211140.0
517.0,1,1,1.5,63,5.2,5,11.8,21.17435,79.12753,Amit Gupta,+91 953477 2369,"582, Civil Lines, Sitabuldi",120815.0
1978.0,4,4,1.5,36,0.5,5,60.8,21.14971,79.08581,Sneha Deshmukh,+91 650579 9651,"291, Civil Lines, Ramdaspeth",325478.0
1795.0,1,1,2.0,35,2.5,5,35.2,21.12319,79.0865,Diya Sharma,+91 984670 3646,"87, Ring Road, Laxmi Nagar",267556.0
1911.0,4,4,2.5,4,26.2,10,89.6,20.9908,78.89705,Amit Gupta,+91 950343 0028,"714, Park Avenue, Sadar",290859.0
1500.0,3,3,2.5,22,8.9,3,70.8,21.09877,79.01885,Neha Sharma,+91 998996 1373,"167, Ring Road, Civil Lines",248161.0
2232.0,5,5,2.0,64,26.7,8,5.9,20.92451,78.98777,Arjun Mehta,+91 720338 7159,"873, Station Road, Hingna Road",339566.0
2406.0,4,4,3.5,64,14.1,7,89.5,21.04489,79.00586,Riya Agarwal,+91 949039 7283,"92, Park Avenue, Laxmi Nagar",352586.0
2115.0,2,2,3.5,8,18.7,1,41.4,21.02585,79.21564,Diya Rao,+91 673333 5860,"976, Park Avenue, Dharampeth",308691.0
1630.0,1,1,1.5,1,2.3,5,29.8,21.13731,79.06845,Suman Chauhan,+91 754039 3718,"463, Sunrise Boulevard, Ramdaspeth",292625.0
430.0,3,3,1.0,66,46.1,2,67.3,21.38703,78.72609,Amit Kulkarni,+91 981699 7751,"283, Lake View Lane, Ramdaspeth",40000.0
2300.0,3,3,1.5,13,4.9,8,71.8,21.1016,79.09301,Amit Deshmukh,+91 702298 3376,"265, Lake View Lane, Manish Nagar",328886.0
2594.0,1,1,2.5,45,9.0,5,30.3,21.22703,79.08314,Rahul Reddy,+91 987678 3291,"677, Park Avenue, Pratap Nagar",378230.0
2219.0,3,3,2.0,66,14.7,4,35.2,21.01388,79.09673,Rahul Agarwal,+91 721894 0253,"830, Station Road, Wardha Road",345027.0
1228.0,2,2,3.0,62,10.4,1,15.6,21.23824,79.0693,Vikram Mehta,+91 877460 1310,"475, MG Road, Sadar",179948.0
2238.0,2,2,2.5,44,0.9,2,59.3,21.14677,79.07978,Priya Verma,+91 860272 2703,"436, Green Valley Road, Civil Lines",351692.0
2359.0,1,1,1.5,30,6.5,8,95.7,21.08757,79.08395,Sanjay Verma,+91 950643 5064,"877, MG Road, Hingna Road",303037.0
2813.0,2,2,3.0,61,24.7,9,41.7,20.98603,78.92253,Aarav Chauhan,+91 707403 7430,"452, Park Avenue, Civil Lines",371854.0
1231.0,2,2,1.5,55,24.3,3,99.6,21.25791,79.28946,Sneha Reddy,+91 902264 1698,"331, Market Street, Manish Nagar",114083.0
1653.0,1,1,3.5,67,9.7,9,17.6,21.17464,78.9996,Kavya Nair,+91 794306 4631,"921, Station Road, Ramdaspeth",295156.0
2286.0,3,3,3.0,41,5.2,6,79.6,21.10231,79.10729,Aarav Deshmukh,+91 763592 1753,"801, Church Street, Manish Nagar",376546.0
1837.0,2,2,3.5,75,7.0,4,92.8,21.14451,79.15614,Sneha Deshmukh,+91 659175 8911,"577, Park Avenue, Hingna Road",240352.0
1074.0,1,1,3.5,61,2.7,5,68.8,21.15077,79.06304,Aarav Sharma,+91 601328 7353,"12, Station Road, Civil Lines",200250.0
2070.0,3,3,1.0,5,2.1,7,10.9,21.15535,79.10528,Rahul Mehta,+91 952729 9158,"387, Lake View Lane, Hingna Road",391069.0
2176.0,1,1,2.0,23,14.0,10,32.7,21.23955,78.99824,Kavya Chauhan,+91 683512 2236,"976, Lake View Lane, Pratap Nagar",327246.0
1857.0,5,5,2.0,63,2.4,5,8.6,21.14716,79.06523,Riya Iyer,+91 685476 4050,"982, Ring Road, Laxmi Nagar",311817.0
1943.0,3,3,2.5,9,7.9,4,60.2,21.17744,79.15643,Riya Joshi,+91 669784 4529,"672, Park Avenue, Manish Nagar",318708.0
1632.0,5,5,3.0,56,28.9,8,99.8,20.94972,79.27182,Sai Gupta,+91 709990 9226,"462, Station Road, Sadar",203807.0
2761.0,5,5,2.5,27,8.7,6,37.5,21.12694,79.00687,Riya Kulkarni,+91 639412 7532,"858, Ring Road, Hingna Road",423824.0
1215.0,5,5,1.0,16,9.8,4,16.3,21.19016,79.00648,Kabir Verma,+91 862058 3749,"579, Station Road, Pratap Nagar",281993.0
1418.0,3,3,3.0,43,8.2,5,26.9,21.19009,79.02521,Vikram Rao,+91 965280 5259,"60, Sunrise Boulevard, Dharampeth",226586.0
1807.0,3,3,2.0,74,22.6,6,57.1,21.18189,79.30345,Aditya Nair,+91 800864 2626,"382, MG Road, Civil Lines",253471.0
2371.0,4,4,3.5,71,8.4,2,56.9,21.13682,79.00741,Ishaan Mehta,+91 847650 6655,"324, Church Street, Ramdaspeth",339078.0
827.0,1,1,1.5,32,1.7,1,23.0,21.14816,79.07187,Rahul Rao,+91 962417 1865,"668, Ring Road, Wardha Road",139488.0
948.0,5,5,3.0,0,6.7,7,75.1,21.19541,79.05162,Vivaan Bose,+91 951637 8997,"220, Ring Road, Wardha Road",220533.0
475.0,2,2,1.5,71,2.5,2,8.8,21.12667,79.07494,Suman Bose,+91 822992 6989,"775, MG Road, Civil Lines",141742.0
1821.0,1,1,2.5,71,6.5,6,62.3,21.17704,79.03465,Aarav Reddy,+91 635599 5836,"243, Church Street, Civil Lines",263313.0
1073.0,2,2,3.5,48,2.0,8,42.6,21.13813,79.07122,Kavya Sharma,+91 988102 1296,"628, Church Street, Laxmi Nagar",227102.0
1550.0,2,2,2.0,50,8.1,3,12.7,21.0975,79.14697,Suman Rao,+91 907988 8787,"301, College Road, Hingna Road",273479.0
2230.0,1,1,1.5,42,3.6,4,63.4,21.17024,79.06542,Rahul Joshi,+91 761902 7780,"248, Park Avenue, Wardha Road",295678.0
1383.0,4,4,3.5,0,10.9,10,67.3,21.20448,79.00394,Sneha Deshmukh,+91 671625 1095,"704, Station Road, Sitabuldi",244633.0
1950.0,1,1,3.5,12,5.7,1,44.0,21.10767,79.12466,Rahul Rao,+91 643974 1623,"941, Lake View Lane, Manish Nagar",330140.0
1605.0,5,5,1.5,11,2.1,8,79.8,21.16048,79.07549,Rahul Joshi,+91 769204 6692,"799, Market Street, Laxmi Nagar",293864.0
2237.0,3,3,1.0,73,4.4,2,50.9,21.16047,79.04893,Ishaan Sharma,+91 877892 3431,"511, Green Valley Road, Sitabuldi",317556.0
2109.0,4,4,1.5,3,8.5,10,28.6,21.07331,79.11389,Sai Deshmukh,+91 933707 7197,"913, Church Street, Sitabuldi",343246.0
1350.0,2,2,1.5,44,2.6,5,95.4,21.13313,79.06733,Rohan Reddy,+91 677845 6107,"825, Market Street, Manish Nagar",209226.0
1690.0,1,1,2.5,29,0.8,1,94.4,21.14276,79.09559,Kabir Iyer,+91 722145 9437,"917, Civil Lines, Civil Lines",203876.0
2478.0,1,1,1.5,0,15.5,8,9.6,21.17135,78.94127,Rohan Nair,+91 920087 1286,"9, Lake View Lane, Sadar",370806.0
2056.0,4,4,3.0,73,2.7,2,94.6,21.14903,79.06211,Sneha Verma,+91 643371 8223,"812, Hill Top Road, Gandhibagh",264968.0
892.0,4,4,1.5,1,7.2,4,77.5,21.16299,79.15485,Ritu Rao,+91 970131 3463,"517, Hill Top Road, Hingna Road",153568.0
2226.0,2,2,2.0,68,3.8,6,10.7,21.17842,79.10022,Meera Iyer,+91 659482 8519,"698, Green Valley Road, Ramdaspeth",319935.0
1095.0,2,2,2.5,62,2.4,8,51.9,21.14039,79.06559,Aarav Gupta,+91 773690 0728,"934, MG Road, Wardha Road",137540.0
2718.0,5,5,2.5,63,16.9,5,3.5,21.28592,79.15086,Rahul Gupta,+91 679796 1282,"519, Hill Top Road, Manish Nagar",361622.0
2466.0,5,5,1.5,12,36.3,9,58.9,21.23987,78.75221,Kavya Sharma,+91 998611 7440,"687, Ring Road, Sadar",362959.0
1988.0,3,3,2.0,70,2.1,5,93.3,21.16469,79.0839,Vikram Chauhan,+91 740197 9994,"981, Park Avenue, Pratap Nagar",284283.0
1902.0,2,2,2.5,47,9.6,4,36.8,21.15709,79.1802,Diya Reddy,+91 726644 2494,"114, Ring Road, Sadar",246730.0
1664.0,2,2,2.0,32,5.7,4,50.9,21.15377,79.03404,Priya Chauhan,+91 859870 8003,"741, Station Road, Wardha Road",265373.0
2241.0,3,3,3.5,54,20.4,9,22.8,20.99993,78.96887,Sneha Agarwal,+91 741596 9881,"709, Park Avenue, Sitabuldi",310846.0
1559.0,3,3,2.5,27,7.2,7,54.1,21.20095,79.05159,Rahul Nair,+91 960781 5154,"190, Lake View Lane, Manish Nagar",280235.0
1953.0,1,1,2.0,22,1.3,2,80.3,21.13451,79.09024,Kabir Agarwal,+91 782767 9106,"15, Civil Lines, Manish Nagar",269107.0
2367.0,1,1,1.5,23,20.0,8,21.5,21.28911,79.20576,Riya Gupta,+91 914560 5703,"632, Hill Top Road, Manish Nagar",323797.0
1435.0,3,3,1.5,45,33.6,5,55.3,21.30999,79.36069,Suman Patel,+91 833415 0058,"368, Park Avenue, Civil Lines",173076.0
1399.0,4,4,2.0,48,8.6,4,35.5,21.11484,79.1647,Vivaan Chauhan,+91 873340 6173,"313, Lake View Lane, Dharampeth",291973.0
1024.0,1,1,2.0,19,1.4,1,74.8,21.13977,79.10026,Sai Mehta,+91 934122 8112,"237, Sunrise Boulevard, Sadar",140143.0
1108.0,3,3,3.0,19,19.4,10,70.2,21.24243,78.93252,Kavya Kulkarni,+91 846455 1069,"544, Park Avenue, Hingna Road",206716.0
612.0,1,1,3.0,75,4.3,1,69.9,21.16451,79.05174,Ritu Chauhan,+91 709975 3502,"252, Civil Lines, Sadar",103707.0
2274.0,2,2,1.5,41,2.5,10,37.8,21.12775,79.10245,Suman Sharma,+91 835247 9805,"75, Station Road, Wardha Road",330665.0
2976.0,4,4,2.5,68,9.5,1,59.9,21.12953,78.99833,Riya Patel,+91 845735 8559,"42, Hill Top Road, Sitabuldi",346704.0
2726.0,2,2,2.5,26,26.6,6,65.1,21.30673,79.27876,Meera Bose,+91 703404 9708,"260, MG Road, Hingna Road",336455.0
743.0,2,2,1.0,23,13.5,2,68.1,21.22614,79.18606,Diya Verma,+91 778180 0388,"616, Park Avenue, Trimurti Nagar",129530.0
2271.0,5,5,2.5,22,12.8,5,57.5,21.23066,79.17243,Priya Nair,+91 960827 2509,"528, Sunrise Boulevard, Civil Lines",337251.0
2724.0,1,1,2.5,42,1.2,9,86.7,21.13515,79.09044,Amit Sharma,+91 709916 3332,"741, Church Street, Hingna Road",381140.0
1503.0,1,1,1.5,62,14.2,6,24.9,21.06917,78.9779,Meera Reddy,+91 690334 3696,"598, Ring Road, Trimurti Nagar",231799.0
1866.0,5,5,2.0,40,11.0,6,5.6,21.24026,79.05546,Meera Patel,+91 829436 9327,"292, Hill Top Road, Sitabuldi",290965.0
495.0,3,3,3.0,23,7.0,2,96.3,21.19915,79.12347,Pooja Gupta,+91 647403 8936,"916, Station Road, Gandhibagh",100455.0
1973.0,1,1,1.5,76,6.6,10,6.1,21.18757,79.13386,Ishaan Agarwal,+91 902607 9053,"586, Station Road, Manish Nagar",258915.0
1109.0,3,3,2.5,45,0.5,4,90.3,21.1413,79.08794,Ritu Reddy,+91 968061 5457,"618, MG Road, Dharampeth",193057.0
1930.0,3,3,1.0,31,0.8,6,61.2,21.14134,79.09369,Rahul Agarwal,+91 863650 6315,"497, Civil Lines, Trimurti Nagar",306022.0
785.0,2,2,1.5,0,9.2,9,91.9,21.12973,79.00108,Riya Chauhan,+91 657472 6956,"423, Park Avenue, Manish Nagar",180910.0
2153.0,3,3,3.5,44,21.7,7,56.5,20.95273,79.11794,Meera Joshi,+91 936889 3838,"992, Ring Road, Ramdaspeth",275466.0
2466.0,4,4,2.5,49,10.2,8,82.1,21.23548,79.06789,Meera Joshi,+91 609225 5158,"389, Ring Road, Manish Nagar",352566.0
1291.0,2,2,1.0,74,7.7,2,72.1,21.11031,79.02446,Meera Iyer,+91 645813 8122,"811, Hill Top Road, Laxmi Nagar",127872.0
1061.0,5,5,2.5,18,2.0,5,52.5,21.15253,79.07062,Ananya Kulkarni,+91 781340 1309,"84, Hill Top Road, Ramdaspeth",217748.0
400.0,3,3,1.0,13,9.9,6,36.3,21.19264,79.16993,Amit Agarwal,+91 840676 5079,"945, Civil Lines, Hingna Road",154953.0
1627.0,5,5,2.5,79,0.5,2,0.3,21.14616,79.08339,Arjun Agarwal,+91 831266 8482,"756, Civil Lines, Gandhibagh",260701.0
1422.0,1,1,1.0,44,18.8,4,25.1,21.00661,79.19209,Sneha Patel,+91 756238 5667,"823, Church Street, Wardha Road",153822.0
792.0,2,2,2.0,2,6.7,9,95.2,21.16508,79.14948,Kavya Kulkarni,+91 993394 9877,"319, Ring Road, Gandhibagh",150160.0
2094.0,4,4,2.5,8,4.4,10,27.5,21.15145,79.04641,Ananya Patel,+91 992451 5656,"657, College Road, Manish Nagar",331552.0
1508.0,5,5,2.5,38,13.5,9,75.2,21.05861,79.17966,Sanjay Rao,+91 614924 6611,"754, Hill Top Road, Civil Lines",224322.0
1101.0,2,2,2.5,49,4.0,10,50.8,21.11127,79.09772,Sai Verma,+91 675991 3821,"72, Hill Top Road, Manish Nagar",225446.0
1440.0,5,5,1.5,19,13.9,10,30.9,21.15095,78.95401,Sneha Joshi,+91 815399 0907,"648, College Road, Sadar",235261.0
2496.0,1,1,1.5,29,5.2,2,99.1,21.18716,79.11209,Arjun Agarwal,+91 693103 9440,"857, MG Road, Sitabuldi",324795.0
2192.0,3,3,1.5,58,23.1,9,4.7,20.9766,79.21746,Rohan Agarwal,+91 761687 5637,"847, MG Road, Civil Lines",315019.0
1715.0,2,2,2.0,77,6.0,7,58.2,21.19002,79.12124,Meera Kulkarni,+91 961374 2987,"760, MG Road, Dharampeth",232428.0
2202.0,3,3,2.5,39,3.0,9,46.2,21.17273,79.08329,Suman Joshi,+91 645958 8863,"892, Station Road, Sadar",358363.0
1045.0,5,5,3.0,33,7.9,7,7.7,21.19589,79.14239,Sai Mehta,+91 738421 6936,"282, Hill Top Road, Gandhibagh",208112.0
1821.0,4,4,1.5,28,8.0,2,21.4,21.16409,79.01376,Aditya Verma,+91 933438 9230,"688, Market Street, Gandhibagh",303708.0
1896.0,4,4,1.0,10,19.8,6,69.4,21.01643,78.95662,Aditya Kulkarni,+91 877859 1347,"269, Civil Lines, Gandhibagh",260108.0
1495.0,2,2,3.0,4,3.0,8,10.8,21.1221,79.10158,Neha Kulkarni,+91 823094 0254,"862, Hill Top Road, Dharampeth",278551.0
2083.0,5,5,3.5,66,15.6,2,80.1,21.17969,78.94158,Vikram Patel,+91 950882 3018,"524, Market Street, Laxmi Nagar",268148.0
1293.0,3,3,3.0,2,5.3,6,62.5,21.13706,79.13858,Amit Mehta,+91 913936 1899,"827, Lake View Lane, Ramdaspeth",258937.0
2131.0,4,4,1.5,65,9.7,7,10.1,21.0961,79.01069,Kabir Iyer,+91 769638 2894,"283, Hill Top Road, Ramdaspeth",338318.0
2159.0,4,4,1.0,19,13.9,5,28.7,21.06943,78.98182,Pooja Rao,+91 821565 6002,"307, Civil Lines, Civil Lines",259448.0
400.0,4,4,1.0,55,1.5,8,13.7,21.15792,79.09479,Ishaan Agarwal,+91 885364 1569,"969, Lake View Lane, Laxmi Nagar",143340.0
2574.0,4,4,1.5,76,3.8,2,79.8,21.17791,79.1018,Meera Reddy,+91 731831 5097,"903, Station Road, Laxmi Nagar",292416.0
400.0,3,3,3.5,59,4.5,4,53.3,21.12699,79.0496,Pooja Chauhan,+91 945349 7691,"194, MG Road, Hingna Road",96197.0
1400.0,4,4,3.5,58,1.1,10,0.3,21.13576,79.08621,Sanjay Nair,+91 891261 4301,"387, Station Road, Dharampeth",282104.0
2466.0,5,5,3.5,21,3.0,6,54.3,21.17164,79.09631,Rahul Rao,+91 840947 2511,"154, Green Valley Road, Manish Nagar",390294.0
1594.0,2,2,3.5,47,1.4,2,48.3,21.14711,79.07427,Sai Sharma,+91 763991 6728,"635, Ring Road, Sitabuldi",256766.0
847.0,3,3,2.0,51,16.0,2,64.3,21.25882,78.99273,Vikram Verma,+91 673043 5238,"44, Station Road, Laxmi Nagar",137884.0
1089.0,1,1,2.5,34,7.4,6,3.5,21.17098,79.02152,Diya Reddy,+91 687342 4587,"26, Civil Lines, Trimurti Nagar",179727.0
2467.0,2,2,3.0,3,3.8,10,3.5,21.17986,79.09466,Ananya Bose,+91 919008 2802,"552, Market Street, Laxmi Nagar",395203.0
551.0,4,4,3.0,72,23.5,1,34.9,21.30955,79.23211,Kavya Gupta,+91 881573 1869,"894, Ring Road, Gandhibagh",79192.0
2534.0,4,4,2.0,15,1.9,2,68.9,21.16154,79.08019,Riya Iyer,+91 877664 9829,"739, Hill Top Road, Wardha Road",333389.0
1764.0,2,2,3.0,77,3.5,4,66.7,21.123,79.11085,Kabir Agarwal,+91 627941 9749,"695, Station Road, Sitabuldi",233737.0
1025.0,3,3,2.0,74,16.8,3,27.8,21.00376,79.14327,Ritu Reddy,+91 915113 5157,"586, College Road, Pratap Nagar",179277.0
1421.0,5,5,2.5,1,0.9,2,21.6,21.15046,79.09493,Pooja Agarwal,+91 710741 8413,"181, Green Valley Road, Hingna Road",237236.0
1139.0,1,1,3.0,59,16.0,3,68.3,21.2215,79.22008,Arjun Verma,+91 852960 3310,"208, Sunrise Boulevard, Pratap Nagar",135388.0
2363.0,1,1,2.5,50,2.9,7,2.7,21.14696,79.06012,Kabir Verma,+91 716241 9963,"616, Church Street, Laxmi Nagar",342072.0
2276.0,2,2,3.5,18,2.7,9,55.7,21.16976,79.08374,Vivaan Sharma,+91 663961 0777,"922, Civil Lines, Trimurti Nagar",417414.0
683.0,4,4,2.0,65,3.1,4,42.4,21.12088,79.10148,Diya Verma,+91 636263 1887,"48, Church Street, Hingna Road",127556.0
1538.0,2,2,1.0,8,2.3,8,23.9,21.1476,79.06607,Rohan Mehta,+91 966758 7559,"379, Green Valley Road, Manish Nagar",264018.0
1239.0,5,5,1.5,19,3.8,9,52.0,21.11872,79.11006,Ritu Verma,+91 651802 3021,"189, Lake View Lane, Manish Nagar",227919.0
2641.0,5,5,2.5,75,7.1,1,21.7,21.18621,79.1418,Anjali Mehta,+91 658236 6957,"141, Green Valley Road, Sadar",368683.0
922.0,3,3,2.0,59,3.3,9,56.4,21.14022,79.11967,Sanjay Joshi,+91 784891 7685,"353, Lake View Lane, Civil Lines",188725.0
2843.0,2,2,2.5,8,15.2,2,14.9,21.00928,79.10399,Arjun Gupta,+91 924680 1250,"191, Green Valley Road, Laxmi Nagar",372336.0
1778.0,1,1,3.0,11,2.4,7,40.6,21.12429,79.08556,Rahul Sharma,+91 897902 4764,"245, Station Road, Civil Lines",321596.0
1045.0,5,5,1.5,20,4.5,8,51.0,21.13093,79.12863,Neha Patel,+91 933368 4928,"438, College Road, Dharampeth",231182.0
1360.0,5,5,1.0,5,0.5,9,3.2,21.14664,79.08345,Arjun Patel,+91 607926 0844,"742, Park Avenue, Pratap Nagar",316461.0
1279.0,3,3,3.5,14,9.6,5,61.1,21.21529,79.14313,Kavya Rao,+91 999292 8755,"544, Lake View Lane, Sadar",217146.0
971.0,3,3,2.0,45,6.2,7,75.0,21.14688,79.02858,Ishaan Chauhan,+91 634584 5798,"543, Hill Top Road, Manish Nagar",180287.0
1862.0,4,4,2.0,0,11.4,1,95.6,21.05165,79.13205,Suman Nair,+91 638400 2341,"601, College Road, Ramdaspeth",262598.0
1002.0,4,4,1.0,22,1.3,5,20.3,21.13709,79.09588,Ishaan Mehta,+91 710926 4320,"225, Sunrise Boulevard, Ramdaspeth",246802.0
400.0,1,1,2.0,25,0.9,10,20.9,21.14636,79.07985,Sai Reddy,+91 716491 9079,"74, Green Valley Road, Ramdaspeth",144543.0
1553.0,4,4,2.0,77,12.7,2,30.5,21.03216,79.07459,Kabir Verma,+91 714982 1342,"29, Church Street, Dharampeth",217588.0
628.0,5,5,2.0,77,3.7,2,89.1,21.17948,79.08889,Kavya Gupta,+91 604438 2805,"866, Station Road, Sitabuldi",98514.0
1311.0,4,4,1.0,67,21.7,8,40.7,21.34017,79.1138,Rahul Rao,+91 792673 6643,"875, College Road, Trimurti Nagar",181566.0
1209.0,3,3,2.5,27,10.9,6,30.2,21.09494,78.99764,Ritu Agarwal,+91 741433 2500,"336, Lake View Lane, Dharampeth",223271.0
1234.0,3,3,2.5,42,1.3,5,74.1,21.15126,79.07727,Diya Gupta,+91 825241 4430,"783, Market Street, Sitabuldi",230782.0
3101.0,2,2,1.5,40,1.0,3,3.8,21.1538,79.09356,Rohan Bose,+91 762471 6350,"259, Church Street, Gandhibagh",420246.0
1837.0,4,4,1.0,68,10.7,2,54.9,21.05004,79.09554,Aarav Mehta,+91 643156 3638,"305, Station Road, Trimurti Nagar",248175.0
1959.0,2,2,3.0,59,11.8,8,45.0,21.12448,78.97659,Riya Iyer,+91 827350 0905,"687, Civil Lines, Wardha Road",293258.0
645.0,2,2,3.0,72,10.1,4,62.5,21.13415,78.99123,Suman Mehta,+91 846013 9355,"926, Church Street, Wardha Road",112311.0
1375.0,2,2,2.0,44,9.7,8,73.1,21.22681,79.12303,Vivaan Kulkarni,+91 748743 2911,"613, Park Avenue, Laxmi Nagar",171276.0
1940.0,2,2,3.0,73,19.5,5,32.5,21.32146,79.0987,Suman Kulkarni,+91 628697 4086,"958, Church Street, Dharampeth",233148.0
1134.0,2,2,3.5,59,17.1,4,63.6,21.00138,79.02992,Arjun Agarwal,+91 909663 3304,"991, MG Road, Gandhibagh",124335.0
2390.0,1,1,1.0,59,5.0,3,52.4,21.1095,79.11719,Anjali Mehta,+91 805263 2130,"30, Civil Lines, Manish Nagar",308256.0
1018.0,4,4,2.0,52,11.5,7,13.4,21.23908,79.13742,Vivaan Sharma,+91 724641 7469,"410, Church Street, Manish Nagar",173704.0
1614.0,3,3,3.5,26,6.4,3,88.2,21.09271,79.11171,Anjali Iyer,+91 809950 2256,"471, Station Road, Civil Lines",234421.0
1419.0,5,5,1.5,48,1.1,10,75.5,21.13598,79.09077,Sai Chauhan,+91 743099 0393,"183, Church Street, Ramdaspeth",232001.0
1907.0,1,1,3.0,28,19.9,5,92.2,20.98108,79.16451,Arjun Gupta,+91 665683 7420,"213, Lake View Lane, Wardha Road",235126.0
1384.0,4,4,1.0,51,1.2,9,72.0,21.14061,79.07834,Rohan Rao,+91 876827 0155,"971, Market Street, Sitabuldi",213616.0
1624.0,1,1,1.5,20,13.3,5,24.5,21.24172,79.01164,Ishaan Rao,+91 658812 5961,"179, Ring Road, Ramdaspeth",260858.0
1647.0,3,3,2.0,63,1.0,5,43.1,21.13661,79.08951,Sanjay Joshi,+91 763172 7542,"482, Green Valley Road, Laxmi Nagar",269642.0
1323.0,3,3,2.5,45,2.1,5,38.7,21.14818,79.06807,Vivaan Chauhan,+91 823640 0253,"481, Ring Road, Pratap Nagar",234151.0
2115.0,3,3,1.0,56,13.2,5,3.6,21.2629,79.11063,Neha Joshi,+91 892432 8205,"661, Ring Road, Trimurti Nagar",295767.0
1955.0,4,4,1.0,17,3.0,5,41.1,21.16117,79.06479,Ritu Sharma,+91 964483 6835,"547, Lake View Lane, Sitabuldi",265949.0
1742.0,5,5,2.0,63,4.7,9,34.6,21.15684,79.04468,Diya Gupta,+91 836582 1462,"43, Market Street, Gandhibagh",288133.0
1520.0,2,2,1.0,64,6.9,8,0.4,21.14371,79.02158,Sanjay Mehta,+91 695853 8127,"450, Civil Lines, Gandhibagh",226829.0
2318.0,5,5,3.0,11,31.1,1,84.7,20.9777,79.32846,Rahul Deshmukh,+91 892547 4668,"336, Ring Road, Laxmi Nagar",305694.0
1647.0,1,1,3.0,28,1.4,1,14.4,21.15227,79.07708,Sanjay Mehta,+91 916107 3791,"129, Green Valley Road, Hingna Road",272119.0
1601.0,2,2,1.5,54,1.9,1,50.1,21.16229,79.08427,Ritu Kulkarni,+91 840898 9328,"986, Market Street, Civil Lines",231785.0
1868.0,2,2,2.5,69,6.0,7,78.5,21.13317,79.14436,Aditya Gupta,+91 863200 6288,"540, Civil Lines, Ramdaspeth",295514.0
2903.0,5,5,1.0,58,2.0,3,60.4,21.16362,79.08917,Sai Verma,+91 942126 7796,"963, Market Street, Laxmi Nagar",389903.0
929.0,1,1,2.5,37,3.3,4,16.9,21.14786,79.11979,Sai Bose,+91 853338 5210,"914, Civil Lines, Sadar",156879.0
2300.0,2,2,3.5,23,0.7,9,61.8,21.14102,79.09191,Vivaan Joshi,+91 982124 9815,"983, Hill Top Road, Pratap Nagar",395180.0
569.0,3,3,1.0,72,1.5,2,75.8,21.14208,79.10174,Aditya Deshmukh,+91 887427 4278,"237, Ring Road, Wardha Road",96343.0
1941.0,5,5,1.0,69,8.8,2,85.5,21.0738,79.05313,Aditya Bose,+91 689672 3108,"823, Green Valley Road, Manish Nagar",251556.0
2824.0,3,3,1.0,71,10.9,1,31.9,21.19959,79.00022,Ritu Patel,+91 645010 4517,"41, Civil Lines, Sadar",403263.0
2118.0,5,5,3.0,24,3.7,3,3.4,21.13686,79.05422,Pooja Chauhan,+91 718965 7298,"500, Sunrise Boulevard, Laxmi Nagar",370294.0
1911.0,4,4,1.5,34,4.1,1,60.8,21.11374,79.10766,Riya Iyer,+91 769380 7295,"867, Hill Top Road, Civil Lines",274406.0
1436.0,4,4,2.0,19,0.5,7,22.6,21.14283,79.09183,Pooja Mehta,+91 913883 2010,"571, Church Street, Trimurti Nagar",262334.0
1820.0,4,4,2.0,76,14.5,8,78.1,21.22428,79.20023,Ananya Iyer,+91 831078 8811,"202, Station Road, Wardha Road",290145.0
1636.0,1,1,1.0,69,12.2,2,68.0,21.06462,79.1679,Neha Patel,+91 680710 7700,"75, Ring Road, Ramdaspeth",194226.0
1289.0,3,3,1.0,13,20.4,6,77.3,21.02194,78.94197,Anjali Chauhan,+91 782959 9618,"458, Market Street, Sadar",191936.0
1612.0,3,3,1.0,19,11.3,4,96.8,21.16624,79.19475,Ishaan Iyer,+91 832537 2904,"792, Lake View Lane, Sadar",244662.0
1929.0,2,2,3.0,44,1.3,1,58.5,21.15315,79.09791,Ishaan Sharma,+91 998865 2253,"919, Green Valley Road, Trimurti Nagar",297186.0
1301.0,1,1,3.0,33,18.6,5,90.4,21.19299,79.26019,Kavya Patel,+91 836742 1239,"748, Church Street, Hingna Road",186845.0
1276.0,1,1,3.0,36,7.6,7,64.2,21.12417,79.15743,Arjun Bose,+91 639542 7898,"442, Park Avenue, Civil Lines",228638.0
916.0,4,4,1.5,29,21.8,3,18.2,21.23335,78.89953,Rahul Agarwal,+91 608652 5851,"707, Park Avenue, Pratap Nagar",165555.0
2054.0,4,4,2.5,53,5.0,8,79.9,21.10223,79.07795,Sneha Mehta,+91 777622 4880,"783, MG Road, Hingna Road",329960.0
2154.0,2,2,2.5,71,1.1,10,69.4,21.14591,79.09897,Sai Deshmukh,+91 700982 9537,"382, College Road, Civil Lines",304459.0
1951.0,4,4,3.5,73,5.0,1,97.8,21.10256,79.10109,Aditya Mehta,+91 601268 5450,"264, College Road, Ramdaspeth",307134.0
2427.0,4,4,1.5,36,8.2,2,24.3,21.15413,79.0094,Vivaan Chauhan,+91 968462 9119,"266, MG Road, Ramdaspeth",319144.0
1857.0,5,5,3.0,66,4.9,3,33.3,21.12534,79.13033,Priya Verma,+91 654822 0579,"745, Church Street, Wardha Road",298577.0
2055.0,5,5,1.0,55,4.7,9,82.1,21.14027,79.0433,Sai Sharma,+91 650128 5988,"809, Station Road, Dharampeth",284965.0
1997.0,5,5,2.0,15,12.5,2,6.3,21.03612,79.11745,Aarav Kulkarni,+91 625033 1030,"194, Park Avenue, Laxmi Nagar",315964.0
1740.0,1,1,3.5,63,27.1,5,63.3,20.9685,78.90848,Rahul Bose,+91 662214 1597,"973, Ring Road, Wardha Road",193666.0
1455.0,4,4,1.0,28,5.2,6,53.5,21.13977,79.03836,Ritu Joshi,+91 810883 4352,"19, Market Street, Hingna Road",250883.0
3239.0,2,2,1.5,50,22.0,2,16.9,21.08243,79.28973,Suman Bose,+91 994138 2879,"423, Ring Road, Trimurti Nagar",410708.0
1506.0,3,3,3.5,57,8.4,1,16.5,21.14788,79.00745,Aditya Nair,+91 913810 0073,"482, Green Valley Road, Ramdaspeth",207007.0
1367.0,4,4,1.0,75,8.9,2,81.0,21.0956,79.15529,Rohan Kulkarni,+91 917319 5492,"56, College Road, Gandhibagh",178440.0
2082.0,4,4,3.5,75,1.9,1,1.5,21.14972,79.10643,Priya Rao,+91 857020 5611,"724, MG Road, Sitabuldi",350668.0
1964.0,3,3,2.0,64,5.4,6,74.7,21.10513,79.05952,Anjali Chauhan,+91 843167 4313,"899, Sunrise Boulevard, Dharampeth",247973.0
887.0,5,5,2.0,40,2.9,10,73.3,21.13226,79.1116,Meera Mehta,+91 759185 5390,"238, Station Road, Wardha Road",181300.0
2530.0,1,1,3.5,32,4.1,4,65.0,21.12408,79.11995,Priya Nair,+91 723549 1543,"689, Civil Lines, Sadar",376011.0
1739.0,1,1,3.0,35,0.5,3,41.0,21.14622,79.08339,Ritu Gupta,+91 908215 1672,"950, Market Street, Pratap Nagar",267359.0
1078.0,1,1,1.5,76,5.4,3,2.8,21.15426,79.03702,Sneha Reddy,+91 600043 7364,"671, Hill Top Road, Dharampeth",164950.0
2573.0,5,5,1.0,16,3.8,10,80.2,21.11384,79.1019,Suman Verma,+91 947554 7304,"451, Church Street, Civil Lines",432343.0
2207.0,3,3,1.0,41,4.7,10,12.6,21.18206,79.0652,Pooja Patel,+91 938924 4209,"943, Sunrise Boulevard, Laxmi Nagar",336634.0
978.0,3,3,1.5,54,1.8,7,28.1,21.13946,79.10451,Suman Rao,+91 664142 2963,"401, Lake View Lane, Sitabuldi",178762.0
2955.0,4,4,3.0,1,0.5,5,94.7,21.1503,79.08818,Meera Sharma,+91 627687 4630,"670, Ring Road, Wardha Road",426517.0
2228.0,3,3,2.0,50,7.3,2,30.2,21.17536,79.15099,Ananya Rao,+91 700983 9712,"769, Civil Lines, Gandhibagh",305010.0
1793.0,3,3,3.5,20,0.7,10,25.5,21.1393,79.08917,Vivaan Sharma,+91 938638 3976,"617, Station Road, Civil Lines",368451.0
2834.0,1,1,1.0,22,1.2,1,97.3,21.1517,79.07893,Amit Patel,+91 701972 8333,"314, College Road, Sitabuldi",318851.0
1904.0,1,1,3.0,49,3.8,2,8.6,21.1728,79.06552,Arjun Kulkarni,+91 947193 9850,"709, Lake View Lane, Dharampeth",249210.0
1782.0,5,5,3.0,0,6.3,7,16.1,21.19741,79.06177,Aarav Sharma,+91 857907 2758,"310, Civil Lines, Pratap Nagar",302116.0
1371.0,3,3,3.5,12,1.9,2,43.8,21.14374,79.10609,Sanjay Iyer,+91 605633 3729,"483, Lake View Lane, Sadar",278839.0
2178.0,1,1,2.5,36,0.7,2,78.8,21.14298,79.08194,Priya Patel,+91 824903 8320,"545, Civil Lines, Laxmi Nagar",281159.0
2110.0,2,2,3.5,46,4.9,6,88.4,21.14356,79.13551,Meera Sharma,+91 811852 8632,"287, Market Street, Hingna Road",296228.0
1810.0,2,2,2.0,8,20.3,1,75.6,21.29798,78.97943,Vikram Gupta,+91 927764 5856,"766, Market Street, Sitabuldi",192291.0
1287.0,2,2,2.5,28,6.7,3,97.6,21.17706,79.03236,Sai Verma,+91 924048 6837,"252, Sunrise Boulevard, Manish Nagar",182020.0
1884.0,2,2,2.0,24,5.1,7,1.7,21.19061,79.09997,Sanjay Verma,+91 877743 5368,"161, Civil Lines, Wardha Road",335490.0
1755.0,4,4,1.5,42,1.7,2,62.0,21.15244,79.07298,Meera Mehta,+91 906412 8307,"725, Station Road, Hingna Road",271065.0
933.0,1,1,3.5,24,7.9,8,11.6,21.17286,79.15887,Meera Verma,+91 623179 9096,"879, Church Street, Ramdaspeth",193985.0
843.0,2,2,3.0,0,0.6,1,91.0,21.14582,79.09381,Arjun Bose,+91 880833 8756,"243, MG Road, Sitabuldi",117668.0
2167.0,3,3,3.5,42,14.0,7,93.5,21.18247,78.95874,Vikram Rao,+91 839050 4589,"517, Green Valley Road, Sadar",299435.0
400.0,3,3,3.5,67,27.8,1,30.3,20.89515,79.08148,Kabir Nair,+91 679155 0506,"930, Hill Top Road, Manish Nagar",56972.0
1934.0,5,5,2.5,46,14.5,8,82.8,21.19609,78.95903,Riya Chauhan,+91 829366 8336,"370, College Road, Manish Nagar",270174.0
1489.0,5,5,3.5,28,0.5,8,63.0,21.14529,79.0834,Sanjay Deshmukh,+91 805395 7816,"403, Market Street, Trimurti Nagar",305122.0
2650.0,2,2,1.0,38,6.3,8,10.0,21.16493,79.03053,Aditya Nair,+91 764140 9011,"697, Lake View Lane, Gandhibagh",414247.0
1479.0,3,3,2.5,11,15.2,3,60.3,21.1229,78.94377,Diya Bose,+91 821617 4350,"633, Market Street, Civil Lines",212896.0
2229.0,1,1,1.0,18,14.3,3,97.6,21.01842,79.11036,Rahul Rao,+91 855710 0932,"127, Church Street, Civil Lines",294139.0
1542.0,4,4,1.0,35,0.5,10,30.8,21.14155,79.0898,Arjun Kulkarni,+91 812497 8054,"43, Hill Top Road, Sitabuldi",286114.0
1874.0,1,1,2.0,47,7.2,8,0.1,21.09095,79.12452,Aarav Bose,+91 714509 7900,"364, Hill Top Road, Sadar",323130.0
2279.0,1,1,2.0,38,19.0,2,97.7,21.31188,79.13103,Diya Kulkarni,+91 799622 7964,"449, Civil Lines, Sadar",316010.0
1499.0,4,4,3.5,77,8.8,1,41.4,21.16662,79.00591,Neha Joshi,+91 882134 6672,"612, Station Road, Pratap Nagar",191200.0
2448.0,1,1,2.0,50,22.9,4,43.1,20.96537,79.19615,Ritu Mehta,+91 960949 8119,"399, Park Avenue, Hingna Road",319604.0
1154.0,3,3,2.0,1,10.2,7,71.3,21.11303,79.18009,Sanjay Mehta,+91 741696 2325,"132, Green Valley Road, Pratap Nagar",244841.0
1991.0,1,1,2.0,41,12.1,4,60.4,21.11661,78.97514,Rohan Bose,+91 843108 8124,"754, Park Avenue, Wardha Road",239196.0
2400.0,4,4,2.5,46,4.2,9,30.2,21.14748,79.04732,Arjun Kulkarni,+91 959667 6994,"432, Civil Lines, Pratap Nagar",369893.0
2229.0,4,4,3.5,3,25.7,6,10.0,20.91497,79.11096,Rohan Reddy,+91 709321 7192,"56, Church Street, Manish Nagar",331510.0
3046.0,3,3,1.5,30,8.3,10,82.7,21.14189,79.16844,Anjali Sharma,+91 906221 6272,"596, Lake View Lane, Gandhibagh",431232.0
1304.0,5,5,2.5,69,15.8,9,48.3,21.20973,78.95169,Ananya Deshmukh,+91 744581 2784,"402, Green Valley Road, Wardha Road",213160.0
904.0,3,3,2.0,28,0.5,5,67.2,21.14968,79.09066,Anjali Rao,+91 708653 6237,"535, Lake View Lane, Dharampeth",173533.0
1154.0,1,1,1.5,36,19.4,9,86.1,20.99474,79.18304,Vivaan Nair,+91 739456 6538,"857, College Road, Civil Lines",183799.0
2229.0,1,1,3.5,17,3.3,5,1.8,21.1174,79.08047,Meera Bose,+91 670695 9324,"191, Park Avenue, Wardha Road",306644.0
2124.0,2,2,2.5,6,0.9,1,85.9,21.15251,79.09378,Vivaan Patel,+91 710500 4215,"668, College Road, Pratap Nagar",281216.0
1866.0,2,2,1.0,25,3.8,4,75.2,21.17622,79.07196,Meera Sharma,+91 736417 9715,"119, Sunrise Boulevard, Sadar",285122.0
1070.0,2,2,2.0,61,4.7,5,94.7,21.13178,79.04493,Aarav Deshmukh,+91 610189 5840,"776, Church Street, Pratap Nagar",170553.0
2298.0,2,2,3.5,78,5.1,10,23.4,21.10007,79.08246,Ishaan Chauhan,+91 997609 0009,"365, Green Valley Road, Gandhibagh",324977.0
1004.0,3,3,3.0,52,1.7,9,32.2,21.13097,79.0913,Ishaan Agarwal,+91 881455 2009,"762, Ring Road, Civil Lines",226662.0
2553.0,1,1,1.0,66,1.2,2,66.1,21.15459,79.09454,Amit Chauhan,+91 669820 6269,"41, Lake View Lane, Wardha Road",354302.0
3657.0,4,4,2.0,51,6.1,1,92.6,21.1995,79.10041,Sneha Agarwal,+91 692472 5356,"661, Church Street, Gandhibagh",467285.0
2038.0,2,2,1.0,52,0.9,6,99.3,21.1375,79.08787,Meera Kulkarni,+91 984206 8484,"251, Ring Road, Sitabuldi",255982.0
2179.0,4,4,2.0,34,14.0,6,41.7,21.22981,79.18894,Rohan Chauhan,+91 740554 5561,"391, Green Valley Road, Ramdaspeth",347588.0
1480.0,3,3,2.5,4,11.9,8,53.9,21.14704,78.97354,Arjun Iyer,+91 754346 9203,"234, Green Valley Road, Manish Nagar",303391.0
623.0,5,5,2.0,32,8.7,3,17.1,21.12358,79.00806,Diya Deshmukh,+91 630458 6462,"399, Sunrise Boulevard, Manish Nagar",130601.0
1408.0,3,3,3.5,69,4.2,9,69.4,21.1776,79.06676,Suman Verma,+91 915428 5562,"790, Green Valley Road, Sitabuldi",239175.0
1090.0,2,2,2.0,42,0.5,5,83.7,21.14149,79.08959,Rahul Rao,+91 758680 7689,"52, Sunrise Boulevard, Wardha Road",207300.0
859.0,3,3,2.5,60,2.0,4,79.9,21.15189,79.10619,Aarav Reddy,+91 814981 5375,"601, Market Street, Sitabuldi",151499.0
2920.0,4,4,1.0,4,0.5,5,34.6,21.14136,79.08903,Aarav Bose,+91 734932 1100,"195, College Road, Pratap Nagar",402157.0
1977.0,3,3,1.5,16,2.7,10,96.3,21.12622,79.07213,Ananya Nair,+91 955761 6416,"397, Ring Road, Hingna Road",329728.0
2047.0,3,3,3.5,23,15.1,4,12.0,21.13964,78.94259,Kabir Gupta,+91 764107 1264,"557, Green Valley Road, Sadar",291271.0
1599.0,3,3,2.5,28,1.2,6,49.4,21.13808,79.09621,Diya Joshi,+91 983830 7690,"97, Sunrise Boulevard, Gandhibagh",242693.0
1688.0,2,2,3.0,79,19.7,9,55.5,21.31562,79.14453,Suman Verma,+91 857422 0674,"894, Civil Lines, Sitabuldi",189395.0
2427.0,2,2,2.5,36,3.9,1,53.7,21.11217,79.10011,Rohan Verma,+91 707960 4594,"680, Park Avenue, Wardha Road",362640.0
1779.0,5,5,2.0,52,0.7,6,75.8,21.15184,79.09087,Riya Nair,+91 707624 0130,"612, Market Street, Laxmi Nagar",267778.0
2145.0,4,4,2.0,51,0.8,8,61.0,21.14539,79.09551,Neha Mehta,+91 826316 8538,"929, Sunrise Boulevard, Hingna Road",347526.0
1673.0,1,1,2.0,33,6.8,10,7.7,21.15841,79.15292,Sneha Joshi,+91 830672 3044,"387, Hill Top Road, Laxmi Nagar",298665.0
1578.0,5,5,1.5,77,6.7,1,18.0,21.12603,79.02715,Meera Sharma,+91 825647 4461,"141, Market Street, Trimurti Nagar",240021.0
886.0,4,4,1.5,17,3.9,8,53.2,21.17611,79.1066,Kavya Kulkarni,+91 686327 0064,"831, Lake View Lane, Pratap Nagar",206587.0
514.0,1,1,2.5,2,0.6,9,69.5,21.14863,79.08355,Arjun Sharma,+91 713745 0712,"634, College Road, Manish Nagar",158418.0
1630.0,4,4,2.5,59,8.5,4,51.4,21.2075,79.13758,Suman Agarwal,+91 724283 0412,"448, Church Street, Civil Lines",251171.0
1837.0,3,3,2.0,52,4.4,8,35.6,21.18299,79.10289,Arjun Sharma,+91 856638 0320,"85, Sunrise Boulevard, Civil Lines",277041.0
964.0,5,5,2.0,20,1.3,5,5.1,21.1503,79.10017,Ishaan Sharma,+91 650687 6265,"260, MG Road, Trimurti Nagar",204755.0
1778.0,3,3,1.0,69,1.2,7,78.6,21.14636,79.10011,Aditya Rao,+91 644188 7516,"583, Green Valley Road, Sadar",257959.0
1835.0,3,3,3.0,12,3.3,4,49.7,21.11684,79.08214,Vivaan Agarwal,+91 791399 4224,"80, Park Avenue, Manish Nagar",297741.0
400.0,2,2,2.5,20,1.5,2,53.9,21.14962,79.0746,Ananya Deshmukh,+91 735000 7919,"548, Market Street, Manish Nagar",117229.0
1205.0,2,2,1.5,12,11.9,9,46.9,21.17598,79.19805,Sanjay Mehta,+91 810229 1984,"827, Station Road, Dharampeth",243908.0
2065.0,4,4,2.5,14,6.3,3,26.5,21.1245,79.1448,Ishaan Patel,+91 665929 4998,"449, College Road, Gandhibagh",339205.0
2052.0,5,5,3.5,58,11.3,2,27.6,21.0576,79.03276,Aarav Bose,+91 974622 7729,"615, Hill Top Road, Dharampeth",286817.0
1050.0,5,5,3.5,56,10.3,9,6.4,21.23797,79.07931,Kavya Sharma,+91 769456 1296,"217, Station Road, Sitabuldi",174273.0
1903.0,4,4,1.5,51,20.6,10,70.8,21.21563,78.90354,Meera Iyer,+91 850050 1598,"580, Lake View Lane, Gandhibagh",257738.0
2465.0,4,4,3.0,68,3.4,7,27.2,21.14786,79.05548,Meera Deshmukh,+91 949692 5998,"183, Station Road, Dharampeth",344009.0
2305.0,3,3,2.5,5,3.5,6,29.9,21.13248,79.05781,Aarav Mehta,+91 716030 7709,"720, Church Street, Sadar",355146.0
1738.0,2,2,2.5,49,4.6,4,99.4,21.11371,79.11574,Rohan Deshmukh,+91 788499 5370,"532, Church Street, Gandhibagh",246140.0
1496.0,4,4,2.5,9,2.6,7,38.6,21.13344,79.06729,Ananya Deshmukh,+91 730707 5460,"604, Ring Road, Sitabuldi",287491.0
1391.0,2,2,3.5,76,5.5,7,51.1,21.13918,79.14101,Amit Bose,+91 882885 5943,"320, Lake View Lane, Gandhibagh",266061.0
2104.0,2,2,1.5,50,8.7,6,38.6,21.06859,79.07605,Sneha Rao,+91 994303 2753,"350, College Road, Sadar",312448.0
1927.0,5,5,1.5,60,4.2,7,29.0,21.14307,79.12874,Sanjay Agarwal,+91 894472 4734,"658, College Road, Sadar",361717.0
2209.0,3,3,2.0,45,13.0,6,0.6,21.10906,78.96887,Meera Patel,+91 607865 8846,"617, Lake View Lane, Wardha Road",349850.0
1886.0,2,2,1.0,30,2.9,9,85.5,21.12236,79.07607,Diya Patel,+91 992730 4571,"691, Lake View Lane, Laxmi Nagar",315807.0
2332.0,5,5,3.5,54,0.5,7,47.3,21.14131,79.08783,Meera Sharma,+91 656687 4288,"140, MG Road, Pratap Nagar",368931.0
1861.0,5,5,3.5,66,20.7,4,72.0,20.95927,79.09417,Diya Gupta,+91 714768 2920,"188, Station Road, Trimurti Nagar",230035.0
2310.0,2,2,2.0,14,13.6,7,95.9,21.16446,79.21755,Ishaan Verma,+91 679318 0616,"296, Civil Lines, Sitabuldi",310538.0
2366.0,3,3,3.0,69,6.9,3,0.3,21.1904,79.13456,Meera Agarwal,+91 613497 9524,"387, Church Street, Dharampeth",342118.0
1277.0,3,3,1.5,58,1.6,3,67.5,21.16019,79.09037,Sai Rao,+91 955981 7259,"537, Green Valley Road, Pratap Nagar",178513.0
625.0,4,4,2.5,6,1.9,9,11.9,21.16255,79.08576,Arjun Nair,+91 684099 3158,"520, Ring Road, Sadar",176907.0
2803.0,5,5,2.0,74,10.5,6,45.8,21.0928,79.17223,Amit Mehta,+91 940459 8649,"70, MG Road, Civil Lines",403882.0
1967.0,3,3,1.5,14,33.5,1,84.7,20.84812,79.03271,Vivaan Iyer,+91 823898 7916,"36, Lake View Lane, Manish Nagar",201377.0
686.0,4,4,1.0,48,9.5,4,7.1,21.21317,79.14549,Aarav Joshi,+91 745242 6909,"821, Sunrise Boulevard, Ramdaspeth",106250.0
1336.0,3,3,2.0,10,12.4,10,99.0,21.19551,78.98135,Ananya Sharma,+91 960518 2085,"579, College Road, Gandhibagh",201383.0
2302.0,5,5,2.5,15,2.3,7,58.1,21.16621,79.08915,Riya Kulkarni,+91 668575 0992,"45, Station Road, Civil Lines",374936.0
1618.0,3,3,1.5,51,10.7,9,39.5,21.06143,79.13783,Pooja Chauhan,+91 861263 9076,"852, Green Valley Road, Trimurti Nagar",234360.0
1467.0,2,2,2.5,54,3.6,6,2.0,21.13,79.11802,Kavya Sharma,+91 988872 4698,"372, Green Valley Road, Manish Nagar",244283.0
2711.0,3,3,3.0,54,15.9,1,58.7,21.26844,79.16676,Arjun Verma,+91 761467 2488,"661, Church Street, Civil Lines",360697.0
1119.0,5,5,1.0,27,8.6,2,49.5,21.18462,79.01621,Ananya Patel,+91 722366 7591,"454, Hill Top Road, Laxmi Nagar",207355.0
1281.0,4,4,3.5,65,3.8,1,21.5,21.13587,79.12308,Diya Mehta,+91 652588 9464,"192, Ring Road, Pratap Nagar",197892.0
1937.0,1,1,2.5,3,7.8,8,49.0,21.08701,79.04656,Ananya Deshmukh,+91 602706 4472,"680, MG Road, Hingna Road",276147.0
2054.0,1,1,2.5,68,3.0,8,1.3,21.12601,79.10765,Rahul Agarwal,+91 621101 6237,"363, Ring Road, Manish Nagar",301253.0
2123.0,3,3,3.0,24,1.2,5,99.9,21.15443,79.08077,Sanjay Deshmukh,+91 750566 8585,"155, Lake View Lane, Civil Lines",336412.0
2392.0,5,5,2.5,49,15.8,8,33.2,21.28351,79.1264,Amit Joshi,+91 861909 5340,"223, Station Road, Trimurti Nagar",385762.0
1929.0,3,3,3.0,72,7.9,6,48.0,21.07956,79.06075,Diya Kulkarni,+91 740411 7136,"820, Station Road, Laxmi Nagar",292315.0
2118.0,3,3,1.5,20,2.3,8,78.5,21.1614,79.1025,Arjun Reddy,+91 855466 1984,"520, Station Road, Sitabuldi",361641.0
1632.0,4,4,1.5,32,1.5,7,71.3,21.13463,79.09579,Vivaan Deshmukh,+91 737684 4427,"426, Lake View Lane, Hingna Road",317921.0
1841.0,3,3,2.0,66,6.4,5,88.9,21.08831,79.09007,Sanjay Patel,+91 971003 1597,"780, Market Street, Gandhibagh",241719.0
1870.0,5,5,1.0,69,0.5,7,94.1,21.15004,79.08657,Suman Bose,+91 891774 7068,"251, Park Avenue, Manish Nagar",320705.0
1940.0,4,4,1.5,18,1.8,4,18.9,21.14593,79.07099,Vivaan Sharma,+91 931028 8622,"151, Church Street, Dharampeth",316435.0
2302.0,4,4,2.0,40,3.4,8,39.0,21.11674,79.09815,Ishaan Bose,+91 885738 4683,"99, Church Street, Gandhibagh",391995.0
2161.0,4,4,3.0,26,13.2,10,68.7,21.09848,79.20527,Kabir Nair,+91 676484 7089,"102, Station Road, Sadar",361201.0
1829.0,4,4,1.5,41,3.2,3,4.5,21.1686,79.06993,Sanjay Mehta,+91 898679 7219,"924, Station Road, Pratap Nagar",246760.0
1274.0,1,1,3.5,30,13.4,7,71.7,21.02849,79.12049,Kabir Patel,+91 819908 5354,"900, Market Street, Manish Nagar",174941.0
1844.0,3,3,2.0,0,14.7,2,0.5,21.27053,79.13685,Aarav Reddy,+91 684135 4593,"403, College Road, Hingna Road",259056.0
1782.0,1,1,1.5,73,21.0,4,91.4,21.03791,79.2551,Ananya Agarwal,+91 689859 4289,"472, MG Road, Hingna Road",147930.0
1926.0,3,3,1.0,50,4.0,7,71.8,21.11279,79.07322,Ananya Sharma,+91 613282 6998,"381, Civil Lines, Civil Lines",307254.0
3234.0,1,1,3.0,36,0.9,3,56.5,21.15248,79.09322,Diya Patel,+91 656735 4854,"548, Green Valley Road, Sadar",489906.0
1460.0,3,3,1.0,8,3.7,3,42.9,21.11218,79.08589,Kavya Mehta,+91 951281 6966,"180, Market Street, Sadar",236460.0
2074.0,2,2,2.0,5,6.8,4,98.8,21.08496,79.07747,Kabir Agarwal,+91 671194 4170,"659, Ring Road, Civil Lines",316893.0
2495.0,1,1,3.5,38,7.5,2,73.7,21.07873,79.08472,Aarav Nair,+91 612990 1967,"506, Station Road, Gandhibagh",366262.0
1864.0,1,1,2.5,51,1.6,7,80.7,21.15757,79.07964,Aditya Verma,+91 752710 8304,"912, Market Street, Sadar",276754.0
3320.0,3,3,1.0,20,3.6,2,82.5,21.11336,79.08597,Amit Patel,+91 714630 8505,"320, Station Road, Hingna Road",441336.0
1554.0,1,1,1.0,59,2.5,4,2.2,21.12622,79.09916,Sneha Chauhan,+91 990737 0995,"760, Civil Lines, Ramdaspeth",227691.0
2011.0,5,5,3.0,31,7.0,4,5.5,21.19783,79.04919,Arjun Gupta,+91 621676 4773,"166, Church Street, Pratap Nagar",350618.0
1281.0,4,4,2.0,0,2.7,10,19.8,21.16956,79.09509,Ritu Joshi,+91 971857 6077,"93, Sunrise Boulevard, Trimurti Nagar",302699.0
1572.0,4,4,1.5,42,2.0,10,65.5,21.13404,79.10303,Kavya Bose,+91 602731 8535,"752, MG Road, Pratap Nagar",288567.0
1962.0,1,1,1.5,14,5.5,1,62.4,21.11144,79.04931,Sanjay Iyer,+91 731599 6123,"887, Market Street, Pratap Nagar",278783.0
2350.0,4,4,2.0,1,2.7,2,32.5,21.15187,79.06258,Sanjay Sharma,+91 701748 0062,"897, Lake View Lane, Gandhibagh",366924.0
2007.0,4,4,1.5,10,0.5,8,97.3,21.14246,79.092,Sai Agarwal,+91 926947 3841,"59, Green Valley Road, Pratap Nagar",288036.0
2618.0,2,2,2.0,22,12.0,3,9.3,21.22756,79.16451,Riya Deshmukh,+91 652113 0050,"352, MG Road, Ramdaspeth",392238.0
1738.0,1,1,1.0,41,1.3,7,77.7,21.13459,79.09301,Riya Mehta,+91 779102 0288,"473, Park Avenue, Laxmi Nagar",221879.0
1584.0,3,3,3.5,79,0.5,10,48.1,21.14606,79.08338,Priya Chauhan,+91 898851 7696,"286, Hill Top Road, Ramdaspeth",288345.0
3558.0,4,4,2.0,17,5.2,2,41.9,21.1582,79.13676,Sneha Deshmukh,+91 857616 3128,"298, Sunrise Boulevard, Trimurti Nagar",516263.0
2056.0,1,1,3.5,4,1.9,10,2.6,21.14281,79.10666,Ananya Kulkarni,+91 760365 7608,"373, Ring Road, Civil Lines",335853.0
1332.0,1,1,1.0,15,0.5,1,72.8,21.14137,79.08905,Aditya Iyer,+91 659260 1889,"25, MG Road, Pratap Nagar",179312.0
1349.0,2,2,2.0,25,3.5,3,77.2,21.17669,79.09566,Vivaan Sharma,+91 928044 7631,"923, MG Road, Sadar",260553.0
1187.0,3,3,1.5,16,2.9,6,31.9,21.13364,79.11327,Priya Kulkarni,+91 932604 6672,"301, Market Street, Laxmi Nagar",226054.0
2409.0,3,3,2.5,25,28.4,9,51.7,21.04474,79.34011,Anjali Agarwal,+91 850498 6494,"583, Sunrise Boulevard, Manish Nagar",306353.0
1563.0,3,3,3.5,77,15.6,6,60.6,21.01206,79.13526,Kabir Kulkarni,+91 975078 7600,"789, Ring Road, Gandhibagh",241752.0
1883.0,2,2,1.5,30,7.8,2,36.8,21.19601,79.14059,Riya Mehta,+91 784469 4554,"166, Church Street, Manish Nagar",248752.0
1759.0,1,1,3.0,50,5.8,3,61.6,21.19381,79.10995,Ishaan Kulkarni,+91 961345 4488,"206, Hill Top Road, Sadar",195574.0
2275.0,1,1,2.0,54,13.4,8,43.4,21.02508,79.09148,Sneha Reddy,+91 985448 6889,"632, College Road, Sadar",325729.0
1250.0,1,1,3.0,10,11.3,6,87.8,21.09314,79.18205,Rohan Verma,+91 953923 9755,"992, Civil Lines, Gandhibagh",173896.0
1101.0,4,4,1.5,19,4.3,1,71.9,21.18325,79.09717,Priya Mehta,+91 948440 1222,"401, Sunrise Boulevard, Trimurti Nagar",193321.0
1946.0,4,4,3.0,33,14.4,6,11.0,21.17733,78.95363,Sanjay Bose,+91 765050 5008,"910, College Road, Sadar",293955.0
2191.0,3,3,2.5,36,8.1,5,80.0,21.20646,79.13253,Ananya Patel,+91 609481 4804,"18, Church Street, Ramdaspeth",331401.0
2016.0,1,1,1.0,1,26.0,1,33.8,21.17808,78.83931,Ritu Verma,+91 813953 6205,"736, Hill Top Road, Wardha Road",255887.0
1274.0,3,3,1.5,51,6.7,3,93.6,21.09848,79.04757,Vivaan Kulkarni,+91 871153 9335,"968, Lake View Lane, Manish Nagar",114274.0
2240.0,5,5,3.0,24,13.8,10,60.3,21.16022,79.22024,Aditya Nair,+91 896688 5215,"745, Lake View Lane, Dharampeth",373502.0
1316.0,2,2,3.5,25,25.1,8,2.8,20.96908,78.93723,Rohan Chauhan,+91 863445 8454,"115, Market Street, Wardha Road",215124.0
1461.0,3,3,1.0,48,19.4,1,73.4,21.0112,78.96843,Kabir Rao,+91 637652 8878,"12, Church Street, Civil Lines",210587.0
1186.0,3,3,2.5,75,12.7,1,13.1,21.17762,78.97076,Priya Rao,+91 846270 5252,"413, Sunrise Boulevard, Sitabuldi",180887.0
2646.0,2,2,3.0,69,11.0,4,87.7,21.08507,79.17258,Anjali Sharma,+91 791869 3706,"558, Ring Road, Hingna Road",353329.0
2212.0,3,3,2.5,78,7.3,5,94.8,21.19501,79.13482,Kabir Bose,+91 647743 7938,"657, Market Street, Hingna Road",273832.0
2193.0,3,3,1.5,33,7.2,5,69.5,21.16628,79.15395,Ananya Reddy,+91 948666 8837,"927, Church Street, Dharampeth",295187.0
2611.0,3,3,2.5,9,1.7,7,53.3,21.1462,79.07188,Vivaan Nair,+91 665242 1975,"585, MG Road, Wardha Road",406948.0
3628.0,4,4,2.5,17,6.2,2,60.2,21.1343,79.02967,Amit Mehta,+91 640315 4986,"268, Station Road, Sitabuldi",491653.0
689.0,3,3,1.5,27,5.2,1,42.9,21.1921,79.08298,Meera Agarwal,+91 783150 9186,"5, Civil Lines, Manish Nagar",165819.0
1320.0,1,1,3.0,24,5.1,7,8.4,21.13493,79.13562,Vivaan Deshmukh,+91 925574 5407,"931, Ring Road, Pratap Nagar",238049.0
1399.0,1,1,1.5,16,0.5,9,92.9,21.1503,79.08809,Neha Deshmukh,+91 622357 8539,"607, Church Street, Ramdaspeth",203408.0
1247.0,3,3,3.0,12,3.3,2,32.9,21.17548,79.08415,Kabir Verma,+91 741892 2331,"678, Sunrise Boulevard, Trimurti Nagar",206446.0
1100.0,5,5,3.5,14,9.4,4,31.3,21.06765,79.12198,Priya Verma,+91 701211 9285,"726, Ring Road, Dharampeth",250290.0
1605.0,1,1,3.5,52,4.1,7,19.1,21.12878,79.12283,Arjun Agarwal,+91 747074 8971,"799, Hill Top Road, Manish Nagar",258956.0
1009.0,1,1,3.5,39,6.3,2,99.2,21.13309,79.02922,Vikram Chauhan,+91 997019 8494,"848, Park Avenue, Pratap Nagar",138073.0
2018.0,4,4,1.0,3,2.3,9,94.3,21.14833,79.11073,Vivaan Mehta,+91 785609 1247,"868, College Road, Trimurti Nagar",358419.0
1834.0,3,3,1.0,45,2.5,3,34.9,21.1635,79.0734,Riya Chauhan,+91 776861 7256,"184, Hill Top Road, Laxmi Nagar",251449.0
2113.0,2,2,3.0,67,0.7,6,26.0,21.15237,79.08936,Sanjay Reddy,+91 733229 3472,"296, Lake View Lane, Pratap Nagar",264710.0
2130.0,2,2,3.0,34,9.4,4,80.5,21.13991,78.99718,Aarav Iyer,+91 712040 3522,"37, Green Valley Road, Sadar",274091.0
2192.0,4,4,3.5,25,0.5,7,42.3,21.14169,79.08621,Anjali Patel,+91 965782 2517,"122, Hill Top Road, Dharampeth",375395.0
1557.0,3,3,2.5,21,1.9,2,96.8,21.15644,79.07398,Vikram Deshmukh,+91 703975 0848,"943, Sunrise Boulevard, Sitabuldi",230867.0
3179.0,4,4,2.0,30,1.5,1,90.1,21.14262,79.07394,Arjun Kulkarni,+91 679187 2856,"423, Station Road, Pratap Nagar",391663.0
1952.0,2,2,1.0,22,4.7,6,75.9,21.10326,79.09103,Neha Gupta,+91 795687 6996,"680, Park Avenue, Gandhibagh",312590.0
589.0,3,3,1.0,73,2.1,9,9.0,21.16455,79.08869,Rahul Bose,+91 606353 3921,"564, MG Road, Hingna Road",151918.0
1148.0,5,5,2.5,79,15.1,7,70.2,21.27419,79.13682,Kavya Sharma,+91 966909 8288,"455, Market Street, Hingna Road",192760.0
669.0,2,2,1.0,27,4.0,8,98.7,21.11184,79.10147,Vikram Deshmukh,+91 910658 9198,"163, Park Avenue, Hingna Road",143455.0
1811.0,2,2,1.5,73,3.7,5,37.3,21.15344,79.12278,Anjali Gupta,+91 963653 0732,"724, Ring Road, Sitabuldi",226201.0
1721.0,1,1,1.0,68,6.1,2,88.2,21.19074,79.12293,Ananya Deshmukh,+91 930387 0369,"751, College Road, Hingna Road",211148.0
1496.0,4,4,1.5,6,5.4,5,40.8,21.1496,79.14055,Aditya Rao,+91 749091 7192,"157, Market Street, Trimurti Nagar",288579.0
3107.0,1,1,3.0,39,0.8,10,97.1,21.14326,79.08068,Priya Gupta,+91 836052 4384,"321, Station Road, Dharampeth",467373.0
2157.0,2,2,3.0,52,15.7,8,65.4,21.06281,78.96586,Riya Sharma,+91 770635 8632,"957, Hill Top Road, Laxmi Nagar",319787.0
2272.0,4,4,3.0,33,4.5,8,9.7,21.13797,79.04567,Vikram Mehta,+91 982020 7846,"853, Green Valley Road, Pratap Nagar",393507.0
1195.0,1,1,1.5,36,14.2,4,47.9,21.21141,78.97048,Arjun Patel,+91 699003 2118,"653, Park Avenue, Civil Lines",124620.0
1151.0,5,5,2.5,39,12.9,6,5.0,21.12476,78.96587,Ritu Nair,+91 614067 5204,"958, Station Road, Sitabuldi",225273.0
1824.0,3,3,3.0,55,4.7,7,39.5,21.18546,79.10383,Aarav Bose,+91 971896 8267,"876, Sunrise Boulevard, Hingna Road",268686.0
1912.0,2,2,2.0,23,7.3,7,91.5,21.08723,79.12082,Meera Chauhan,+91 777196 1690,"614, Civil Lines, Civil Lines",314323.0
593.0,3,3,2.5,47,0.5,9,23.2,21.14526,79.09299,Priya Rao,+91 783247 1282,"556, Green Valley Road, Pratap Nagar",196440.0
1683.0,4,4,3.0,19,0.5,7,95.1,21.14466,79.08353,Rahul Kulkarni,+91 836205 0367,"648, Sunrise Boulevard, Manish Nagar",266003.0
1809.0,3,3,3.0,71,1.8,3,10.0,21.15755,79.0757,Arjun Agarwal,+91 798040 8070,"800, Lake View Lane, Sadar",279144.0
1660.0,5,5,3.0,6,8.0,3,66.5,21.07654,79.10816,Ritu Mehta,+91 819145 6946,"959, Green Valley Road, Hingna Road",286333.0
1271.0,5,5,2.5,5,5.2,7,96.6,21.18982,79.10584,Aarav Gupta,+91 791439 6619,"328, Lake View Lane, Laxmi Nagar",265886.0
1449.0,2,2,2.0,3,15.1,9,65.4,21.26892,79.0253,Sanjay Agarwal,+91 904682 3061,"300, MG Road, Sitabuldi",198882.0
1685.0,4,4,3.5,27,5.1,10,89.9,21.12879,79.13426,Neha Verma,+91 660445 3179,"133, Market Street, Laxmi Nagar",240768.0
1859.0,2,2,3.0,48,2.6,7,99.1,21.16696,79.0978,Kavya Rao,+91 824113 7670,"11, Sunrise Boulevard, Hingna Road",276259.0
2193.0,5,5,2.5,78,7.6,6,64.2,21.19027,79.1443,Sai Deshmukh,+91 702355 1873,"354, Market Street, Hingna Road",256705.0
2503.0,2,2,2.0,36,2.1,9,78.2,21.14042,79.06895,Diya Joshi,+91 762070 2385,"250, Station Road, Ramdaspeth",373647.0
1609.0,2,2,2.5,14,4.9,10,3.2,21.12287,79.04803,Priya Iyer,+91 979863 4155,"896, Green Valley Road, Wardha Road",316950.0
1503.0,4,4,1.5,29,13.9,1,42.7,21.07426,78.97855,Sai Nair,+91 791720 4941,"487, MG Road, Civil Lines",252431.0
2084.0,4,4,2.0,10,18.3,4,28.8,21.28738,79.17865,Aarav Nair,+91 636222 0633,"697, Lake View Lane, Trimurti Nagar",298556.0
2197.0,1,1,2.0,37,0.5,4,82.4,21.14137,79.08733,Diya Deshmukh,+91 736875 7296,"208, Park Avenue, Gandhibagh",307429.0
1518.0,3,3,3.0,58,8.3,6,67.8,21.2208,79.0921,Diya Bose,+91 692173 2757,"456, Ring Road, Trimurti Nagar",249703.0
2314.0,2,2,2.0,2,14.8,3,61.4,21.10322,79.22321,Amit Deshmukh,+91 720495 8884,"808, Ring Road, Gandhibagh",290696.0
2437.0,4,4,1.0,62,0.6,4,93.2,21.15106,79.08899,Neha Reddy,+91 628534 7382,"235, Lake View Lane, Sadar",356626.0
2640.0,3,3,3.5,18,4.7,1,8.9,21.15037,79.13309,Meera Verma,+91 831882 5766,"393, Sunrise Boulevard, Trimurti Nagar",402586.0
2956.0,5,5,2.5,53,1.3,1,95.4,21.14095,79.07675,Neha Rao,+91 620999 0623,"597, Civil Lines, Sitabuldi",386845.0
1237.0,5,5,1.5,65,4.2,5,10.1,21.18228,79.10014,Priya Agarwal,+91 742559 8794,"201, Station Road, Wardha Road",229807.0
1809.0,4,4,3.5,62,21.0,10,34.7,21.00927,78.94824,Amit Mehta,+91 908343 9366,"592, Ring Road, Sadar",280715.0
1807.0,4,4,2.5,53,2.0,3,63.0,21.1635,79.09069,Rahul Reddy,+91 855083 2236,"614, Green Valley Road, Ramdaspeth",294756.0
1736.0,5,5,2.0,55,4.7,3,34.1,21.1641,79.04777,Suman Verma,+91 858838 6805,"530, Ring Road, Ramdaspeth",267012.0
1378.0,1,1,3.0,15,12.4,3,68.3,21.24692,79.13962,Neha Gupta,+91 962671 9921,"166, Sunrise Boulevard, Wardha Road",206785.0
834.0,4,4,3.0,10,3.1,10,77.5,21.15807,79.06078,Aarav Kulkarni,+91 910036 6561,"737, Sunrise Boulevard, Hingna Road",191796.0
1860.0,4,4,2.5,30,1.7,7,82.9,21.15753,79.09907,Riya Kulkarni,+91 991361 4926,"837, Lake View Lane, Wardha Road",281188.0
1301.0,1,1,2.0,48,8.3,7,17.9,21.20915,79.0463,Diya Nair,+91 960010 5252,"243, Market Street, Gandhibagh",216708.0
1856.0,5,5,3.0,49,4.0,2,18.2,21.17974,79.10029,Aditya Iyer,+91 731719 1978,"110, Station Road, Sitabuldi",279270.0
1284.0,4,4,1.5,62,6.4,10,5.2,21.093,79.11316,Pooja Patel,+91 884166 8288,"510, Lake View Lane, Ramdaspeth",265719.0
1085.0,2,2,3.0,24,5.7,2,49.1,21.09496,79.08109,Sneha Bose,+91 972218 4314,"174, College Road, Manish Nagar",198609.0
1952.0,3,3,2.0,69,0.8,10,13.8,21.15227,79.0922,Sneha Nair,+91 818346 6102,"308, Ring Road, Trimurti Nagar",305342.0
1898.0,3,3,3.0,35,22.5,10,31.9,21.24684,79.27701,Sneha Deshmukh,+91 678927 1150,"656, Park Avenue, Gandhibagh",300902.0
2177.0,5,5,2.0,19,4.7,6,84.0,21.15255,79.13254,Suman Nair,+91 809862 0148,"206, Green Valley Road, Trimurti Nagar",323655.0
3221.0,5,5,3.0,58,2.5,9,94.9,21.16787,79.09169,Rahul Joshi,+91 658970 2357,"366, Ring Road, Laxmi Nagar",428229.0
1980.0,5,5,1.0,10,4.5,10,82.2,21.15087,79.0448,Amit Mehta,+91 899499 1648,"333, Lake View Lane, Manish Nagar",321774.0
2115.0,4,4,3.5,32,2.5,6,0.1,21.15913,79.06856,Vikram Iyer,+91 981696 8778,"714, Hill Top Road, Wardha Road",362030.0
1100.0,1,1,1.0,62,4.9,8,56.8,21.13798,79.13452,Amit Bose,+91 891735 6618,"802, Ring Road, Hingna Road",185332.0
964.0,5,5,2.5,61,6.8,6,16.7,21.08695,79.10535,Rahul Nair,+91 877652 5280,"871, Green Valley Road, Sadar",202840.0
2829.0,1,1,1.0,20,0.7,6,37.6,21.14876,79.09414,Vivaan Deshmukh,+91 807755 0882,"114, MG Road, Sadar",428746.0
1200.0,1,1,3.0,13,17.5,4,42.8,21.278,79.17949,Diya Chauhan,+91 805211 6373,"769, Ring Road, Ramdaspeth",160544.0
1121.0,1,1,3.0,2,0.8,7,94.3,21.14694,79.09543,Arjun Iyer,+91 762563 8628,"275, MG Road, Dharampeth",197287.0
1775.0,5,5,1.5,7,1.2,3,63.4,21.15405,79.09568,Anjali Gupta,+91 647305 5776,"893, Church Street, Ramdaspeth",338720.0
1741.0,3,3,3.5,66,21.5,2,26.8,21.11014,78.88371,Riya Bose,+91 850599 0810,"532, Sunrise Boulevard, Ramdaspeth",183554.0
1213.0,2,2,1.0,62,4.4,3,64.3,21.16401,79.12552,Kavya Deshmukh,+91 705164 8225,"920, Market Street, Trimurti Nagar",158459.0
1602.0,1,1,2.5,40,23.6,1,95.2,21.22387,79.30012,Kavya Deshmukh,+91 614564 1209,"401, Ring Road, Laxmi Nagar",147150.0
2599.0,3,3,1.0,45,1.8,10,5.9,21.15699,79.10128,Rahul Bose,+91 953304 0721,"320, Hill Top Road, Wardha Road",404128.0
1276.0,4,4,1.0,26,5.5,3,81.6,21.10215,79.06225,Vikram Sharma,+91 810300 2524,"827, Hill Top Road, Laxmi Nagar",192239.0
894.0,5,5,1.5,15,3.7,8,21.7,21.14986,79.12381,Rohan Bose,+91 845090 9240,"356, Sunrise Boulevard, Trimurti Nagar",235570.0
2413.0,3,3,2.5,0,3.6,5,15.3,21.13971,79.12202,Suman Verma,+91 838663 9726,"778, MG Road, Trimurti Nagar",395634.0
2120.0,4,4,2.0,53,17.0,4,89.9,21.24986,78.9682,Vikram Patel,+91 631640 8659,"52, Church Street, Gandhibagh",245264.0
1397.0,5,5,3.0,2,1.8,3,0.2,21.15972,79.07917,Rohan Gupta,+91 879714 5235,"677, Hill Top Road, Wardha Road",270080.0
772.0,5,5,1.0,8,3.4,9,74.1,21.15058,79.05612,Riya Verma,+91 841558 1492,"907, Church Street, Laxmi Nagar",193096.0
1316.0,2,2,3.5,63,0.7,6,8.7,21.14514,79.08192,Priya Verma,+91 873177 9737,"282, Civil Lines, Trimurti Nagar",254673.0
1764.0,5,5,1.0,46,12.9,5,61.8,21.20192,78.97872,Diya Verma,+91 603256 5130,"984, College Road, Ramdaspeth",323147.0
2558.0,3,3,1.5,39,0.8,7,62.1,21.14644,79.08018,Pooja Rao,+91 957258 1933,"22, Sunrise Boulevard, Manish Nagar",396261.0
1126.0,5,5,1.5,17,0.8,9,86.3,21.15186,79.08409,Arjun Iyer,+91 873421 8018,"126, Station Road, Trimurti Nagar",209204.0
1745.0,1,1,1.0,11,1.9,7,82.3,21.16083,79.08037,Pooja Iyer,+91 972873 0764,"314, Lake View Lane, Sitabuldi",264932.0
2239.0,1,1,2.0,37,9.5,5,68.5,21.16048,79.17904,Sneha Patel,+91 823282 4605,"313, Church Street, Hingna Road",306026.0
400.0,5,5,3.5,28,9.1,9,38.1,21.07344,79.04668,Sanjay Bose,+91 765646 9336,"600, Green Valley Road, Dharampeth",142799.0
2472.0,4,4,3.0,42,7.6,9,16.6,21.10007,79.03416,Amit Reddy,+91 902141 2464,"866, Hill Top Road, Hingna Road",408470.0
1031.0,1,1,3.5,13,29.3,10,63.6,20.9155,78.95006,Riya Rao,+91 787060 1753,"102, College Road, Dharampeth",109510.0
2016.0,5,5,2.5,18,11.7,1,49.7,21.10752,79.1939,Rohan Patel,+91 713751 4210,"748, College Road, Sadar",317700.0
1960.0,1,1,1.5,9,3.6,9,7.8,21.15124,79.05407,Suman Gupta,+91 671188 5701,"822, Lake View Lane, Laxmi Nagar",317151.0
2505.0,4,4,2.0,33,4.8,2,95.6,21.11638,79.12255,Sneha Gupta,+91 637060 9276,"581, Park Avenue, Pratap Nagar",342220.0
2158.0,2,2,3.0,22,2.8,7,31.4,21.15452,79.06277,Ananya Bose,+91 637646 2774,"985, Park Avenue, Hingna Road",384062.0
400.0,1,1,1.0,17,16.2,7,0.2,21.16622,78.9336,Arjun Patel,+91 768622 9837,"97, Lake View Lane, Laxmi Nagar",74291.0
1290.0,5,5,1.0,43,11.6,3,90.2,21.06849,79.01321,Aditya Rao,+91 706239 1744,"737, Ring Road, Hingna Road",197217.0
1890.0,5,5,3.5,39,2.8,1,57.7,21.17076,79.09402,Sai Joshi,+91 749520 2119,"417, MG Road, Sadar",317327.0
1673.0,1,1,1.0,16,4.8,10,73.3,21.18835,79.09769,Ishaan Verma,+91 949521 7103,"414, Market Street, Gandhibagh",271710.0
2110.0,1,1,3.5,55,2.4,9,15.3,21.14444,79.06459,Anjali Iyer,+91 832554 5613,"599, Ring Road, Civil Lines",295148.0
2313.0,4,4,3.5,27,5.8,2,40.5,21.16754,79.13888,Priya Verma,+91 909687 0485,"796, Park Avenue, Trimurti Nagar",385274.0
2195.0,1,1,2.5,27,2.6,7,64.5,21.16936,79.09032,Sneha Patel,+91 959777 3980,"481, Green Valley Road, Gandhibagh",321875.0
1661.0,4,4,2.5,38,13.3,2,25.1,21.03003,79.12292,Sanjay Kulkarni,+91 652586 7408,"273, Park Avenue, Hingna Road",240296.0
600.0,5,5,1.5,11,12.7,6,70.1,21.17167,78.96857,Suman Joshi,+91 801744 0175,"266, College Road, Dharampeth",137286.0
1504.0,4,4,2.0,33,11.6,4,23.4,21.16318,79.19854,Priya Rao,+91 924498 4150,"953, Market Street, Pratap Nagar",237389.0
2071.0,2,2,3.5,46,10.4,8,20.9,21.18082,79.18176,Vivaan Gupta,+91 765845 0827,"414, College Road, Pratap Nagar",292616.0
1091.0,1,1,3.5,10,1.0,6,1.2,21.14123,79.09704,Riya Mehta,+91 723287 7374,"366, Ring Road, Sadar",233779.0
2210.0,4,4,2.0,45,0.9,5,28.2,21.14365,79.09645,Ritu Chauhan,+91 872590 7649,"565, Civil Lines, Laxmi Nagar",332845.0
2390.0,1,1,3.0,3,21.3,7,24.7,20.99679,78.95789,Ananya Agarwal,+91 975360 2425,"689, Park Avenue, Civil Lines",362572.0
1882.0,3,3,3.5,48,17.7,5,76.4,21.29179,79.156,Aditya Patel,+91 683447 7286,"38, MG Road, Dharampeth",273796.0
400.0,3,3,1.0,2,7.4,1,57.0,21.19467,79.04016,Amit Kulkarni,+91 788576 6523,"19, Green Valley Road, Wardha Road",138955.0
969.0,4,4,2.0,14,4.7,6,17.8,21.18581,79.07261,Riya Gupta,+91 677411 8120,"573, Hill Top Road, Hingna Road",210288.0
3026.0,2,2,2.5,28,5.8,8,56.8,21.09445,79.10056,Ishaan Agarwal,+91 828288 7296,"630, MG Road, Sadar",415641.0
1445.0,4,4,2.5,49,13.0,5,22.5,21.11874,78.96596,Aarav Rao,+91 673665 5798,"491, Market Street, Sadar",200324.0
510.0,4,4,3.5,57,10.5,2,42.6,21.0529,79.10698,Kavya Deshmukh,+91 738321 7488,"296, Station Road, Trimurti Nagar",165790.0
2603.0,2,2,3.5,37,4.8,1,88.8,21.1787,79.05882,Ishaan Joshi,+91 752193 0380,"782, Civil Lines, Dharampeth",362260.0
1809.0,2,2,2.5,10,3.3,3,71.9,21.12408,79.10994,Rohan Kulkarni,+91 664945 4600,"102, MG Road, Pratap Nagar",258120.0
2518.0,1,1,1.5,30,1.5,8,65.1,21.15161,79.07515,Sai Bose,+91 853177 1174,"639, College Road, Sitabuldi",407030.0
1980.0,3,3,3.5,62,11.1,4,28.1,21.19532,78.99528,Neha Patel,+91 735306 6026,"433, Green Valley Road, Gandhibagh",323712.0
2098.0,2,2,3.5,7,0.6,10,12.5,21.14615,79.08278,Sanjay Chauhan,+91 779603 2903,"366, Station Road, Hingna Road",341114.0
2036.0,1,1,3.5,57,1.5,4,75.3,21.13864,79.0764,Priya Rao,+91 852719 4391,"106, Civil Lines, Sitabuldi",265002.0
2253.0,3,3,2.5,30,11.1,5,56.8,21.08393,79.17274,Pooja Patel,+91 940537 5699,"669, Sunrise Boulevard, Pratap Nagar",323695.0
3280.0,3,3,1.5,0,5.9,8,62.3,21.15978,79.03307,Riya Nair,+91 925714 5808,"185, MG Road, Civil Lines",453445.0
2431.0,1,1,2.5,55,1.7,7,97.5,21.13922,79.10321,Diya Sharma,+91 628641 3726,"540, MG Road, Manish Nagar",329104.0
773.0,1,1,1.0,2,0.9,1,34.8,21.15108,79.08102,Kavya Joshi,+91 820689 5664,"894, Green Valley Road, Laxmi Nagar",164137.0
2090.0,1,1,2.5,29,25.0,1,80.1,21.34705,78.97898,Ishaan Rao,+91 702363 2907,"741, Sunrise Boulevard, Gandhibagh",206414.0
2542.0,4,4,3.5,15,1.1,2,55.9,21.15508,79.08531,Suman Iyer,+91 903883 0984,"64, Market Street, Gandhibagh",395367.0
2582.0,2,2,1.5,46,1.1,9,23.5,21.14713,79.09888,Sai Nair,+91 706787 8516,"981, Park Avenue, Sadar",421281.0
1523.0,1,1,3.5,4,2.0,1,5.3,21.13142,79.09928,Anjali Mehta,+91 626104 5176,"624, Ring Road, Sitabuldi",268842.0
2557.0,1,1,1.5,7,8.9,1,61.6,21.18425,79.16405,Sneha Agarwal,+91 983691 8676,"830, Sunrise Boulevard, Dharampeth",335328.0
2403.0,5,5,1.0,42,8.6,8,29.8,21.21239,79.04638,Sai Iyer,+91 967000 9499,"61, Market Street, Gandhibagh",356826.0
3472.0,2,2,3.0,79,2.4,7,69.5,21.16756,79.08813,Neha Sharma,+91 730842 7433,"913, Church Street, Pratap Nagar",484739.0
1312.0,4,4,1.0,3,2.4,10,70.1,21.12457,79.0874,Aditya Joshi,+91 993950 1611,"717, Market Street, Gandhibagh",230808.0
1470.0,3,3,3.0,36,4.1,3,45.5,21.13044,79.12473,Riya Bose,+91 744989 0896,"883, Sunrise Boulevard, Sadar",246585.0
1601.0,1,1,3.0,64,10.9,7,53.6,21.0557,79.13124,Vivaan Iyer,+91 798643 3254,"976, Lake View Lane, Ramdaspeth",229779.0
1481.0,2,2,1.0,23,6.7,2,62.7,21.20019,79.06076,Sneha Verma,+91 721503 0366,"840, Sunrise Boulevard, Hingna Road",241465.0
1221.0,1,1,1.0,39,8.9,6,46.9,21.16776,79.00569,Rohan Chauhan,+91 707346 0113,"429, Green Valley Road, Ramdaspeth",171120.0
400.0,4,4,1.0,67,4.9,2,87.7,21.18998,79.08908,Ishaan Nair,+91 900514 2914,"837, College Road, Sitabuldi",59519.0
1517.0,2,2,1.5,58,5.5,10,7.6,21.12305,79.13533,Kabir Iyer,+91 647193 0756,"967, Sunrise Boulevard, Laxmi Nagar",229499.0
2040.0,3,3,3.5,23,0.6,5,98.0,21.14972,79.09275,Aditya Reddy,+91 893995 7060,"907, Lake View Lane, Wardha Road",326294.0
1479.0,1,1,3.0,60,6.7,3,3.3,21.1279,79.14982,Anjali Kulkarni,+91 647044 2589,"641, Hill Top Road, Hingna Road",213236.0
3058.0,5,5,3.5,54,0.9,10,20.8,21.13842,79.09155,Ritu Patel,+91 699211 9274,"957, Station Road, Pratap Nagar",465523.0
1809.0,2,2,3.5,40,23.8,1,70.8,20.93728,79.03315,Ritu Mehta,+91 667903 1338,"595, Sunrise Boulevard, Trimurti Nagar",201676.0
2639.0,3,3,3.5,35,5.1,8,8.5,21.1001,79.09564,Amit Iyer,+91 771477 8289,"444, Park Avenue, Hingna Road",431419.0
1970.0,5,5,3.0,74,5.7,6,26.2,21.18895,79.05911,Kabir Iyer,+91 826680 2804,"171, Church Street, Laxmi Nagar",287457.0
2337.0,4,4,3.5,69,19.8,7,15.4,21.31694,79.03378,Vikram Gupta,+91 826480 5550,"465, Lake View Lane, Manish Nagar",314051.0
1982.0,4,4,2.0,79,15.0,3,72.4,21.23744,78.98168,Vikram Agarwal,+91 948617 9800,"951, Market Street, Gandhibagh",275861.0
2690.0,5,5,3.0,54,7.5,9,57.9,21.20692,79.11823,Kabir Nair,+91 613949 0779,"119, Ring Road, Dharampeth",406417.0
1836.0,1,1,1.0,28,7.8,5,6.4,21.0752,79.08647,Pooja Chauhan,+91 656086 7307,"860, Lake View Lane, Dharampeth",300384.0
2122.0,5,5,2.5,8,2.7,5,46.0,21.14956,79.06272,Suman Agarwal,+91 971806 0743,"642, Hill Top Road, Ramdaspeth",348301.0
2038.0,3,3,3.0,10,4.2,5,20.9,21.12096,79.11873,Diya Deshmukh,+91 978670 8514,"132, Civil Lines, Manish Nagar",339199.0
1613.0,3,3,1.5,76,0.5,3,96.8,21.14268,79.09169,Riya Nair,+91 867522 7867,"226, Civil Lines, Sitabuldi",221152.0
2063.0,2,2,1.5,29,3.4,4,10.8,21.17087,79.10626,Pooja Bose,+91 964440 5198,"29, College Road, Gandhibagh",350959.0
3252.0,4,4,1.5,8,1.7,2,59.8,21.16057,79.09134,Arjun Joshi,+91 946058 5809,"740, College Road, Dharampeth",494989.0
1624.0,5,5,1.0,17,6.7,5,48.2,21.17817,79.03302,Suman Nair,+91 830661 3910,"359, Ring Road, Sadar",304728.0
2073.0,4,4,2.0,1,0.5,5,57.8,21.14886,79.09175,Sai Iyer,+91 786438 8084,"186, Market Street, Trimurti Nagar",327865.0
2618.0,1,1,3.0,42,8.4,4,95.6,21.07514,79.05789,Suman Chauhan,+91 933459 0600,"160, Green Valley Road, Dharampeth",313754.0
2541.0,3,3,1.5,47,7.5,10,34.1,21.07858,79.08257,Kabir Gupta,+91 837339 2786,"504, College Road, Civil Lines",403042.0
1808.0,4,4,3.0,30,14.0,2,74.9,21.02134,79.06392,Amit Chauhan,+91 999013 6268,"336, Hill Top Road, Gandhibagh",293851.0
400.0,2,2,3.5,59,5.3,10,44.7,21.15476,79.03746,Kavya Gupta,+91 608496 0902,"904, MG Road, Pratap Nagar",154286.0
2136.0,4,4,3.0,38,11.6,9,66.1,21.05881,79.15007,Ananya Deshmukh,+91 659151 3247,"957, Market Street, Pratap Nagar",334144.0
400.0,4,4,3.5,76,10.6,1,36.6,21.08705,79.00787,Priya Reddy,+91 876076 0976,"200, Green Valley Road, Ramdaspeth",103874.0
2755.0,1,1,1.5,61,2.3,8,22.7,21.14498,79.11002,Kabir Agarwal,+91 947376 6711,"861, Station Road, Civil Lines",409771.0
1910.0,3,3,2.5,6,6.5,3,8.4,21.09244,79.11314,Rahul Agarwal,+91 858259 6089,"61, Ring Road, Sitabuldi",317886.0
2450.0,1,1,3.5,21,16.7,1,10.2,20.99727,79.06016,Suman Kulkarni,+91 776563 6578,"440, Civil Lines, Civil Lines",338090.0
1214.0,3,3,3.5,60,6.2,9,95.9,21.18491,79.13104,Riya Bose,+91 679473 7260,"577, Market Street, Civil Lines",208839.0
791.0,2,2,2.0,42,3.6,2,78.8,21.11754,79.10551,Arjun Rao,+91 672234 1515,"276, Park Avenue, Pratap Nagar",107103.0
1969.0,5,5,3.5,60,14.2,3,24.5,21.26559,79.04144,Rahul Agarwal,+91 635190 8385,"649, Lake View Lane, Civil Lines",279643.0
1778.0,5,5,3.5,26,1.1,1,52.9,21.15052,79.07913,Priya Joshi,+91 685766 5288,"577, MG Road, Civil Lines",277886.0
1480.0,3,3,1.5,3,1.9,2,71.4,21.14975,79.07041,Ritu Sharma,+91 872471 1458,"933, Lake View Lane, Sitabuldi",199774.0
1855.0,3,3,3.0,62,0.5,1,35.3,21.14997,79.0857,Arjun Nair,+91 832788 6061,"936, MG Road, Sadar",278382.0
3599.0,4,4,1.0,62,0.5,9,44.0,21.14864,79.09195,Kavya Sharma,+91 779622 7781,"816, Lake View Lane, Gandhibagh",512046.0
2342.0,4,4,2.5,51,2.5,1,71.8,21.16758,79.09589,Neha Mehta,+91 979047 5963,"790, Station Road, Gandhibagh",346417.0
2482.0,4,4,1.5,32,3.8,8,22.7,21.11319,79.10041,Anjali Patel,+91 767729 9223,"337, Sunrise Boulevard, Civil Lines",425517.0
2349.0,4,4,3.5,0,13.8,2,52.6,21.04431,79.01149,Aditya Reddy,+91 731179 0522,"867, Green Valley Road, Pratap Nagar",383703.0
2762.0,5,5,1.0,58,28.4,10,21.0,21.05577,79.34533,Riya Chauhan,+91 851084 0867,"362, Lake View Lane, Sitabuldi",420326.0
1676.0,5,5,2.0,52,11.9,9,0.3,21.04944,79.13767,Sanjay Deshmukh,+91 864736 8850,"760, Park Avenue, Ramdaspeth",277293.0
464.0,1,1,3.0,53,2.2,7,69.0,21.15729,79.07073,Ananya Iyer,+91 604604 4452,"485, College Road, Laxmi Nagar",72786.0
1677.0,3,3,3.5,13,0.5,9,70.7,21.14141,79.08929,Kavya Rao,+91 754939 9346,"503, Lake View Lane, Trimurti Nagar",327905.0
2328.0,3,3,1.5,58,25.1,3,99.6,21.04154,78.87358,Sai Joshi,+91 847296 0262,"808, Sunrise Boulevard, Pratap Nagar",301425.0
1170.0,3,3,3.5,57,6.0,8,18.1,21.19824,79.07515,Priya Iyer,+91 946396 4220,"142, Church Street, Manish Nagar",264663.0
1685.0,3,3,2.0,68,6.6,3,74.0,21.13656,79.15099,Ritu Deshmukh,+91 707705 3657,"850, Civil Lines, Trimurti Nagar",242138.0
1350.0,4,4,3.0,45,24.9,7,94.8,21.04852,79.30451,Ananya Patel,+91 661689 7451,"817, College Road, Sitabuldi",143195.0
2776.0,3,3,2.5,58,16.1,10,64.5,21.23958,79.20639,Rohan Nair,+91 961254 3699,"471, College Road, Hingna Road",395822.0
2287.0,2,2,1.5,32,4.8,8,96.3,21.10932,79.11282,Meera Gupta,+91 855488 0707,"650, Park Avenue, Laxmi Nagar",341022.0
2224.0,3,3,1.0,55,20.4,3,99.4,21.23186,79.26197,Neha Kulkarni,+91 735721 5813,"265, Green Valley Road, Sadar",292653.0
2204.0,5,5,1.5,55,0.8,8,80.2,21.14272,79.09509,Vikram Mehta,+91 852855 1010,"772, Station Road, Wardha Road",378245.0
1776.0,2,2,3.0,62,0.7,9,99.9,21.14126,79.08328,Aarav Agarwal,+91 958721 5775,"119, College Road, Sitabuldi",293070.0
1928.0,1,1,3.0,68,0.5,9,62.6,21.1497,79.09062,Anjali Iyer,+91 624780 7720,"733, Sunrise Boulevard, Trimurti Nagar",276424.0
1030.0,5,5,2.5,0,1.5,8,49.7,21.13385,79.09396,Rahul Gupta,+91 732121 8053,"677, Park Avenue, Manish Nagar",218814.0
400.0,1,1,3.5,62,9.1,8,91.8,21.13764,79.00027,Pooja Sharma,+91 984538 6534,"246, College Road, Ramdaspeth",96765.0
1898.0,4,4,1.5,63,11.1,8,83.1,21.18241,79.18817,Diya Agarwal,+91 726224 9495,"814, Ring Road, Ramdaspeth",254299.0
2011.0,5,5,3.5,43,0.5,8,11.0,21.1415,79.08965,Priya Reddy,+91 905981 2648,"286, Hill Top Road, Wardha Road",398896.0
2586.0,2,2,1.5,41,8.2,2,30.3,21.07398,79.10712,Ananya Deshmukh,+91 752312 7241,"542, Lake View Lane, Civil Lines",305838.0
2821.0,2,2,1.5,57,6.5,9,26.1,21.15236,79.02605,Pooja Iyer,+91 749772 3099,"855, Church Street, Sitabuldi",418958.0
2820.0,2,2,3.5,36,3.9,2,85.5,21.11085,79.08373,Vivaan Reddy,+91 636260 3394,"60, MG Road, Dharampeth",387482.0
1151.0,1,1,2.5,33,2.7,6,23.3,21.15191,79.1136,Kavya Gupta,+91 820123 1732,"407, Park Avenue, Manish Nagar",203434.0
1571.0,1,1,1.0,64,4.2,4,30.4,21.1801,79.07143,Arjun Deshmukh,+91 653659 6311,"626, Market Street, Trimurti Nagar",197222.0
2112.0,1,1,3.5,63,13.6,3,51.9,21.03716,79.0272,Sneha Reddy,+91 960303 8099,"178, Park Avenue, Trimurti Nagar",220262.0
3446.0,3,3,1.0,16,1.5,3,7.6,21.15916,79.08995,Suman Reddy,+91 686109 3400,"513, Civil Lines, Civil Lines",480350.0
2762.0,3,3,3.5,66,9.3,1,96.1,21.17137,79.00308,Rahul Kulkarni,+91 654780 9953,"642, Sunrise Boulevard, Pratap Nagar",334794.0
2528.0,1,1,1.5,26,0.5,5,49.1,21.14393,79.09259,Vivaan Rao,+91 712719 1782,"870, MG Road, Ramdaspeth",389519.0
1548.0,5,5,1.5,10,14.5,5,19.0,21.02986,79.15327,Diya Deshmukh,+91 645702 1364,"298, Church Street, Pratap Nagar",249869.0
1226.0,4,4,1.5,70,2.6,5,27.1,21.13758,79.0651,Aarav Verma,+91 744002 0894,"831, Station Road, Pratap Nagar",222843.0
2313.0,1,1,2.0,19,2.0,1,79.8,21.13738,79.07095,Neha Bose,+91 860067 9347,"642, Ring Road, Dharampeth",278668.0
1085.0,5,5,1.0,16,0.7,7,63.4,21.14169,79.09332,Rohan Gupta,+91 819207 9411,"509, College Road, Dharampeth",238205.0
1645.0,1,1,1.0,21,5.8,2,46.5,21.10647,79.12447,Rahul Verma,+91 825667 2191,"589, Lake View Lane, Wardha Road",177333.0
1725.0,3,3,3.0,39,10.9,9,33.2,21.19774,79.17807,Kavya Verma,+91 652731 3114,"987, Hill Top Road, Gandhibagh",341122.0
2835.0,3,3,2.5,13,4.7,1,90.1,21.15488,79.0439,Sai Reddy,+91 892759 5140,"662, Station Road, Ramdaspeth",383744.0
1569.0,3,3,2.5,12,0.5,1,77.3,21.15,79.08995,Pooja Nair,+91 625963 6207,"430, Ring Road, Trimurti Nagar",178031.0
400.0,5,5,1.5,31,15.1,4,71.8,21.21386,79.2148,Amit Verma,+91 886443 9580,"992, Ring Road, Trimurti Nagar",79192.0
2128.0,5,5,1.0,17,6.0,5,44.6,21.19755,79.07306,Sneha Mehta,+91 932190 5209,"691, Hill Top Road, Pratap Nagar",317127.0
1346.0,2,2,1.0,15,0.5,10,98.1,21.14291,79.08449,Ananya Mehta,+91 823169 3845,"277, Ring Road, Gandhibagh",219340.0
1828.0,3,3,3.5,72,5.9,6,71.0,21.0949,79.10382,Arjun Deshmukh,+91 789634 8347,"610, Civil Lines, Wardha Road",260778.0
1744.0,5,5,1.5,47,0.5,4,42.4,21.14345,79.09232,Riya Sharma,+91 684984 2111,"974, MG Road, Pratap Nagar",270445.0
1622.0,4,4,1.0,1,29.0,9,96.1,21.2672,78.84065,Vikram Verma,+91 902923 3555,"698, Church Street, Trimurti Nagar",216504.0
2314.0,5,5,3.5,8,8.1,3,89.6,21.18017,79.01878,Pooja Gupta,+91 603990 6150,"762, Station Road, Sitabuldi",323182.0
804.0,3,3,2.5,65,0.8,9,74.0,21.15181,79.09268,Vikram Nair,+91 779141 1711,"661, Lake View Lane, Wardha Road",186619.0
1464.0,2,2,3.5,21,15.6,5,76.7,21.2777,79.13927,Aarav Joshi,+91 633935 1323,"854, Park Avenue, Hingna Road",249837.0
2245.0,3,3,2.0,12,2.0,4,42.4,21.15663,79.10366,Suman Gupta,+91 631555 4572,"82, Lake View Lane, Gandhibagh",342561.0
1401.0,5,5,3.0,53,5.2,4,50.7,21.13867,79.1383,Kabir Iyer,+91 716135 5744,"801, Green Valley Road, Sadar",239959.0
754.0,5,5,3.5,67,2.8,1,19.2,21.16361,79.10668,Aarav Rao,+91 807286 9833,"900, Market Street, Ramdaspeth",132699.0
2235.0,4,4,2.5,31,0.5,7,59.5,21.1413,79.0884,Meera Joshi,+91 998796 0530,"23, Hill Top Road, Sadar",361184.0
2530.0,4,4,3.0,59,0.5,6,37.0,21.1499,79.08621,Priya Rao,+91 855773 9441,"787, College Road, Civil Lines",393003.0
1771.0,3,3,2.0,33,9.1,7,34.7,21.12674,79.00224,Aditya Mehta,+91 993189 2596,"503, Green Valley Road, Civil Lines",279380.0
525.0,2,2,3.5,8,2.1,7,94.8,21.13223,79.10234,Kabir Deshmukh,+91 945195 0349,"385, MG Road, Gandhibagh",150488.0
2259.0,3,3,2.0,63,3.1,1,16.5,21.13477,79.11609,Rohan Agarwal,+91 783105 4528,"106, Park Avenue, Ramdaspeth",326372.0
721.0,3,3,3.0,73,11.0,9,83.0,21.24466,79.09471,Priya Bose,+91 759225 6255,"318, Sunrise Boulevard, Laxmi Nagar",107337.0
2001.0,5,5,2.5,78,3.0,6,28.1,21.13136,79.11303,Amit Iyer,+91 866212 1550,"673, Civil Lines, Wardha Road",347609.0
1223.0,3,3,2.0,8,7.7,7,2.9,21.21516,79.08724,Rahul Reddy,+91 787411 9286,"513, College Road, Dharampeth",240224.0
1046.0,4,4,2.5,45,21.2,1,4.0,20.96577,79.15742,Aarav Reddy,+91 768829 1736,"60, Ring Road, Ramdaspeth",206794.0
1513.0,1,1,3.5,49,9.1,8,42.9,21.15365,79.17574,Rohan Iyer,+91 684081 7442,"306, Market Street, Hingna Road",251132.0
1681.0,4,4,3.0,6,1.7,7,45.4,21.14245,79.07225,Riya Joshi,+91 751247 5820,"34, Ring Road, Trimurti Nagar",360524.0
1381.0,3,3,3.0,76,2.0,4,32.0,21.12765,79.08522,Sanjay Mehta,+91 731594 1578,"363, College Road, Ramdaspeth",252257.0
2183.0,5,5,3.5,8,8.0,10,66.9,21.08498,79.12897,Aarav Verma,+91 944521 7165,"905, Park Avenue, Sadar",381860.0
1510.0,3,3,1.5,21,1.3,7,48.5,21.13575,79.09515,Ananya Bose,+91 943971 9184,"757, Station Road, Pratap Nagar",247752.0
2437.0,3,3,3.5,77,10.2,10,7.4,21.23371,79.05831,Aditya Sharma,+91 745411 7634,"916, Market Street, Wardha Road",355396.0
1983.0,1,1,3.0,44,41.0,9,34.8,20.85134,79.32727,Neha Nair,+91 638063 1141,"167, Sunrise Boulevard, Pratap Nagar",259779.0
1347.0,5,5,1.0,54,3.2,3,10.2,21.17163,79.07438,Diya Nair,+91 963813 3621,"623, Ring Road, Sitabuldi",238333.0
1237.0,4,4,3.5,39,5.0,10,6.3,21.19084,79.09314,Rohan Iyer,+91 749859 7734,"301, College Road, Sadar",250984.0
729.0,5,5,2.0,60,12.8,8,20.8,21.14687,79.21173,Suman Gupta,+91 699701 4562,"460, Station Road, Ramdaspeth",186010.0
1989.0,1,1,1.5,6,0.9,2,70.1,21.15378,79.08897,Vikram Rao,+91 978271 4836,"967, Market Street, Civil Lines",286526.0
1570.0,2,2,1.5,54,15.4,8,69.6,21.23983,79.19769,Meera Sharma,+91 784865 1732,"827, Park Avenue, Wardha Road",241222.0
400.0,5,5,2.0,5,9.7,5,86.1,21.06764,79.04546,Vikram Deshmukh,+91 693392 7505,"696, Sunrise Boulevard, Wardha Road",97935.0
1452.0,1,1,1.5,14,2.0,9,75.6,21.16022,79.10022,Sai Kulkarni,+91 847322 5941,"963, Hill Top Road, Sadar",269577.0
1214.0,3,3,3.0,40,6.4,2,53.5,21.11647,79.03531,Ritu Deshmukh,+91 983481 1238,"498, Lake View Lane, Manish Nagar",209035.0
2824.0,3,3,3.0,35,6.2,3,31.3,21.18569,79.13018,Diya Agarwal,+91 967344 1539,"55, Church Street, Ramdaspeth",434733.0
693.0,5,5,3.0,12,3.3,4,0.6,21.11728,79.07919,Diya Chauhan,+91 768114 5568,"911, Sunrise Boulevard, Wardha Road",221475.0
863.0,5,5,2.5,63,45.2,5,64.7,21.54311,78.99144,Meera Patel,+91 832235 8449,"104, Hill Top Road, Pratap Nagar",93396.0
2521.0,5,5,2.5,24,11.8,7,29.0,21.24504,79.04708,Meera Agarwal,+91 731303 8883,"267, Lake View Lane, Manish Nagar",391547.0
2682.0,2,2,3.5,69,12.1,3,25.0,21.06183,79.01408,Riya Joshi,+91 948718 1256,"904, MG Road, Sitabuldi",401919.0
1316.0,3,3,3.0,1,5.2,8,97.5,21.12826,79.13481,Sanjay Verma,+91 677237 9896,"886, Church Street, Gandhibagh",234643.0
1389.0,4,4,1.5,18,10.7,1,17.4,21.14074,79.19099,Arjun Bose,+91 947099 5551,"100, Church Street, Pratap Nagar",246628.0
2201.0,5,5,2.0,23,12.2,4,3.2,21.23173,79.01461,Rahul Agarwal,+91 727063 1524,"855, Civil Lines, Laxmi Nagar",339924.0
400.0,1,1,3.5,47,1.4,7,94.9,21.14151,79.10132,Rohan Reddy,+91 886934 6183,"713, Hill Top Road, Civil Lines",52633.0
590.0,5,5,3.0,32,2.7,3,30.6,21.12986,79.06815,Kabir Chauhan,+91 845031 6700,"108, Church Street, Trimurti Nagar",130023.0
1618.0,2,2,3.0,12,2.8,5,39.3,21.13182,79.1107,Neha Kulkarni,+91 783867 3376,"553, Ring Road, Pratap Nagar",285943.0
2807.0,1,1,1.5,45,5.8,7,8.1,21.15486,79.14317,Kavya Nair,+91 653638 7380,"265, Lake View Lane, Gandhibagh",417185.0
1517.0,4,4,2.0,76,10.6,3,40.4,21.16562,79.18867,Sneha Patel,+91 784286 0246,"521, MG Road, Civil Lines",228465.0
1866.0,4,4,1.5,10,1.3,10,97.2,21.15115,79.09953,Ishaan Kulkarni,+91 883873 9925,"185, College Road, Sitabuldi",347128.0
2537.0,1,1,3.0,20,15.2,9,69.4,21.01716,79.13726,Sanjay Chauhan,+91 885775 3583,"98, Sunrise Boulevard, Laxmi Nagar",369147.0
3169.0,1,1,2.0,38,6.4,10,47.4,21.18974,79.1282,Meera Patel,+91 882408 7125,"650, Sunrise Boulevard, Wardha Road",428856.0
1425.0,5,5,1.5,58,7.4,5,30.7,21.20533,79.11992,Riya Sharma,+91 841846 7137,"728, Market Street, Sadar",254320.0
1789.0,5,5,1.0,10,14.5,4,36.6,21.07911,78.96798,Amit Gupta,+91 672373 0415,"191, MG Road, Civil Lines",289049.0
2984.0,1,1,3.5,18,8.6,10,61.1,21.12523,79.16871,Rahul Reddy,+91 791251 5263,"601, Ring Road, Laxmi Nagar",421783.0
811.0,5,5,3.0,18,1.2,8,25.4,21.14137,79.07762,Priya Iyer,+91 798919 0288,"491, Hill Top Road, Gandhibagh",233015.0
2468.0,5,5,3.5,49,6.4,8,15.2,21.08848,79.08145,Neha Bose,+91 728030 5865,"927, Civil Lines, Civil Lines",403796.0
1138.0,5,5,3.5,6,3.2,2,69.6,21.17205,79.09981,Kabir Bose,+91 716361 5479,"565, Sunrise Boulevard, Wardha Road",208404.0
1867.0,2,2,3.0,52,16.1,9,86.9,21.07145,79.22142,Meera Kulkarni,+91 693668 8084,"481, Ring Road, Hingna Road",258685.0
1642.0,3,3,3.0,34,7.9,6,90.2,21.1702,79.15963,Rohan Gupta,+91 996329 1015,"9, Park Avenue, Manish Nagar",288687.0
1177.0,5,5,3.5,26,14.6,8,84.1,21.27466,79.0593,Sneha Gupta,+91 625820 3670,"911, Green Valley Road, Sitabuldi",254045.0
1161.0,5,5,3.5,68,2.5,9,53.1,21.15213,79.06552,Priya Verma,+91 885429 1445,"661, Hill Top Road, Hingna Road",238539.0
1980.0,4,4,2.0,65,6.7,2,78.9,21.20533,79.09783,Kabir Deshmukh,+91 729376 2946,"184, Hill Top Road, Dharampeth",269855.0
2447.0,1,1,3.0,64,7.7,1,92.6,21.08612,79.04968,Neha Gupta,+91 865657 4859,"6, Lake View Lane, Civil Lines",259985.0
1716.0,1,1,3.0,70,18.3,1,2.3,20.99694,79.01161,Ritu Chauhan,+91 955437 6381,"204, Civil Lines, Dharampeth",260558.0
1846.0,2,2,1.0,18,6.6,7,41.2,21.20388,79.10342,Meera Mehta,+91 806476 7222,"503, Civil Lines, Gandhibagh",315508.0
2171.0,1,1,3.0,68,9.1,10,20.4,21.15022,79.176,Ananya Rao,+91 966921 9533,"948, Church Street, Sadar",342821.0
1168.0,1,1,2.0,14,6.2,1,99.7,21.17093,79.14166,Priya Chauhan,+91 787138 7815,"619, Church Street, Gandhibagh",104803.0
2281.0,1,1,1.5,26,4.7,2,93.0,21.14591,79.13331,Riya Patel,+91 904122 1831,"100, Lake View Lane, Ramdaspeth",296779.0
2333.0,4,4,1.5,44,1.4,5,80.2,21.13878,79.09934,Ishaan Nair,+91 690184 3353,"192, Park Avenue, Sadar",337649.0
3492.0,3,3,1.0,59,3.2,4,29.6,21.12554,79.06555,Meera Gupta,+91 809915 4036,"237, Green Valley Road, Wardha Road",488450.0
1556.0,3,3,3.5,46,3.7,2,95.2,21.17159,79.11153,Aarav Patel,+91 613236 4756,"76, Church Street, Sitabuldi",216323.0
1502.0,5,5,3.5,44,20.4,7,2.9,21.24649,79.25252,Pooja Bose,+91 668197 1006,"142, Civil Lines, Manish Nagar",257315.0
2300.0,3,3,1.5,30,6.4,10,18.8,21.09357,79.11353,Riya Mehta,+91 941340 5060,"92, Civil Lines, Laxmi Nagar",386429.0
2332.0,3,3,2.5,47,4.5,3,61.7,21.10785,79.10462,Aditya Patel,+91 872538 7979,"709, Green Valley Road, Trimurti Nagar",309783.0
1452.0,2,2,2.5,38,2.0,1,79.3,21.13782,79.10563,Neha Verma,+91 823801 7323,"682, Market Street, Dharampeth",195038.0
1538.0,3,3,2.5,38,5.9,3,88.4,21.1905,79.11892,Anjali Reddy,+91 974057 1068,"779, Park Avenue, Sadar",231351.0
2152.0,1,1,2.0,46,2.4,2,30.1,21.14278,79.06523,Suman Agarwal,+91 706712 5651,"183, MG Road, Pratap Nagar",332829.0
1262.0,3,3,3.0,48,10.0,5,39.1,21.20792,79.15782,Ishaan Patel,+91 884555 2317,"900, Ring Road, Hingna Road",230528.0
1533.0,5,5,2.5,26,4.0,2,45.5,21.1108,79.09927,Arjun Deshmukh,+91 630094 6588,"373, MG Road, Manish Nagar",288655.0
1858.0,3,3,2.5,10,19.5,4,2.7,21.2376,78.92762,Ishaan Verma,+91 779242 8272,"147, Hill Top Road, Pratap Nagar",290530.0
2447.0,2,2,2.0,23,1.2,2,86.4,21.13552,79.0843,Ananya Iyer,+91 760785 5455,"158, Ring Road, Civil Lines",374143.0
1407.0,4,4,2.5,32,11.5,7,33.8,21.16543,79.19739,Pooja Rao,+91 845144 8298,"322, Park Avenue, Civil Lines",205262.0
602.0,5,5,3.0,12,12.0,5,19.9,21.03916,79.10848,Rahul Verma,+91 677317 7858,"88, MG Road, Ramdaspeth",218735.0
554.0,3,3,2.0,14,0.9,1,40.9,21.15383,79.08932,Arjun Iyer,+91 601031 0818,"317, College Road, Pratap Nagar",187860.0
981.0,2,2,3.5,76,4.3,1,71.1,21.11344,79.11109,Sai Reddy,+91 666101 3942,"660, Ring Road, Laxmi Nagar",150066.0
946.0,4,4,2.5,22,6.2,5,87.1,21.19698,79.1116,Riya Sharma,+91 723580 7035,"972, Station Road, Sitabuldi",201281.0
1700.0,1,1,3.0,59,0.5,6,21.5,21.14132,79.08944,Riya Sharma,+91 812660 7462,"6, Lake View Lane, Trimurti Nagar",268027.0
1027.0,5,5,3.5,10,0.5,2,17.3,21.14916,79.09141,Neha Patel,+91 697617 3668,"582, Sunrise Boulevard, Manish Nagar",226087.0
1343.0,2,2,3.5,77,1.0,4,94.4,21.13807,79.08318,Priya Deshmukh,+91 983044 3456,"235, Hill Top Road, Gandhibagh",177575.0
1297.0,2,2,2.0,16,0.5,7,55.1,21.14137,79.08908,Ritu Sharma,+91 736966 2305,"337, Ring Road, Pratap Nagar",235715.0
1514.0,4,4,2.0,31,2.2,5,36.6,21.15889,79.07203,Kavya Rao,+91 707981 6407,"643, College Road, Civil Lines",279746.0
2660.0,1,1,2.5,62,26.9,2,19.9,21.3881,79.09745,Vikram Sharma,+91 984908 6650,"299, Ring Road, Hingna Road",325234.0
2230.0,2,2,2.5,16,6.4,4,99.5,21.19323,79.05386,Suman Gupta,+91 649404 1460,"438, College Road, Dharampeth",362028.0
1810.0,1,1,3.0,43,7.4,2,71.9,21.20987,79.0675,Ananya Patel,+91 645706 6016,"319, Market Street, Wardha Road",244724.0
1500.0,2,2,3.0,62,0.8,10,21.8,21.14023,79.0828,Vikram Iyer,+91 788786 1532,"362, Station Road, Sitabuldi",231693.0
1518.0,3,3,3.0,1,8.9,9,9.1,21.16792,79.17067,Sanjay Deshmukh,+91 610716 3432,"711, Green Valley Road, Ramdaspeth",336131.0
2013.0,1,1,3.5,2,3.8,4,19.9,21.15464,79.12379,Kabir Nair,+91 847579 4815,"292, College Road, Sitabuldi",293203.0
2180.0,2,2,3.5,63,48.5,3,24.8,21.57008,78.97816,Kabir Sharma,+91 940875 6772,"549, Park Avenue, Wardha Road",220695.0
1210.0,4,4,2.5,21,5.1,2,11.1,21.19093,79.07992,Ishaan Patel,+91 743919 3718,"791, Station Road, Gandhibagh",234463.0
1824.0,5,5,1.0,72,16.0,8,23.0,21.27483,79.15644,Riya Reddy,+91 959398 0342,"623, Market Street, Wardha Road",288491.0
479.0,1,1,2.0,74,2.2,10,11.7,21.12606,79.08372,Vikram Reddy,+91 680224 6064,"759, Lake View Lane, Gandhibagh",91278.0
1938.0,4,4,3.0,70,11.8,3,37.8,21.16166,79.20123,Vikram Joshi,+91 860852 7431,"470, Ring Road, Laxmi Nagar",257831.0
2295.0,1,1,3.0,79,5.5,7,48.6,21.12319,79.13521,Diya Iyer,+91 842731 7884,"465, College Road, Civil Lines",279554.0
1618.0,3,3,2.0,65,1.4,3,45.5,21.13344,79.08882,Rahul Deshmukh,+91 732318 2736,"27, Hill Top Road, Pratap Nagar",258290.0
2981.0,5,5,3.5,30,7.0,10,82.9,21.182,79.03264,Aarav Gupta,+91 994932 7103,"704, Station Road, Civil Lines",486622.0
1227.0,4,4,1.0,79,1.8,3,25.4,21.1335,79.09896,Sneha Kulkarni,+91 754056 2530,"686, Park Avenue, Sadar",166656.0
1941.0,2,2,2.0,27,1.9,1,88.7,21.13415,79.07458,Neha Verma,+91 974910 7899,"510, Lake View Lane, Civil Lines",292360.0
1777.0,2,2,3.0,46,35.1,9,90.8,21.01063,78.78136,Sanjay Bose,+91 836048 6897,"723, College Road, Ramdaspeth",242956.0
1735.0,4,4,2.5,0,4.1,10,96.0,21.17973,79.07299,Suman Bose,+91 663505 9148,"658, Green Valley Road, Civil Lines",292759.0
1726.0,5,5,3.5,77,8.8,4,18.1,21.0778,79.0439,Meera Reddy,+91 935776 0079,"180, Market Street, Trimurti Nagar",225785.0
1870.0,2,2,2.0,47,2.8,10,24.6,21.16501,79.10531,Riya Gupta,+91 625014 0550,"224, Park Avenue, Trimurti Nagar",283483.0
2351.0,1,1,2.0,75,16.1,3,62.4,21.12315,78.93421,Ritu Sharma,+91 654025 8464,"649, Ring Road, Hingna Road",262375.0
2696.0,3,3,2.5,28,2.6,3,14.1,21.16156,79.1071,Ananya Bose,+91 989425 8537,"98, Park Avenue, Gandhibagh",440849.0
1799.0,4,4,3.0,25,16.2,6,8.6,21.19525,78.94051,Ishaan Sharma,+91 912199 9082,"876, Park Avenue, Civil Lines",295130.0
2330.0,3,3,1.5,41,26.9,7,7.4,20.98415,78.89474,Kavya Sharma,+91 793367 3808,"348, MG Road, Laxmi Nagar",297443.0
1344.0,5,5,1.5,69,11.6,4,60.6,21.23277,79.15114,Ananya Verma,+91 855808 2973,"602, Green Valley Road, Pratap Nagar",205278.0
2298.0,5,5,2.0,43,10.9,8,80.5,21.24281,79.10661,Sneha Reddy,+91 801106 8779,"521, Lake View Lane, Dharampeth",312012.0
1305.0,4,4,1.5,63,13.9,8,25.9,21.02999,79.14033,Vikram Bose,+91 860474 3473,"668, Park Avenue, Trimurti Nagar",230767.0
2509.0,1,1,2.0,17,1.2,2,93.4,21.15646,79.08779,Kavya Patel,+91 934422 1729,"355, College Road, Sitabuldi",312324.0
3237.0,5,5,2.0,62,14.3,10,79.2,21.21847,79.20199,Sai Joshi,+91 696987 3831,"700, Station Road, Dharampeth",430200.0
1721.0,4,4,1.5,58,4.5,2,7.7,21.18101,79.06723,Meera Mehta,+91 651009 0378,"173, Green Valley Road, Hingna Road",276107.0
400.0,2,2,2.0,71,6.3,6,40.7,21.12321,79.14432,Priya Deshmukh,+91 908996 5118,"324, Civil Lines, Dharampeth",135611.0
1444.0,3,3,2.0,4,4.8,5,6.8,21.10508,79.0721,Rohan Kulkarni,+91 888651 0243,"40, Station Road, Civil Lines",323643.0
2601.0,5,5,3.0,30,18.5,5,91.5,21.06958,78.92889,Vikram Bose,+91 857782 9832,"154, Park Avenue, Hingna Road",336193.0
2159.0,5,5,1.5,7,3.3,2,74.3,21.12084,79.10528,Sai Mehta,+91 789416 8417,"56, Station Road, Sadar",316810.0
1962.0,3,3,3.0,32,3.8,4,68.7,21.11697,79.06864,Kavya Agarwal,+91 778843 1189,"472, Market Street, Pratap Nagar",311458.0
2456.0,1,1,2.0,60,18.4,1,68.3,20.99228,79.15475,Anjali Reddy,+91 669373 3614,"74, Hill Top Road, Dharampeth",311416.0
2115.0,4,4,3.0,51,1.9,10,28.5,21.1313,79.07794,Rohan Nair,+91 744721 6099,"232, Hill Top Road, Sitabuldi",305733.0
2592.0,4,4,1.5,60,8.4,2,93.4,21.08876,79.14161,Priya Deshmukh,+91 636562 9858,"483, Green Valley Road, Sitabuldi",335361.0
2398.0,1,1,1.5,59,4.2,5,92.3,21.11933,79.05946,Rohan Chauhan,+91 737969 2053,"686, Ring Road, Sadar",295713.0
2789.0,5,5,2.5,79,6.9,3,73.9,21.20786,79.08196,Priya Sharma,+91 963819 2306,"25, Station Road, Wardha Road",327256.0
2033.0,2,2,2.5,70,3.3,2,46.9,21.15328,79.11857,Sai Nair,+91 669148 0523,"714, Ring Road, Civil Lines",243291.0
2388.0,5,5,2.5,46,10.6,4,4.7,21.20438,79.16884,Anjali Agarwal,+91 878063 7881,"519, Green Valley Road, Sadar",351719.0
1600.0,3,3,1.0,70,1.0,10,2.8,21.14513,79.07901,Sai Verma,+91 689737 0386,"9, College Road, Ramdaspeth",280806.0
1409.0,2,2,2.0,3,12.8,5,13.8,21.1254,79.21023,Riya Iyer,+91 825095 5323,"98, MG Road, Manish Nagar",265352.0
2909.0,1,1,3.5,57,2.0,10,59.6,21.12776,79.08935,Ishaan Joshi,+91 744454 3529,"953, Station Road, Trimurti Nagar",429024.0
1941.0,1,1,3.0,41,8.8,9,79.8,21.06785,79.10168,Priya Verma,+91 862697 7215,"450, Church Street, Sadar",308843.0
2323.0,4,4,1.0,76,4.1,5,94.8,21.11448,79.06799,Pooja Chauhan,+91 721938 7115,"924, Market Street, Civil Lines",311450.0
1880.0,2,2,2.0,40,8.7,10,17.5,21.10119,79.15716,Rahul Iyer,+91 962162 1334,"515, Park Avenue, Dharampeth",289252.0
1419.0,5,5,2.0,14,24.7,4,27.6,20.92382,79.06639,Arjun Deshmukh,+91 835502 5708,"132, MG Road, Pratap Nagar",224477.0
1807.0,2,2,2.5,57,8.0,6,5.4,21.21822,79.08412,Suman Nair,+91 806296 7808,"728, Hill Top Road, Wardha Road",297361.0
2733.0,5,5,3.0,76,16.4,7,98.9,21.14628,78.93023,Sanjay Nair,+91 805687 7900,"477, Church Street, Civil Lines",391267.0
2161.0,5,5,2.5,1,3.1,6,78.1,21.16172,79.06331,Diya Bose,+91 912483 8647,"378, Lake View Lane, Wardha Road",354156.0
688.0,1,1,3.0,5,12.7,9,48.1,21.24478,79.15061,Suman Agarwal,+91 840814 1769,"209, Green Valley Road, Pratap Nagar",133511.0
1660.0,4,4,3.0,52,2.1,2,57.6,21.16462,79.09174,Rohan Rao,+91 682221 9042,"444, Market Street, Pratap Nagar",266640.0
2958.0,5,5,1.5,44,8.0,5,56.2,21.21631,79.07122,Sai Nair,+91 608586 4257,"962, Park Avenue, Laxmi Nagar",432353.0
1661.0,2,2,3.0,43,12.5,7,25.4,21.24546,79.1438,Ritu Deshmukh,+91 802310 2358,"218, Green Valley Road, Civil Lines",292794.0
630.0,1,1,1.0,7,0.5,4,18.5,21.15021,79.08919,Suman Kulkarni,+91 783508 2063,"565, Ring Road, Sadar",129705.0
3030.0,5,5,2.0,45,4.5,9,29.7,21.12565,79.12548,Sanjay Bose,+91 844685 6871,"33, Lake View Lane, Pratap Nagar",448540.0
2244.0,3,3,2.5,45,3.9,4,24.7,21.17509,79.06736,Rohan Reddy,+91 834968 7952,"699, Green Valley Road, Laxmi Nagar",356956.0
1754.0,1,1,2.5,67,8.9,4,55.8,21.07504,79.12838,Kabir Verma,+91 640661 4777,"890, Market Street, Civil Lines",222343.0
1559.0,5,5,2.0,31,4.5,4,30.8,21.16177,79.12819,Sneha Patel,+91 803511 9551,"976, Church Street, Hingna Road",261393.0
2504.0,4,4,1.5,27,14.4,7,72.9,21.13101,79.22635,Vivaan Rao,+91 969912 5802,"810, Lake View Lane, Wardha Road",389352.0
1448.0,1,1,1.5,6,9.9,2,56.8,21.05728,79.09705,Suman Reddy,+91 717470 1541,"672, Park Avenue, Gandhibagh",174810.0
2546.0,2,2,3.0,45,13.8,2,53.2,21.07689,79.19947,Ritu Agarwal,+91 927081 7607,"582, Civil Lines, Civil Lines",383950.0
2152.0,1,1,3.5,51,4.5,8,95.1,21.13917,79.04493,Sanjay Chauhan,+91 943114 2850,"870, Church Street, Ramdaspeth",291010.0
1959.0,5,5,3.5,22,11.5,3,32.2,21.06853,79.01473,Suman Patel,+91 782686 4025,"10, Civil Lines, Trimurti Nagar",338336.0
1895.0,1,1,2.0,58,2.2,2,63.5,21.16095,79.07462,Kabir Bose,+91 990137 9159,"241, MG Road, Gandhibagh",248451.0
1686.0,4,4,3.0,75,43.6,3,0.0,21.30857,78.70469,Anjali Mehta,+91 997723 9610,"45, Hill Top Road, Pratap Nagar",206618.0
2480.0,3,3,2.0,13,2.3,4,73.7,21.12511,79.0883,Arjun Gupta,+91 981631 1580,"229, Lake View Lane, Manish Nagar",358564.0
1238.0,3,3,1.5,45,5.9,1,50.3,21.16227,79.1426,Aditya Gupta,+91 775751 4983,"223, Park Avenue, Ramdaspeth",206670.0
746.0,5,5,1.5,55,15.8,9,20.8,21.17826,79.23706,Arjun Patel,+91 890576 1179,"441, MG Road, Civil Lines",157026.0
2199.0,5,5,1.0,1,6.5,2,0.2,21.10467,79.13226,Vikram Rao,+91 878997 7735,"690, Sunrise Boulevard, Ramdaspeth",342433.0
2210.0,1,1,2.5,14,3.7,5,70.7,21.16728,79.11604,Ritu Verma,+91 725500 9503,"880, Market Street, Laxmi Nagar",367595.0
2112.0,1,1,3.0,31,11.2,3,66.3,21.04637,79.06858,Riya Verma,+91 887867 2872,"598, Station Road, Civil Lines",284799.0
2065.0,1,1,1.0,10,1.4,3,66.5,21.15793,79.09247,Kabir Deshmukh,+91 937264 2173,"40, Park Avenue, Laxmi Nagar",277571.0
1592.0,4,4,2.5,28,1.2,1,43.7,21.1537,79.08062,Riya Rao,+91 652109 3543,"99, Sunrise Boulevard, Sitabuldi",223812.0
2312.0,3,3,1.5,11,4.3,10,63.9,21.18326,79.07693,Kavya Rao,+91 989103 1080,"441, MG Road, Sadar",416414.0
1770.0,1,1,2.0,71,15.2,10,57.1,21.15409,78.94208,Kavya Reddy,+91 703547 7070,"612, Church Street, Hingna Road",230872.0
1483.0,2,2,2.0,47,10.0,2,23.9,21.06593,79.13297,Ananya Joshi,+91 993991 3194,"824, Market Street, Manish Nagar",266682.0
1597.0,3,3,1.0,26,6.7,2,51.9,21.10343,79.13394,Ishaan Iyer,+91 685850 4698,"374, Ring Road, Hingna Road",247473.0
3113.0,4,4,2.0,62,1.9,9,51.5,21.1627,79.09142,Ananya Sharma,+91 958989 3401,"178, Sunrise Boulevard, Laxmi Nagar",459242.0
672.0,2,2,1.5,1,6.1,5,82.4,21.19269,79.05732,Anjali Joshi,+91 783439 8795,"142, Ring Road, Sadar",142096.0
2125.0,5,5,3.5,47,6.5,1,43.3,21.09583,79.12076,Diya Verma,+91 916048 1577,"615, Church Street, Wardha Road",375527.0
709.0,5,5,3.0,54,4.9,2,43.6,21.1695,79.12844,Aarav Kulkarni,+91 753217 2602,"997, Church Street, Sitabuldi",96092.0
1730.0,4,4,3.0,64,3.2,5,98.4,21.16508,79.11109,Ananya Chauhan,+91 837044 3790,"70, College Road, Manish Nagar",263215.0
1518.0,3,3,3.5,17,3.3,6,89.4,21.14956,79.05696,Neha Kulkarni,+91 898813 6225,"10, Station Road, Sitabuldi",251871.0
445.0,5,5,1.0,47,0.5,7,24.2,21.14144,79.08941,Riya Joshi,+91 681094 0921,"11, College Road, Civil Lines",142660.0
2053.0,4,4,3.5,61,3.6,2,91.0,21.17368,79.07027,Sneha Bose,+91 667173 3601,"546, Market Street, Wardha Road",293223.0
1553.0,3,3,1.0,63,9.0,4,13.8,21.18001,79.16687,Priya Gupta,+91 889971 3878,"319, Hill Top Road, Manish Nagar",225197.0
436.0,3,3,3.0,14,1.9,3,85.3,21.14243,79.10587,Ishaan Deshmukh,+91 745777 0246,"824, Church Street, Pratap Nagar",122235.0
2346.0,5,5,3.0,78,0.9,6,18.3,21.14263,79.09661,Priya Gupta,+91 893762 1632,"805, Civil Lines, Manish Nagar",368791.0
2733.0,3,3,3.0,21,6.4,4,42.6,21.09868,79.05241,Aarav Sharma,+91 922019 1447,"502, Ring Road, Trimurti Nagar",368158.0
2769.0,1,1,3.0,31,12.8,3,98.4,21.0409,79.03689,Kavya Gupta,+91 938758 3451,"42, Civil Lines, Hingna Road",358290.0
2033.0,5,5,3.5,15,0.5,9,9.7,21.14398,79.09262,Priya Rao,+91 609001 5228,"570, Hill Top Road, Dharampeth",401603.0
1830.0,1,1,3.0,11,1.5,6,84.0,21.13535,79.07938,Ananya Sharma,+91 798309 5919,"365, Market Street, Manish Nagar",271491.0
2663.0,4,4,1.5,20,6.7,5,49.5,21.08737,79.10362,Sneha Reddy,+91 637174 9126,"835, Sunrise Boulevard, Wardha Road",440455.0
2894.0,4,4,1.5,10,19.5,2,11.1,21.18576,78.90457,Vikram Sharma,+91 888103 0449,"728, Station Road, Trimurti Nagar",436592.0
2537.0,3,3,3.5,58,6.8,1,95.2,21.20677,79.09729,Arjun Gupta,+91 803353 6866,"957, College Road, Dharampeth",350381.0
1188.0,1,1,1.5,47,5.8,8,54.9,21.10009,79.11617,Kavya Kulkarni,+91 918516 4969,"369, Sunrise Boulevard, Sadar",213117.0
1931.0,3,3,2.0,31,37.3,10,88.1,20.83827,78.94399,Kavya Patel,+91 792222 6948,"323, Church Street, Gandhibagh",250070.0
2086.0,5,5,1.0,43,17.7,6,86.9,21.3001,79.04621,Kavya Gupta,+91 772840 7822,"478, Park Avenue, Pratap Nagar",318091.0
624.0,2,2,2.5,48,4.3,1,1.5,21.11869,79.0585,Diya Patel,+91 879246 8018,"824, Station Road, Manish Nagar",167363.0
2105.0,4,4,3.0,14,23.3,5,26.5,20.95368,79.17963,Kabir Iyer,+91 657007 3948,"500, Hill Top Road, Dharampeth",337045.0
3277.0,5,5,3.5,23,10.9,3,33.7,21.2435,79.07474,Rohan Deshmukh,+91 656617 9335,"336, Lake View Lane, Sitabuldi",460564.0
2216.0,5,5,2.5,70,3.1,1,53.5,21.11799,79.09162,Aarav Joshi,+91 863298 5333,"907, Market Street, Trimurti Nagar",315110.0
2758.0,3,3,2.0,0,1.4,2,7.2,21.15128,79.10023,Vivaan Gupta,+91 750651 2299,"391, Market Street, Hingna Road",435257.0
1919.0,2,2,2.0,76,1.8,5,38.9,21.13411,79.07565,Sanjay Reddy,+91 776973 3644,"875, MG Road, Pratap Nagar",296792.0
1752.0,4,4,2.0,77,4.5,5,81.5,21.14553,79.1313,Vivaan Kulkarni,+91 999634 3434,"638, Ring Road, Wardha Road",249809.0
2048.0,3,3,2.0,20,1.3,6,17.3,21.13711,79.09655,Pooja Rao,+91 646852 1693,"64, Church Street, Pratap Nagar",326176.0
1270.0,4,4,3.0,25,24.7,7,70.1,20.98926,79.25744,Anjali Nair,+91 900297 7394,"492, College Road, Civil Lines",242010.0
1174.0,4,4,1.5,16,2.4,3,46.0,21.12636,79.07845,Kabir Agarwal,+91 849726 3610,"691, Sunrise Boulevard, Sadar",190118.0
2623.0,4,4,2.5,44,20.4,3,7.1,21.19016,78.89703,Priya Agarwal,+91 790410 7275,"914, Hill Top Road, Ramdaspeth",340554.0
2692.0,2,2,2.0,17,8.5,7,17.7,21.07693,79.05186,Ananya Gupta,+91 966147 2148,"542, Hill Top Road, Gandhibagh",369320.0
1156.0,4,4,2.5,63,19.6,2,14.1,21.30528,79.00617,Diya Kulkarni,+91 833173 1132,"15, Sunrise Boulevard, Gandhibagh",149328.0
2429.0,3,3,1.5,30,0.8,1,62.0,21.14346,79.08093,Ananya Deshmukh,+91 744430 7510,"354, Hill Top Road, Dharampeth",372064.0
1743.0,5,5,1.5,77,6.4,9,8.7,21.13167,79.0287,Ananya Chauhan,+91 799145 4852,"967, Hill Top Road, Civil Lines",327740.0
2021.0,4,4,2.5,68,2.0,3,82.3,21.14096,79.06979,Rahul Gupta,+91 778087 9904,"492, Market Street, Dharampeth",284783.0
2099.0,5,5,3.0,32,33.3,2,80.7,21.3032,78.81478,Diya Kulkarni,+91 900920 9412,"384, Green Valley Road, Pratap Nagar",277196.0
2446.0,5,5,3.5,47,17.0,8,8.0,21.26803,78.98942,Rohan Patel,+91 706938 3420,"879, Park Avenue, Pratap Nagar",383413.0
1854.0,5,5,3.0,1,2.6,6,88.8,21.16623,79.07609,Diya Nair,+91 615089 2214,"417, Station Road, Laxmi Nagar",291402.0
2717.0,4,4,3.0,5,25.6,2,95.9,21.37324,79.12725,Suman Verma,+91 893734 4946,"772, Hill Top Road, Civil Lines",408353.0
2001.0,3,3,2.0,40,10.9,9,4.3,21.18261,78.99111,Suman Mehta,+91 989811 4364,"21, College Road, Wardha Road",359951.0
2206.0,1,1,1.0,37,7.7,3,95.0,21.19233,79.14285,Vivaan Kulkarni,+91 740356 1652,"567, Civil Lines, Manish Nagar",285497.0
1258.0,2,2,2.5,31,15.4,7,27.9,21.06549,79.20921,Meera Nair,+91 984271 6642,"24, Church Street, Laxmi Nagar",189151.0
3203.0,3,3,3.0,7,7.0,7,66.5,21.17266,79.14971,Suman Nair,+91 722198 5866,"176, Lake View Lane, Laxmi Nagar",462830.0
2105.0,4,4,2.5,67,14.7,9,17.5,21.03278,79.16237,Rohan Gupta,+91 775516 4248,"544, College Road, Gandhibagh",306742.0
2263.0,3,3,3.5,32,8.6,8,81.7,21.22347,79.09278,Vivaan Deshmukh,+91 844281 8915,"618, Lake View Lane, Civil Lines",344900.0
755.0,3,3,1.0,37,0.5,8,84.2,21.14191,79.09136,Kabir Chauhan,+91 658360 8721,"119, MG Road, Ramdaspeth",165368.0
1265.0,1,1,1.5,32,4.2,1,97.8,21.10885,79.08071,Sai Verma,+91 918635 5046,"498, Civil Lines, Pratap Nagar",157047.0
2605.0,4,4,1.5,39,6.9,10,99.3,21.11601,79.14715,Ritu Reddy,+91 861918 9751,"406, Green Valley Road, Trimurti Nagar",345462.0
1986.0,3,3,1.5,51,8.8,2,7.6,21.08785,79.14672,Arjun Mehta,+91 735079 7942,"446, Civil Lines, Trimurti Nagar",339620.0
556.0,1,1,2.0,61,1.6,3,65.8,21.13207,79.08353,Sai Iyer,+91 604168 1553,"809, Station Road, Dharampeth",99756.0
2475.0,2,2,2.0,43,11.1,5,27.3,21.22759,79.15051,Arjun Sharma,+91 827206 0305,"942, Civil Lines, Ramdaspeth",357797.0
1447.0,5,5,2.0,13,7.7,3,12.6,21.12477,79.01737,Diya Sharma,+91 822347 9645,"75, Ring Road, Laxmi Nagar",253779.0
2717.0,1,1,1.5,69,13.7,6,14.9,21.25025,79.0173,Suman Gupta,+91 950478 0610,"991, Station Road, Manish Nagar",316625.0
1743.0,3,3,2.5,22,15.7,1,93.6,21.05291,79.20229,Aditya Bose,+91 701059 7719,"51, Lake View Lane, Gandhibagh",228569.0
1933.0,3,3,1.5,1,19.4,5,68.4,21.02019,79.21827,Neha Mehta,+91 650674 7653,"950, Hill Top Road, Ramdaspeth",270068.0
2566.0,1,1,2.0,3,4.0,4,5.0,21.17921,79.07295,Riya Gupta,+91 796472 9762,"615, Civil Lines, Gandhibagh",403175.0
1217.0,1,1,1.5,61,4.1,7,98.4,21.11303,79.06937,Aditya Sharma,+91 939718 1443,"738, Church Street, Pratap Nagar",194771.0
1155.0,5,5,1.0,30,14.3,6,80.8,21.25542,79.01538,Vivaan Deshmukh,+91 941668 4513,"243, Green Valley Road, Trimurti Nagar",211645.0
1672.0,3,3,1.5,1,0.9,8,30.9,21.13821,79.08426,Suman Iyer,+91 754920 8509,"598, Lake View Lane, Pratap Nagar",331374.0
2338.0,2,2,1.5,64,6.7,2,47.1,21.10639,79.03958,Arjun Iyer,+91 629332 1845,"592, Hill Top Road, Dharampeth",349127.0
935.0,1,1,2.0,24,1.5,10,72.7,21.14486,79.07361,Kabir Joshi,+91 634435 4776,"319, Civil Lines, Ramdaspeth",196782.0
716.0,3,3,2.0,78,3.3,4,67.6,21.1251,79.11136,Ananya Gupta,+91 818676 5519,"503, Civil Lines, Sadar",148735.0
2335.0,4,4,2.0,70,29.4,4,46.3,21.41019,79.09524,Vivaan Kulkarni,+91 689723 8266,"946, Civil Lines, Hingna Road",300548.0
1408.0,4,4,2.5,3,1.7,6,51.2,21.13145,79.09293,Ishaan Reddy,+91 810072 2950,"108, College Road, Sitabuldi",223033.0
1545.0,1,1,1.5,55,1.6,2,4.3,21.13234,79.08244,Aarav Kulkarni,+91 634478 0260,"455, Sunrise Boulevard, Wardha Road",225636.0
593.0,4,4,1.0,48,9.1,9,50.1,21.22647,79.07098,Kavya Rao,+91 750507 4908,"337, Church Street, Gandhibagh",120019.0
1359.0,5,5,3.0,13,0.5,3,34.0,21.14793,79.08394,Neha Patel,+91 944668 8228,"202, Ring Road, Hingna Road",271017.0
1795.0,2,2,3.0,27,0.9,10,28.5,21.14915,79.09595,Arjun Mehta,+91 789969 7849,"478, Green Valley Road, Trimurti Nagar",299566.0
2405.0,1,1,1.0,39,12.3,2,27.0,21.08194,78.99087,Ritu Verma,+91 809979 4311,"111, Sunrise Boulevard, Dharampeth",325599.0
1299.0,5,5,1.5,11,12.2,9,64.9,21.0749,79.17765,Sai Kulkarni,+91 780243 9002,"122, MG Road, Trimurti Nagar",269781.0
2877.0,3,3,1.0,57,2.7,4,42.9,21.16193,79.10713,Aarav Iyer,+91 963803 6654,"835, Market Street, Ramdaspeth",425063.0
1355.0,4,4,1.5,22,11.0,7,42.6,21.21918,79.16025,Aditya Kulkarni,+91 700058 0065,"319, Church Street, Laxmi Nagar",279802.0
1356.0,2,2,1.0,74,7.0,9,15.9,21.15586,79.0213,Amit Gupta,+91 930865 2907,"328, Station Road, Ramdaspeth",178119.0
2799.0,2,2,2.5,64,0.5,2,96.2,21.15022,79.08726,Kavya Nair,+91 977634 4874,"660, Church Street, Hingna Road",329374.0
1937.0,2,2,3.5,50,0.5,4,22.4,21.15024,79.08739,Arjun Reddy,+91 779630 8050,"765, Green Valley Road, Trimurti Nagar",376952.0
1441.0,2,2,3.0,9,9.6,10,40.6,21.07994,79.02878,Kabir Gupta,+91 680677 5557,"864, Church Street, Ramdaspeth",291270.0
1699.0,3,3,3.0,1,2.9,2,19.0,21.15963,79.06475,Kabir Iyer,+91 908790 2248,"627, College Road, Civil Lines",298184.0
2679.0,1,1,2.5,11,5.0,2,70.3,21.10812,79.11552,Priya Sharma,+91 876306 0247,"265, Church Street, Sitabuldi",365143.0
2753.0,5,5,2.0,39,0.5,6,43.6,21.14775,79.08384,Rahul Iyer,+91 961285 6385,"283, Church Street, Wardha Road",422278.0
1269.0,3,3,2.0,62,7.7,1,41.4,21.09993,79.03261,Sneha Verma,+91 707286 1002,"706, MG Road, Gandhibagh",135137.0
1772.0,5,5,1.5,12,5.6,10,87.5,21.17617,79.04461,Amit Rao,+91 716143 6048,"849, Hill Top Road, Laxmi Nagar",290614.0
1859.0,3,3,2.0,56,7.5,10,75.9,21.21329,79.08546,Aarav Verma,+91 628172 3575,"917, College Road, Sitabuldi",283160.0
1159.0,2,2,1.5,3,2.2,2,52.0,21.14934,79.06734,Meera Sharma,+91 952600 1863,"844, Green Valley Road, Dharampeth",181530.0
1764.0,3,3,2.5,21,0.5,2,46.9,21.14137,79.08731,Vikram Nair,+91 962736 2096,"626, College Road, Civil Lines",267228.0
1803.0,1,1,1.0,47,1.2,8,96.0,21.14269,79.09912,Rohan Reddy,+91 966809 4598,"172, Ring Road, Wardha Road",321160.0
2541.0,5,5,3.0,66,11.4,6,95.6,21.1726,79.19412,Meera Chauhan,+91 739012 2648,"416, Hill Top Road, Ramdaspeth",346718.0
2585.0,4,4,3.0,62,22.1,9,70.5,21.10631,78.8793,Aarav Gupta,+91 766743 1826,"122, College Road, Sadar",362247.0
1586.0,1,1,3.0,42,1.5,10,76.0,21.13564,79.07871,Anjali Iyer,+91 773163 8437,"439, Hill Top Road, Civil Lines",267087.0
1661.0,3,3,1.0,2,18.3,5,89.9,21.23036,79.23993,Amit Gupta,+91 637684 0108,"600, Park Avenue, Wardha Road",251142.0
2232.0,3,3,1.5,23,8.2,3,96.4,21.0811,79.12587,Riya Chauhan,+91 622629 8463,"674, Market Street, Sitabuldi",292423.0
1420.0,2,2,3.0,62,26.4,7,8.2,21.38026,79.04684,Riya Deshmukh,+91 744341 6099,"233, MG Road, Civil Lines",235675.0
2183.0,1,1,3.0,6,0.7,7,99.7,21.14158,79.09272,Rahul Patel,+91 820404 7380,"695, Park Avenue, Ramdaspeth",341405.0
1743.0,4,4,2.0,56,8.5,5,70.3,21.12081,79.01012,Priya Gupta,+91 975242 6957,"332, Lake View Lane, Gandhibagh",225476.0
1170.0,2,2,1.0,56,10.6,3,59.3,21.22383,79.14733,Suman Patel,+91 968541 7897,"695, Hill Top Road, Gandhibagh",155362.0
1178.0,3,3,2.0,60,1.1,3,41.3,21.13621,79.0875,Kabir Patel,+91 837380 8782,"935, College Road, Sitabuldi",190182.0
2741.0,2,2,2.0,17,1.2,6,33.6,21.1546,79.09442,Sanjay Gupta,+91 952766 7042,"289, Green Valley Road, Pratap Nagar",406037.0
1698.0,4,4,3.5,19,3.8,5,80.4,21.11193,79.08136,Vikram Agarwal,+91 995135 3676,"176, Ring Road, Laxmi Nagar",297498.0
2866.0,1,1,2.5,15,5.5,5,65.4,21.09977,79.1071,Pooja Nair,+91 856260 7382,"966, Station Road, Sitabuldi",415062.0
1466.0,2,2,1.5,31,10.7,1,20.1,21.10186,78.9965,Vivaan Iyer,+91 995925 7724,"470, Hill Top Road, Dharampeth",226616.0
1989.0,3,3,3.5,41,9.8,9,61.0,21.23347,79.07567,Priya Patel,+91 926402 3599,"231, Lake View Lane, Civil Lines",323169.0
3355.0,3,3,3.5,9,12.3,8,14.1,21.18836,78.97835,Sneha Patel,+91 669085 3338,"295, Lake View Lane, Pratap Nagar",504164.0
1113.0,4,4,1.0,45,11.0,10,49.7,21.12849,78.9839,Riya Joshi,+91 741963 7350,"468, Church Street, Sadar",153111.0
566.0,1,1,1.0,19,1.9,9,58.3,21.13085,79.07883,Rahul Deshmukh,+91 923777 4352,"348, Station Road, Sitabuldi",158537.0
2636.0,3,3,1.5,44,31.7,7,63.6,20.93289,78.88419,Sneha Joshi,+91 656931 3844,"904, Hill Top Road, Laxmi Nagar",341763.0
1263.0,4,4,3.0,24,2.5,4,14.5,21.15893,79.06872,Kabir Mehta,+91 842869 0700,"370, Green Valley Road, Civil Lines",223327.0
1787.0,2,2,2.5,76,7.0,7,9.6,21.08253,79.09168,Sanjay Gupta,+91 783311 6551,"472, Park Avenue, Manish Nagar",279896.0
1419.0,1,1,2.5,25,7.8,6,25.9,21.07602,79.09833,Neha Bose,+91 890451 5553,"260, Lake View Lane, Gandhibagh",250874.0
1974.0,5,5,3.0,69,15.1,10,60.7,21.01744,79.03995,Suman Agarwal,+91 991733 2613,"705, MG Road, Gandhibagh",336275.0
1182.0,4,4,1.5,14,15.4,3,93.2,21.28293,79.0676,Kavya Chauhan,+91 740838 6264,"762, Ring Road, Sitabuldi",191841.0
1683.0,4,4,1.5,6,4.7,1,77.9,21.15384,79.04392,Kavya Kulkarni,+91 648699 8448,"564, Green Valley Road, Civil Lines",266829.0
2092.0,4,4,3.5,15,9.1,2,74.6,21.17941,79.00805,Riya Kulkarni,+91 783751 1029,"811, Church Street, Trimurti Nagar",336779.0
1145.0,4,4,2.0,33,0.6,2,33.0,21.1408,79.09059,Pooja Verma,+91 839442 6537,"274, MG Road, Sitabuldi",203537.0
1345.0,4,4,1.0,72,1.8,7,11.2,21.13046,79.0945,Anjali Patel,+91 777463 9424,"539, Park Avenue, Hingna Road",248002.0
1574.0,3,3,3.0,14,0.7,2,89.2,21.14079,79.093,Riya Verma,+91 899383 1222,"729, Hill Top Road, Hingna Road",234817.0
871.0,1,1,1.0,62,5.1,2,50.1,21.19111,79.09397,Meera Rao,+91 723035 4421,"898, Station Road, Manish Nagar",147662.0
1525.0,3,3,3.5,55,12.9,4,10.1,21.02943,79.08699,Vivaan Joshi,+91 899471 1577,"327, Market Street, Ramdaspeth",201528.0
1877.0,2,2,3.5,27,3.3,8,53.5,21.12447,79.10978,Vivaan Verma,+91 638634 2104,"137, Green Valley Road, Sadar",330602.0
1540.0,4,4,3.0,26,8.3,5,67.5,21.21083,79.12856,Amit Deshmukh,+91 709877 6785,"782, Church Street, Hingna Road",256127.0
1624.0,3,3,2.5,75,3.8,3,32.0,21.15426,79.12358,Ananya Joshi,+91 782871 1127,"506, Park Avenue, Laxmi Nagar",265965.0
1787.0,5,5,1.5,57,15.5,3,0.9,21.23149,79.20587,Priya Joshi,+91 889158 9060,"56, Hill Top Road, Gandhibagh",250791.0
1374.0,3,3,3.0,19,13.0,9,62.2,21.07358,78.98992,Sneha Chauhan,+91 808918 9517,"827, Ring Road, Trimurti Nagar",245030.0
2249.0,3,3,2.0,72,17.8,5,4.0,21.22162,78.93663,Kabir Joshi,+91 853862 4352,"499, Civil Lines, Hingna Road",310464.0
2733.0,5,5,2.5,32,1.8,4,43.3,21.16136,79.0942,Sai Sharma,+91 964000 1065,"620, Station Road, Gandhibagh",427402.0
1498.0,3,3,1.5,6,2.6,8,82.5,21.14173,79.0639,Vivaan Deshmukh,+91 904255 5307,"359, MG Road, Civil Lines",236122.0
2115.0,2,2,2.5,65,0.5,4,99.9,21.14141,79.08927,Vikram Chauhan,+91 678736 9056,"984, Market Street, Pratap Nagar",300391.0
1644.0,2,2,2.5,69,1.1,4,37.0,21.13812,79.09465,Kavya Verma,+91 895877 0571,"430, Park Avenue, Sadar",200753.0
2038.0,5,5,1.5,35,2.3,8,2.0,21.12547,79.08844,Rohan Joshi,+91 696868 9095,"595, Civil Lines, Pratap Nagar",340545.0
2818.0,4,4,3.5,56,15.3,4,49.3,21.05524,79.19906,Riya Rao,+91 742455 7675,"535, Park Avenue, Civil Lines",347349.0
2131.0,1,1,1.0,18,11.0,6,27.6,21.08566,79.00418,Ishaan Patel,+91 898972 9928,"959, Market Street, Trimurti Nagar",328975.0
647.0,3,3,3.5,68,5.2,7,89.3,21.10556,79.11448,Vikram Reddy,+91 757324 1149,"611, Church Street, Dharampeth",139515.0
2095.0,2,2,3.5,29,9.9,3,71.2,21.18995,79.00558,Kabir Agarwal,+91 803220 1546,"99, Green Valley Road, Dharampeth",306166.0
2601.0,4,4,2.0,21,10.2,2,40.4,21.07222,79.14741,Arjun Iyer,+91 981382 0232,"856, MG Road, Trimurti Nagar",408961.0
1656.0,1,1,1.5,40,13.8,9,76.2,21.07021,79.19379,Anjali Joshi,+91 852583 5703,"43, Sunrise Boulevard, Gandhibagh",226841.0
2447.0,4,4,2.5,21,2.7,3,34.1,21.12327,79.078,Amit Deshmukh,+91 862449 1699,"525, Lake View Lane, Sadar",392071.0
1351.0,4,4,2.0,49,0.5,4,52.2,21.14769,79.08382,Rahul Nair,+91 953127 0794,"356, Park Avenue, Pratap Nagar",232160.0
834.0,2,2,2.0,59,6.6,6,92.3,21.20445,79.07552,Riya Chauhan,+91 889755 2175,"481, Church Street, Pratap Nagar",129221.0
1892.0,1,1,1.5,32,4.8,2,20.0,21.18465,79.06692,Kavya Rao,+91 697290 0667,"840, Green Valley Road, Hingna Road",303955.0
658.0,4,4,2.5,62,2.8,1,31.3,21.16455,79.10652,Rohan Bose,+91 862193 1088,"109, Church Street, Sitabuldi",185516.0
1644.0,2,2,1.5,34,8.1,5,88.6,21.16707,79.16291,Sai Patel,+91 788105 5086,"51, Ring Road, Gandhibagh",221459.0
2636.0,5,5,2.0,77,5.1,10,46.2,21.16942,79.04574,Suman Chauhan,+91 665975 5838,"901, MG Road, Trimurti Nagar",420339.0
559.0,4,4,2.5,21,13.4,6,31.8,21.17769,79.21266,Ritu Verma,+91 910035 8907,"252, Hill Top Road, Civil Lines",153338.0
968.0,5,5,2.0,56,4.2,6,3.7,21.11987,79.11802,Amit Agarwal,+91 923897 1092,"442, Ring Road, Gandhibagh",216574.0
1129.0,3,3,3.0,42,1.0,7,41.9,21.13843,79.08245,Anjali Mehta,+91 825168 3488,"984, College Road, Sitabuldi",227696.0
1759.0,5,5,3.0,75,0.5,9,50.1,21.14205,79.09088,Sanjay Joshi,+91 807016 1144,"724, Ring Road, Manish Nagar",295313.0
1562.0,1,1,3.5,17,2.6,9,40.6,21.15383,79.06455,Diya Chauhan,+91 859432 8205,"640, Hill Top Road, Sadar",189937.0
2709.0,2,2,3.5,15,4.0,1,27.7,21.18143,79.09451,Amit Mehta,+91 770647 0886,"8, Church Street, Ramdaspeth",430576.0
2420.0,1,1,3.0,69,15.0,6,36.9,21.27635,79.052,Vikram Kulkarni,+91 967187 7415,"393, Park Avenue, Trimurti Nagar",301710.0
2122.0,4,4,1.0,72,4.7,6,64.2,21.11241,79.11587,Ishaan Deshmukh,+91 852939 8013,"519, Civil Lines, Gandhibagh",296675.0
1895.0,3,3,1.0,59,5.4,3,89.1,21.17927,79.12552,Anjali Agarwal,+91 761284 5591,"78, Civil Lines, Manish Nagar",245009.0
2056.0,2,2,2.0,37,1.8,10,65.0,21.13036,79.08262,Neha Gupta,+91 850049 4790,"646, Market Street, Trimurti Nagar",305582.0
1240.0,2,2,2.0,32,13.8,3,64.6,21.2688,79.1085,Sai Agarwal,+91 668879 6098,"754, Hill Top Road, Sadar",182790.0
2357.0,4,4,3.5,53,12.2,9,81.7,21.23329,79.01714,Neha Joshi,+91 719648 6733,"368, Civil Lines, Civil Lines",348234.0
1077.0,1,1,1.0,59,32.8,2,16.5,21.15145,79.40465,Sai Sharma,+91 608210 3486,"924, MG Road, Wardha Road",90087.0
2343.0,3,3,1.0,22,15.4,7,30.1,21.16397,78.94078,Sai Chauhan,+91 680023 0894,"933, Sunrise Boulevard, Dharampeth",347144.0
2571.0,4,4,3.0,0,22.0,8,5.1,21.28911,79.23552,Meera Deshmukh,+91 981088 7878,"741, Lake View Lane, Ramdaspeth",402254.0
1937.0,2,2,3.5,5,0.9,6,35.0,21.13953,79.09374,Suman Chauhan,+91 798848 2383,"314, Hill Top Road, Dharampeth",353283.0
1685.0,2,2,1.0,27,14.4,2,99.9,21.22059,79.20195,Diya Deshmukh,+91 984245 0514,"117, Hill Top Road, Manish Nagar",175352.0
2060.0,2,2,1.0,54,0.5,2,32.9,21.1503,79.08819,Kabir Iyer,+91 836800 4727,"696, Sunrise Boulevard, Sitabuldi",268664.0
400.0,3,3,2.5,35,48.3,7,86.0,21.1862,79.55272,Vikram Iyer,+91 602563 8461,"531, Church Street, Sitabuldi",52104.0
1996.0,2,2,2.0,49,4.8,9,8.6,21.14386,79.13453,Sai Reddy,+91 695426 0477,"716, Station Road, Manish Nagar",305938.0
1726.0,2,2,1.0,37,1.3,6,46.0,21.13651,79.08011,Kavya Nair,+91 763516 2371,"402, MG Road, Sadar",246593.0
1767.0,3,3,2.5,20,1.1,2,35.1,21.1379,79.08151,Arjun Sharma,+91 633973 6273,"153, Ring Road, Pratap Nagar",270982.0
2259.0,1,1,3.5,59,21.1,8,20.2,21.12331,78.88567,Kabir Deshmukh,+91 898249 0655,"903, College Road, Manish Nagar",309022.0
1751.0,3,3,3.5,57,6.5,5,37.3,21.10241,79.13083,Arjun Deshmukh,+91 755349 0106,"962, Lake View Lane, Gandhibagh",271942.0
1059.0,1,1,3.0,77,0.5,1,65.1,21.14935,79.09118,Ananya Bose,+91 630220 7089,"761, Market Street, Civil Lines",140120.0
1708.0,1,1,2.0,66,11.8,4,49.0,21.04304,79.1186,Ritu Joshi,+91 892296 5814,"24, MG Road, Dharampeth",195797.0
1844.0,2,2,3.5,30,11.7,3,84.4,21.04729,79.12782,Rahul Bose,+91 917213 5298,"801, Ring Road, Ramdaspeth",275526.0
1875.0,2,2,1.5,56,6.0,10,90.5,21.15787,79.14423,Rahul Gupta,+91 993359 5361,"994, Ring Road, Sadar",307730.0
1905.0,1,1,1.5,28,1.7,10,48.2,21.15718,79.09928,Vivaan Rao,+91 796403 5949,"413, Market Street, Ramdaspeth",258932.0
2476.0,5,5,1.5,69,1.8,2,98.2,21.14114,79.07183,Aarav Deshmukh,+91 657072 4356,"502, Green Valley Road, Pratap Nagar",294183.0
1094.0,2,2,3.5,48,3.7,6,7.2,21.16392,79.11873,Ananya Deshmukh,+91 930648 6305,"25, College Road, Laxmi Nagar",237096.0
1914.0,5,5,2.5,66,6.2,1,27.6,21.20083,79.07603,Anjali Deshmukh,+91 877320 6275,"601, College Road, Manish Nagar",324551.0
2638.0,5,5,1.5,22,30.9,5,41.7,21.30408,78.8429,Aarav Nair,+91 906280 3064,"758, Green Valley Road, Civil Lines",303716.0
673.0,5,5,3.5,1,8.1,2,58.3,21.20667,79.13124,Vikram Verma,+91 657835 6815,"202, Hill Top Road, Ramdaspeth",185623.0
1917.0,5,5,1.5,11,1.9,8,54.6,21.12916,79.08291,Sanjay Agarwal,+91 782347 6128,"633, Hill Top Road, Sitabuldi",377884.0
1420.0,1,1,2.5,42,7.6,1,56.8,21.14793,79.01461,Arjun Iyer,+91 765498 4383,"261, Green Valley Road, Sadar",171682.0
1559.0,2,2,1.0,76,26.5,10,89.6,20.96214,78.92491,Aditya Mehta,+91 849176 3187,"142, Market Street, Pratap Nagar",226537.0
1212.0,4,4,1.5,50,1.9,3,27.8,21.14859,79.06984,Ishaan Verma,+91 883972 4351,"23, Station Road, Hingna Road",207293.0
1690.0,3,3,1.0,64,1.7,3,81.7,21.15397,79.07391,Vivaan Bose,+91 874666 7655,"756, Hill Top Road, Sitabuldi",240428.0
2997.0,1,1,1.0,37,0.5,9,55.8,21.14602,79.08338,Pooja Gupta,+91 768432 1673,"212, Ring Road, Manish Nagar",407207.0
978.0,3,3,2.0,76,7.0,10,49.0,21.10857,79.14279,Vikram Bose,+91 753999 8855,"150, Ring Road, Manish Nagar",205630.0
1040.0,5,5,1.5,75,0.5,1,29.9,21.14854,79.08436,Rahul Kulkarni,+91 637339 0176,"960, Ring Road, Manish Nagar",200252.0
954.0,5,5,1.0,17,41.7,2,30.4,20.85319,78.83608,Aditya Reddy,+91 774028 6803,"739, Lake View Lane, Pratap Nagar",168424.0
2923.0,2,2,2.0,68,18.2,9,38.8,21.00427,79.17661,Ritu Iyer,+91 660481 0621,"257, Sunrise Boulevard, Hingna Road",424930.0
1499.0,2,2,2.0,1,1.2,10,76.4,21.13831,79.07977,Rahul Bose,+91 956817 6628,"713, Station Road, Dharampeth",273316.0
1783.0,2,2,2.0,47,2.2,5,47.7,21.16529,79.09137,Sanjay Joshi,+91 816164 1143,"499, Hill Top Road, Civil Lines",348085.0
1538.0,2,2,2.0,34,2.4,2,15.4,21.16078,79.10489,Diya Kulkarni,+91 844044 3210,"8, Lake View Lane, Laxmi Nagar",278652.0
1186.0,2,2,3.0,24,0.9,2,76.0,21.14152,79.08106,Rohan Mehta,+91 965824 1971,"270, Hill Top Road, Ramdaspeth",208670.0
1647.0,2,2,3.5,74,13.1,3,66.3,21.02913,79.07031,Sanjay Gupta,+91 889691 2657,"774, MG Road, Manish Nagar",189463.0
3398.0,3,3,1.0,52,12.1,7,94.9,21.03787,79.10189,Vivaan Verma,+91 792814 4848,"718, Civil Lines, Pratap Nagar",400054.0
2705.0,1,1,3.5,11,2.5,1,52.9,21.12473,79.07987,Rohan Sharma,+91 719154 0585,"407, Station Road, Pratap Nagar",343440.0
1246.0,2,2,2.5,11,12.0,7,65.4,21.14814,79.20365,Ishaan Nair,+91 679306 7133,"985, Park Avenue, Wardha Road",188706.0
2221.0,2,2,2.5,9,8.8,9,47.9,21.06781,79.10082,Aditya Kulkarni,+91 878726 2696,"506, Church Street, Laxmi Nagar",385407.0
1260.0,1,1,3.5,24,3.2,2,68.1,21.12842,79.06405,Meera Reddy,+91 977419 3886,"13, MG Road, Trimurti Nagar",209807.0
645.0,5,5,1.5,5,4.9,10,43.6,21.14251,79.13556,Kabir Gupta,+91 852189 6925,"963, Park Avenue, Gandhibagh",179495.0
2463.0,4,4,2.5,21,26.1,10,13.8,20.9119,79.11125,Suman Iyer,+91 715824 5494,"23, Sunrise Boulevard, Manish Nagar",371869.0
2554.0,5,5,3.0,61,25.6,3,98.7,21.24377,78.86422,Ritu Gupta,+91 723338 5319,"919, College Road, Civil Lines",310410.0
2480.0,3,3,3.5,69,15.0,2,72.0,21.02497,79.02336,Rohan Nair,+91 713603 9020,"75, Sunrise Boulevard, Sadar",334884.0
1495.0,1,1,1.0,62,2.5,4,60.9,21.13091,79.0703,Sanjay Joshi,+91 760047 9258,"382, Park Avenue, Wardha Road",182610.0
1692.0,5,5,2.5,39,7.3,3,48.1,21.20177,79.05148,Aarav Reddy,+91 679006 3774,"55, Civil Lines, Gandhibagh",280773.0
2287.0,3,3,1.5,55,20.7,3,71.1,21.1068,78.89266,Arjun Sharma,+91 798309 9807,"709, Civil Lines, Ramdaspeth",288822.0
2054.0,4,4,1.5,75,2.4,10,12.7,21.16678,79.09483,Sneha Verma,+91 693754 7562,"307, Ring Road, Hingna Road",315009.0
1544.0,2,2,1.5,4,9.1,2,32.6,21.18892,79.1633,Rohan Nair,+91 826538 3435,"513, Green Valley Road, Wardha Road",279149.0
748.0,3,3,2.0,72,1.4,4,12.5,21.13342,79.08678,Vivaan Patel,+91 953717 0244,"190, Church Street, Pratap Nagar",143471.0
1874.0,3,3,3.0,57,6.8,8,12.6,21.18664,79.03908,Ishaan Deshmukh,+91 669750 9368,"821, Market Street, Pratap Nagar",282891.0
2501.0,2,2,2.5,30,11.9,1,2.1,21.03846,79.09233,Sneha Patel,+91 661297 6497,"462, Lake View Lane, Hingna Road",369777.0
1022.0,3,3,2.0,35,55.3,1,75.6,21.18228,78.55546,Kabir Sharma,+91 979986 2218,"320, Church Street, Ramdaspeth",70954.0
2215.0,4,4,3.0,35,5.6,4,22.7,21.0985,79.1082,Kabir Mehta,+91 732752 3470,"23, Sunrise Boulevard, Ramdaspeth",358419.0
2016.0,1,1,2.0,12,26.6,10,83.2,20.90636,79.07141,Rohan Mehta,+91 770812 3938,"470, Lake View Lane, Manish Nagar",244180.0
2288.0,1,1,3.5,18,15.8,9,90.4,21.00378,79.10176,Anjali Kulkarni,+91 923510 3718,"724, College Road, Pratap Nagar",345179.0
2367.0,5,5,2.0,23,9.8,10,16.9,21.18386,79.00241,Anjali Patel,+91 962154 1684,"113, Civil Lines, Trimurti Nagar",450222.0
1349.0,3,3,1.5,0,4.6,9,70.9,21.13582,79.13121,Sanjay Kulkarni,+91 848328 5998,"508, College Road, Civil Lines",220691.0
749.0,5,5,2.0,40,15.9,2,46.0,21.226,78.96123,Aarav Agarwal,+91 637479 7498,"925, Green Valley Road, Sitabuldi",145046.0
1453.0,4,4,2.0,38,20.6,5,91.9,20.9673,79.14139,Arjun Mehta,+91 829422 7364,"866, Market Street, Sitabuldi",183073.0
2378.0,4,4,2.0,26,3.9,6,48.4,21.14812,79.05018,Anjali Iyer,+91 891537 9396,"899, Sunrise Boulevard, Trimurti Nagar",436537.0
1448.0,5,5,3.0,14,6.8,2,37.9,21.20714,79.09438,Meera Rao,+91 707594 2107,"895, Sunrise Boulevard, Pratap Nagar",289143.0
1349.0,4,4,1.5,77,8.2,10,29.5,21.09204,79.03332,Aarav Agarwal,+91 896600 4549,"276, Lake View Lane, Sadar",241277.0
616.0,2,2,2.5,54,24.8,7,90.4,21.18887,78.85326,Kabir Patel,+91 839232 7341,"160, Sunrise Boulevard, Hingna Road",52493.0
2939.0,3,3,2.5,37,5.6,9,22.6,21.19574,79.08345,Sanjay Kulkarni,+91 831782 9482,"582, Church Street, Trimurti Nagar",421121.0
2337.0,2,2,1.0,57,8.7,3,82.8,21.19861,79.02595,Anjali Reddy,+91 881331 9240,"716, Sunrise Boulevard, Civil Lines",311412.0
2300.0,2,2,2.5,29,33.6,8,19.4,21.40116,79.2621,Priya Chauhan,+91 961298 1679,"378, MG Road, Sadar",277251.0
2429.0,4,4,3.5,17,18.5,2,64.3,21.13227,79.26601,Ishaan Patel,+91 623256 1012,"233, MG Road, Sadar",305941.0
2175.0,1,1,2.5,53,1.4,1,45.1,21.13609,79.07993,Vivaan Rao,+91 652861 9786,"156, Hill Top Road, Pratap Nagar",293939.0
1641.0,4,4,1.5,61,8.6,7,10.5,21.21415,79.12639,Kabir Nair,+91 664679 5796,"509, MG Road, Civil Lines",273217.0
1694.0,3,3,1.5,52,23.6,1,12.6,20.9345,79.10902,Sanjay Rao,+91 671893 8829,"45, Church Street, Civil Lines",227423.0
1522.0,2,2,2.5,45,5.4,3,28.2,21.11654,79.04608,Sanjay Iyer,+91 751155 8533,"684, Station Road, Manish Nagar",224022.0
3513.0,1,1,3.0,0,9.3,8,76.7,21.06341,79.07281,Arjun Sharma,+91 652718 2193,"822, Lake View Lane, Trimurti Nagar",512972.0
2161.0,4,4,1.0,51,24.0,5,72.9,21.03648,78.88854,Suman Agarwal,+91 663914 0574,"828, Hill Top Road, Manish Nagar",254159.0
1499.0,5,5,1.5,49,6.9,4,20.5,21.16901,79.15053,Anjali Joshi,+91 887999 4960,"289, Civil Lines, Wardha Road",268304.0
2103.0,4,4,3.5,32,13.3,3,47.6,21.26033,79.12535,Suman Mehta,+91 903505 6693,"100, Civil Lines, Ramdaspeth",317587.0
1143.0,3,3,1.0,19,1.0,7,9.7,21.13684,79.08934,Vikram Rao,+91 909565 4158,"515, Church Street, Manish Nagar",248971.0
2778.0,4,4,1.0,78,8.4,10,71.6,21.0702,79.09042,Meera Rao,+91 613941 9124,"739, MG Road, Trimurti Nagar",416732.0
1370.0,3,3,1.5,30,2.0,8,79.3,21.12794,79.08867,Suman Mehta,+91 634754 7664,"901, MG Road, Trimurti Nagar",225718.0
2126.0,2,2,3.5,21,9.9,4,89.4,21.15433,79.18358,Rahul Nair,+91 852410 8824,"121, Church Street, Hingna Road",283929.0
2493.0,2,2,2.0,56,2.9,5,88.6,21.1211,79.09776,Sanjay Verma,+91 995058 2970,"20, Lake View Lane, Gandhibagh",293189.0
2050.0,2,2,1.5,38,1.8,2,33.8,21.152,79.07167,Diya Sharma,+91 996278 6983,"141, Civil Lines, Sitabuldi",245391.0
1861.0,5,5,1.5,44,6.3,2,25.5,21.09271,79.06716,Kabir Joshi,+91 718925 5355,"547, College Road, Sadar",284751.0
1807.0,4,4,3.5,51,12.7,3,89.7,21.25868,79.0713,Meera Patel,+91 693141 1681,"166, Church Street, Sadar",251003.0
1763.0,1,1,3.5,29,19.3,4,14.6,20.97312,79.11103,Diya Nair,+91 931459 8947,"954, Civil Lines, Hingna Road",227072.0
1425.0,5,5,1.0,12,2.1,10,5.9,21.14373,79.10805,Ananya Mehta,+91 720991 1947,"346, Market Street, Manish Nagar",278440.0
1508.0,1,1,1.0,13,2.2,9,31.4,21.16581,79.08772,Rahul Joshi,+91 795061 6544,"808, Station Road, Ramdaspeth",302030.0
2762.0,3,3,1.5,75,60.0,2,76.0,20.61769,79.21178,Riya Patel,+91 793889 8697,"325, Lake View Lane, Hingna Road",273194.0
1729.0,1,1,3.0,40,6.9,4,69.4,21.10772,79.03553,Sai Mehta,+91 910658 5284,"219, Station Road, Hingna Road",213278.0
1289.0,2,2,1.0,33,4.0,1,98.7,21.18168,79.08258,Kabir Bose,+91 790019 1778,"86, MG Road, Gandhibagh",161857.0
1464.0,4,4,1.0,25,2.0,1,36.0,21.16312,79.08289,Meera Iyer,+91 860005 4002,"201, Market Street, Gandhibagh",249697.0
2515.0,5,5,2.5,57,10.9,4,27.6,21.04788,79.07603,Sai Verma,+91 849842 7934,"750, College Road, Hingna Road",351318.0
2239.0,5,5,2.5,73,3.8,10,37.8,21.17928,79.08033,Kabir Rao,+91 911821 3327,"761, MG Road, Trimurti Nagar",341894.0
2164.0,5,5,2.0,61,6.8,2,78.2,21.16401,79.15124,Kabir Mehta,+91 955992 9613,"667, Church Street, Gandhibagh",292072.0
1633.0,2,2,3.5,42,0.5,7,21.4,21.14259,79.09159,Sneha Iyer,+91 827671 5563,"80, Park Avenue, Sadar",312279.0
2173.0,1,1,1.0,38,1.4,4,94.8,21.13902,79.07657,Diya Joshi,+91 608494 2405,"320, College Road, Laxmi Nagar",317530.0
1382.0,5,5,2.0,69,1.1,6,51.3,21.13584,79.08877,Ananya Deshmukh,+91 792111 3273,"599, College Road, Ramdaspeth",221983.0
1631.0,5,5,2.5,68,4.8,9,78.3,21.11973,79.05132,Aditya Joshi,+91 831537 0687,"936, Ring Road, Civil Lines",282730.0
2430.0,2,2,1.5,31,7.7,9,82.7,21.13868,79.01459,Vivaan Deshmukh,+91 926856 8419,"234, Green Valley Road, Wardha Road",348740.0
2368.0,1,1,3.0,77,3.5,9,47.9,21.11455,79.09243,Rahul Patel,+91 933613 5718,"187, Civil Lines, Gandhibagh",313936.0
1162.0,4,4,2.0,66,2.0,5,74.1,21.14942,79.10717,Suman Reddy,+91 729978 1414,"838, Market Street, Sadar",185928.0
1244.0,1,1,2.5,67,5.5,1,36.5,21.19192,79.06794,Sai Joshi,+91 855009 2451,"468, Sunrise Boulevard, Civil Lines",138941.0
1871.0,1,1,3.0,4,21.9,10,81.1,21.00428,78.94109,Pooja Gupta,+91 736276 9583,"379, Hill Top Road, Trimurti Nagar",304790.0
2922.0,5,5,1.0,10,5.8,10,82.4,21.12783,79.14067,Riya Bose,+91 869874 5522,"384, Station Road, Hingna Road",486198.0
555.0,3,3,3.0,23,2.2,9,56.6,21.15801,79.07162,Sai Kulkarni,+91 766665 5631,"415, Hill Top Road, Hingna Road",153568.0
1981.0,1,1,3.0,60,2.8,5,21.8,21.14188,79.11505,Meera Nair,+91 863783 1058,"484, Civil Lines, Gandhibagh",277284.0
906.0,4,4,1.5,6,4.1,3,97.0,21.10844,79.08953,Ishaan Deshmukh,+91 988009 6897,"793, Green Valley Road, Pratap Nagar",195106.0
1388.0,2,2,3.0,6,0.5,2,94.7,21.14623,79.08339,Ananya Bose,+91 947688 1867,"688, Lake View Lane, Pratap Nagar",252882.0
1563.0,3,3,3.0,2,3.7,4,62.0,21.16024,79.05575,Amit Sharma,+91 834815 9711,"88, MG Road, Sadar",240320.0
1527.0,5,5,2.0,15,4.9,4,98.4,21.17814,79.12099,Pooja Joshi,+91 952889 3251,"133, Green Valley Road, Ramdaspeth",248670.0
1453.0,2,2,2.0,73,24.5,3,50.3,20.99963,78.91087,Kabir Nair,+91 678113 8379,"600, College Road, Hingna Road",166193.0
1805.0,4,4,3.0,57,20.0,10,37.5,21.20399,79.27098,Anjali Deshmukh,+91 641935 9883,"837, Market Street, Pratap Nagar",264662.0
1452.0,5,5,1.0,57,6.9,7,46.1,21.17256,79.02814,Riya Reddy,+91 963538 7929,"961, Green Valley Road, Ramdaspeth",254378.0
849.0,3,3,1.0,23,4.6,3,4.6,21.18674,79.0916,Kabir Reddy,+91 826177 7281,"893, Market Street, Wardha Road",156619.0
2307.0,5,5,2.5,50,2.4,7,54.9,21.13987,79.11077,Vikram Deshmukh,+91 774197 1371,"650, MG Road, Civil Lines",351235.0
2289.0,3,3,3.5,62,4.4,8,66.6,21.1761,79.06018,Anjali Chauhan,+91 841027 5328,"238, Sunrise Boulevard, Gandhibagh",340877.0
2348.0,3,3,2.5,42,0.7,6,11.0,21.14625,79.08106,Arjun Patel,+91 668960 9172,"82, Lake View Lane, Wardha Road",334375.0
799.0,5,5,1.0,68,2.1,10,25.6,21.15938,79.07355,Aditya Mehta,+91 678726 1818,"735, Ring Road, Sadar",138617.0
1994.0,4,4,2.5,45,6.9,10,72.1,21.19287,79.13146,Arjun Deshmukh,+91 612797 3364,"907, Ring Road, Wardha Road",344144.0
2239.0,5,5,1.0,25,31.1,5,79.4,21.36967,78.90779,Vikram Patel,+91 826490 7787,"405, Lake View Lane, Sitabuldi",272488.0
1130.0,4,4,3.5,51,16.7,5,98.6,20.99764,79.11747,Vivaan Mehta,+91 693390 8751,"129, Church Street, Manish Nagar",224331.0
1806.0,4,4,2.0,75,16.3,3,25.3,21.04472,78.97452,Arjun Bose,+91 664078 5135,"731, Green Valley Road, Ramdaspeth",297881.0
1724.0,2,2,2.5,66,9.2,8,84.1,21.17758,79.00606,Sai Agarwal,+91 855270 9480,"369, MG Road, Gandhibagh",232248.0
2997.0,2,2,2.0,39,32.5,10,17.2,20.8816,79.22274,Aarav Patel,+91 869943 8692,"638, Lake View Lane, Gandhibagh",457203.0
3051.0,5,5,3.0,47,3.7,7,13.1,21.14666,79.12353,Riya Bose,+91 743488 5044,"182, Church Street, Sadar",494384.0
718.0,4,4,3.0,78,1.1,3,72.9,21.13705,79.0931,Sanjay Iyer,+91 872575 8264,"356, Park Avenue, Sitabuldi",117053.0
3421.0,2,2,2.5,59,1.6,6,44.6,21.15118,79.10288,Ishaan Rao,+91 644555 9659,"721, College Road, Ramdaspeth",405935.0
1205.0,2,2,2.0,40,0.5,8,79.4,21.14252,79.09151,Anjali Reddy,+91 722120 1666,"856, Station Road, Gandhibagh",227129.0
2437.0,4,4,1.0,22,5.3,1,28.3,21.13027,79.13691,Ritu Kulkarni,+91 798314 9921,"265, Civil Lines, Sitabuldi",355292.0
2431.0,1,1,2.5,72,13.7,6,21.3,21.03351,79.14409,Pooja Verma,+91 778992 7630,"798, Green Valley Road, Hingna Road",334286.0
1153.0,1,1,2.0,78,4.3,7,54.9,21.15052,79.1291,Amit Kulkarni,+91 963201 1190,"261, Church Street, Dharampeth",168228.0
2121.0,4,4,2.0,5,13.5,6,11.5,21.12588,78.95965,Priya Sharma,+91 639162 3457,"735, Church Street, Laxmi Nagar",316059.0
1730.0,2,2,3.0,2,6.6,7,27.9,21.0933,79.1186,Rohan Agarwal,+91 860162 0538,"413, Park Avenue, Ramdaspeth",289759.0
2160.0,4,4,3.0,9,2.2,9,16.6,21.14023,79.06764,Anjali Reddy,+91 781786 6440,"701, Sunrise Boulevard, Sitabuldi",403096.0
1950.0,3,3,2.0,30,4.9,2,32.0,21.17987,79.058,Kavya Rao,+91 716513 6128,"286, Sunrise Boulevard, Hingna Road",285099.0
2578.0,5,5,2.0,12,0.5,6,76.5,21.14662,79.08345,Priya Gupta,+91 644006 3217,"83, Civil Lines, Trimurti Nagar",395612.0
1849.0,3,3,1.5,70,1.8,8,12.1,21.15347,79.103,Diya Verma,+91 892275 7771,"783, Hill Top Road, Wardha Road",260516.0
1691.0,5,5,2.0,73,16.4,9,61.2,21.14922,78.92997,Kabir Sharma,+91 654867 8665,"8, Sunrise Boulevard, Laxmi Nagar",260277.0
2512.0,5,5,3.5,14,13.3,5,58.5,21.16663,79.21456,Diya Bose,+91 607313 3329,"526, MG Road, Manish Nagar",355815.0
2177.0,2,2,3.0,66,19.5,10,53.8,21.00776,78.97208,Sanjay Patel,+91 780438 4607,"59, Hill Top Road, Wardha Road",326344.0
2276.0,5,5,3.5,11,9.5,4,48.4,21.20006,79.01747,Meera Sharma,+91 948138 2235,"555, Market Street, Manish Nagar",344214.0
1368.0,4,4,2.0,62,1.8,5,66.4,21.16094,79.09447,Diya Rao,+91 606831 3656,"109, Sunrise Boulevard, Civil Lines",215791.0
1121.0,1,1,3.0,29,32.6,9,85.2,21.17781,79.40121,Aditya Bose,+91 689474 1594,"162, Church Street, Sitabuldi",202077.0
1431.0,1,1,3.0,3,1.1,5,16.2,21.14115,79.09757,Diya Verma,+91 757800 4197,"984, Civil Lines, Trimurti Nagar",253405.0
1396.0,2,2,2.5,34,4.1,4,81.4,21.13293,79.05084,Kabir Gupta,+91 665407 4344,"912, Church Street, Sadar",202645.0
2311.0,1,1,1.5,65,0.6,6,6.1,21.14181,79.08497,Diya Joshi,+91 891116 0777,"446, Park Avenue, Hingna Road",350314.0
2434.0,2,2,2.5,74,5.3,7,48.2,21.0989,79.09758,Ishaan Rao,+91 744981 2246,"349, Church Street, Trimurti Nagar",296589.0
1699.0,5,5,3.5,9,0.9,10,51.1,21.13981,79.0819,Ritu Patel,+91 820356 1612,"695, Ring Road, Trimurti Nagar",367092.0
2730.0,3,3,2.0,66,2.3,7,19.8,21.15664,79.06908,Rohan Bose,+91 651502 5242,"377, Market Street, Pratap Nagar",425875.0
2690.0,1,1,3.5,23,12.6,2,9.0,21.06449,79.00381,Aditya Iyer,+91 651193 6017,"152, Station Road, Manish Nagar",386603.0
1958.0,3,3,3.5,37,2.8,1,7.5,21.17088,79.08777,Sneha Kulkarni,+91 633122 7901,"242, College Road, Pratap Nagar",223924.0
1266.0,2,2,1.5,8,0.5,10,3.7,21.14411,79.08372,Ananya Nair,+91 868380 7945,"616, Market Street, Hingna Road",259204.0
2824.0,5,5,3.5,77,9.7,5,57.4,21.22941,79.11389,Suman Joshi,+91 827888 0550,"959, Civil Lines, Civil Lines",364604.0
1760.0,1,1,2.0,63,4.2,3,15.5,21.12709,79.12333,Diya Chauhan,+91 681407 1550,"651, Station Road, Sitabuldi",278364.0
1882.0,4,4,3.0,51,2.1,3,80.9,21.14466,79.06793,Sneha Reddy,+91 780616 2756,"606, Station Road, Manish Nagar",308067.0
1579.0,3,3,2.0,58,5.9,2,89.9,21.19873,79.09398,Pooja Agarwal,+91 894783 3790,"784, Sunrise Boulevard, Sadar",223117.0
1222.0,1,1,2.5,69,4.4,2,29.2,21.11553,79.06123,Suman Reddy,+91 611645 3474,"61, Church Street, Wardha Road",145921.0
845.0,4,4,1.5,11,13.6,8,16.4,21.21157,79.19883,Sanjay Reddy,+91 630371 3248,"622, Station Road, Gandhibagh",230100.0
2211.0,3,3,1.5,19,8.1,7,41.0,21.17509,79.01685,Meera Sharma,+91 883588 6132,"193, Ring Road, Pratap Nagar",334944.0
1291.0,4,4,2.5,2,4.0,6,88.2,21.11892,79.11392,Sanjay Iyer,+91 862081 7984,"420, Church Street, Hingna Road",284976.0
3789.0,4,4,2.0,39,1.0,1,40.0,21.13669,79.0893,Arjun Joshi,+91 857243 2540,"480, Church Street, Civil Lines",524453.0
1094.0,4,4,2.0,39,2.1,7,10.8,21.12771,79.08236,Pooja Mehta,+91 706580 3364,"729, Park Avenue, Pratap Nagar",242390.0
983.0,3,3,1.0,2,6.1,10,98.5,21.15597,79.02986,Pooja Nair,+91 949082 0527,"188, College Road, Sadar",184893.0
2132.0,1,1,2.5,52,12.0,10,50.0,21.18132,78.97835,Diya Iyer,+91 674713 0677,"953, College Road, Ramdaspeth",343810.0
2794.0,1,1,1.5,0,10.1,4,34.2,21.15228,79.18585,Vivaan Gupta,+91 638652 8783,"604, Hill Top Road, Laxmi Nagar",405272.0
1842.0,3,3,1.5,63,4.9,7,89.4,21.1198,79.04986,Rahul Chauhan,+91 850558 7991,"348, Sunrise Boulevard, Pratap Nagar",300000.0
2172.0,2,2,2.5,56,13.7,3,92.7,21.08824,78.97077,Aditya Iyer,+91 990496 9565,"308, Ring Road, Sadar",274394.0
602.0,4,4,2.0,65,2.8,9,49.7,21.14662,79.11477,Aarav Reddy,+91 691364 9516,"102, Green Valley Road, Wardha Road",150685.0
1360.0,3,3,2.5,9,0.7,10,30.7,21.15035,79.09239,Ritu Bose,+91 834084 8493,"349, Market Street, Laxmi Nagar",295598.0
1102.0,5,5,3.5,69,13.0,3,48.3,21.15494,79.21341,Meera Mehta,+91 914089 2076,"117, MG Road, Manish Nagar",218025.0
568.0,1,1,3.5,43,11.6,5,21.9,21.25034,79.08596,Sneha Agarwal,+91 875523 6933,"786, Lake View Lane, Trimurti Nagar",145038.0
1876.0,2,2,2.5,69,1.8,3,47.8,21.14619,79.10525,Anjali Iyer,+91 950616 8915,"793, Sunrise Boulevard, Ramdaspeth",268664.0
400.0,4,4,3.5,55,2.1,7,22.9,21.15537,79.07025,Ritu Nair,+91 744695 5653,"524, MG Road, Manish Nagar",96687.0
941.0,1,1,1.0,52,22.0,3,62.2,21.17513,78.87773,Ritu Kulkarni,+91 986502 2613,"963, Sunrise Boulevard, Wardha Road",123195.0
1451.0,2,2,3.5,2,11.7,7,76.0,21.18627,78.98421,Ishaan Bose,+91 747165 7154,"113, Ring Road, Civil Lines",208037.0
1260.0,4,4,2.0,55,2.7,10,96.9,21.16927,79.09648,Sai Deshmukh,+91 720340 8630,"877, Hill Top Road, Laxmi Nagar",224667.0
2058.0,3,3,3.5,35,2.1,9,84.3,21.14303,79.06828,Vikram Nair,+91 670422 7323,"372, Market Street, Gandhibagh",328782.0
1999.0,4,4,3.5,67,23.0,2,8.6,20.95534,79.1752,Aarav Joshi,+91 917423 9568,"757, Green Valley Road, Sadar",238513.0
2381.0,3,3,3.5,54,10.6,2,21.2,21.23808,79.06199,Kabir Iyer,+91 843952 8742,"895, MG Road, Civil Lines",345552.0
2289.0,5,5,3.0,5,0.9,9,53.2,21.15346,79.08479,Kavya Nair,+91 965208 8937,"128, Green Valley Road, Trimurti Nagar",454278.0
2542.0,5,5,1.0,71,0.8,1,25.8,21.14392,79.08087,Ananya Iyer,+91 852930 1905,"845, MG Road, Ramdaspeth",351736.0
1799.0,5,5,1.5,5,4.9,5,1.4,21.18974,79.09303,Rohan Verma,+91 747846 8887,"991, Market Street, Hingna Road",344669.0
1997.0,1,1,2.5,23,10.8,10,75.5,21.22883,79.03343,Anjali Chauhan,+91 635729 4759,"759, Ring Road, Dharampeth",359168.0
2132.0,3,3,2.0,17,6.9,5,35.8,21.16398,79.02492,Priya Patel,+91 867733 8465,"146, Market Street, Pratap Nagar",352603.0
1892.0,1,1,1.5,77,4.1,1,6.6,21.16981,79.05851,Diya Reddy,+91 704102 2727,"842, Market Street, Dharampeth",234293.0
1542.0,2,2,3.5,12,14.4,10,50.9,21.02798,79.14594,Sneha Gupta,+91 828501 0420,"278, Church Street, Civil Lines",273252.0
1584.0,2,2,1.5,67,7.1,8,97.7,21.09407,79.12797,Rahul Gupta,+91 968818 4217,"92, Ring Road, Hingna Road",232669.0
1269.0,4,4,3.0,17,11.2,4,67.9,21.20373,78.99937,Neha Rao,+91 826597 7451,"643, College Road, Ramdaspeth",253629.0
2074.0,3,3,1.5,52,0.5,7,15.9,21.14725,79.08363,Anjali Bose,+91 777317 7708,"122, Hill Top Road, Civil Lines",361281.0
1739.0,5,5,2.0,7,11.0,7,51.4,21.11927,79.19066,Sai Reddy,+91 932588 1979,"568, Green Valley Road, Gandhibagh",231605.0
1369.0,2,2,3.5,31,14.8,6,90.2,21.14321,78.94501,Pooja Deshmukh,+91 895006 0618,"19, College Road, Trimurti Nagar",183119.0
1370.0,4,4,2.5,49,20.5,10,5.4,21.13772,79.28589,Pooja Kulkarni,+91 721395 9261,"739, Church Street, Sitabuldi",241322.0
1013.0,4,4,3.0,56,4.3,8,63.8,21.10678,79.09157,Aarav Deshmukh,+91 943660 6730,"125, Hill Top Road, Hingna Road",174059.0
2436.0,5,5,3.5,69,13.3,3,72.1,21.26555,79.07669,Vikram Mehta,+91 743712 7950,"670, Ring Road, Sadar",240582.0
1851.0,2,2,3.0,65,1.4,10,70.4,21.15787,79.08991,Ishaan Deshmukh,+91 660063 0436,"822, Park Avenue, Manish Nagar",273419.0
1239.0,4,4,2.5,41,12.5,10,15.0,21.24057,79.15353,Neha Deshmukh,+91 691669 3190,"97, Ring Road, Civil Lines",242345.0
2326.0,1,1,3.0,24,0.8,1,90.7,21.13871,79.091,Ritu Kulkarni,+91 846121 8262,"38, Park Avenue, Trimurti Nagar",301169.0
1436.0,3,3,2.5,20,18.1,3,32.2,21.29886,79.02694,Rohan Joshi,+91 867076 0284,"877, Market Street, Sitabuldi",195939.0
886.0,3,3,3.0,79,13.0,7,5.2,21.04108,79.03169,Meera Verma,+91 906741 1347,"465, Church Street, Civil Lines",166095.0
2464.0,5,5,3.0,48,1.1,9,8.3,21.14329,79.07775,Vikram Rao,+91 662611 7964,"505, Market Street, Sitabuldi",423808.0
1451.0,4,4,1.0,72,2.4,8,45.8,21.12635,79.09899,Neha Deshmukh,+91 783660 9628,"247, Sunrise Boulevard, Pratap Nagar",230001.0
1534.0,5,5,2.5,34,0.5,6,4.0,21.1413,79.08822,Vivaan Iyer,+91 630615 6174,"475, Ring Road, Gandhibagh",331100.0
1827.0,5,5,3.0,38,9.9,4,78.0,21.18057,79.17624,Vivaan Gupta,+91 731711 2487,"831, Sunrise Boulevard, Civil Lines",282554.0
2543.0,3,3,1.0,66,18.5,1,86.6,21.28736,78.99397,Kavya Joshi,+91 971634 6133,"843, MG Road, Sadar",271238.0
1813.0,4,4,3.0,57,8.6,9,1.3,21.13601,79.00556,Aarav Verma,+91 989956 7769,"802, Lake View Lane, Trimurti Nagar",285458.0
1021.0,1,1,1.0,16,2.7,6,81.0,21.12308,79.09674,Aarav Kulkarni,+91 737679 0888,"290, Sunrise Boulevard, Trimurti Nagar",166984.0
2154.0,3,3,3.0,41,5.0,5,98.1,21.1018,79.07735,Ritu Bose,+91 625005 9270,"765, Ring Road, Gandhibagh",336894.0
1485.0,1,1,3.5,17,23.7,10,3.0,21.08054,78.87007,Kavya Rao,+91 906209 8090,"450, Park Avenue, Pratap Nagar",229327.0
3027.0,4,4,1.5,60,16.4,2,72.5,21.00772,79.14508,Neha Sharma,+91 677215 8086,"378, Park Avenue, Pratap Nagar",393226.0
1799.0,5,5,3.5,2,12.8,3,99.9,21.19159,78.97488,Aditya Reddy,+91 692646 1498,"326, Sunrise Boulevard, Dharampeth",283795.0
400.0,4,4,1.5,66,12.8,9,79.7,21.18533,79.2044,Vikram Sharma,+91 720422 1509,"924, Station Road, Dharampeth",145383.0
2032.0,5,5,2.5,74,54.6,3,50.5,20.78858,79.45031,Kavya Nair,+91 901515 0853,"173, Station Road, Civil Lines",219223.0
3064.0,2,2,3.0,1,2.8,10,88.5,21.1416,79.0615,Kabir Reddy,+91 965878 8179,"895, Ring Road, Ramdaspeth",442709.0
2824.0,5,5,1.5,50,13.5,9,70.8,21.03211,79.13505,Vikram Deshmukh,+91 718667 3874,"911, Park Avenue, Hingna Road",422718.0
2990.0,3,3,1.0,6,1.2,1,29.2,21.15272,79.07899,Kabir Agarwal,+91 769380 7575,"650, Market Street, Gandhibagh",447125.0
1137.0,4,4,2.5,28,3.8,5,22.4,21.1278,79.05717,Kavya Nair,+91 641294 1127,"27, Lake View Lane, Hingna Road",217372.0
2393.0,4,4,2.0,26,4.8,8,51.3,21.18336,79.0657,Meera Bose,+91 734660 3774,"612, Ring Road, Gandhibagh",348513.0
1331.0,4,4,1.5,41,1.5,5,37.3,21.1533,79.0756,Arjun Nair,+91 821019 4345,"116, Sunrise Boulevard, Ramdaspeth",250245.0
1946.0,2,2,2.0,73,6.7,3,32.9,21.19421,79.12722,Anjali Verma,+91 719455 9917,"337, MG Road, Trimurti Nagar",266450.0
973.0,4,4,1.0,36,9.3,1,17.8,21.06205,79.08346,Rahul Chauhan,+91 910544 0650,"76, Civil Lines, Sadar",130312.0
1381.0,4,4,1.0,31,10.7,1,84.5,21.24072,79.0686,Arjun Iyer,+91 731974 0835,"735, Green Valley Road, Sadar",200197.0
1360.0,5,5,1.5,7,14.0,2,70.5,21.26528,79.04503,Ishaan Chauhan,+91 973923 1374,"483, Hill Top Road, Pratap Nagar",201962.0
2384.0,3,3,1.0,71,5.9,3,33.1,21.18805,79.05343,Sai Deshmukh,+91 888374 4204,"937, College Road, Ramdaspeth",283960.0
2320.0,3,3,3.0,25,6.6,4,23.8,21.17054,79.02981,Neha Bose,+91 868414 2969,"683, Park Avenue, Hingna Road",346884.0
1980.0,3,3,3.0,36,2.1,9,12.8,21.13726,79.07055,Meera Mehta,+91 934013 3629,"316, Ring Road, Laxmi Nagar",375976.0
922.0,1,1,2.5,7,21.7,6,11.3,20.9674,79.00228,Diya Joshi,+91 978355 7859,"774, Ring Road, Wardha Road",194355.0
1597.0,1,1,3.5,23,3.6,2,62.5,21.11707,79.07267,Aarav Gupta,+91 742132 2429,"286, Sunrise Boulevard, Sadar",263540.0
1315.0,1,1,2.5,44,0.7,1,10.9,21.14852,79.0826,Rahul Reddy,+91 736796 2502,"269, Station Road, Trimurti Nagar",215049.0
2365.0,4,4,3.5,72,4.8,2,96.0,21.15068,79.04238,Diya Reddy,+91 890305 7018,"264, Station Road, Pratap Nagar",332528.0
2566.0,3,3,1.0,26,7.1,4,27.9,21.19511,79.13176,Ananya Reddy,+91 620099 1214,"710, Church Street, Sitabuldi",372830.0
2487.0,5,5,1.5,44,23.2,8,2.6,21.11762,78.86593,Meera Joshi,+91 887362 9592,"982, Green Valley Road, Manish Nagar",341069.0
1309.0,4,4,3.0,70,1.9,1,85.5,21.13396,79.10123,Pooja Chauhan,+91 792602 5510,"853, Civil Lines, Trimurti Nagar",170629.0
400.0,1,1,1.0,28,7.8,5,36.8,21.1631,79.0151,Aarav Sharma,+91 982712 0555,"540, Green Valley Road, Hingna Road",78402.0
651.0,1,1,3.0,23,4.8,5,34.3,21.1293,79.13131,Suman Mehta,+91 676240 6318,"11, Civil Lines, Civil Lines",179523.0
2724.0,2,2,2.0,3,0.9,2,11.9,21.15266,79.09315,Sneha Deshmukh,+91 840029 0436,"966, College Road, Dharampeth",433500.0
1539.0,5,5,2.0,72,5.5,1,66.0,21.09676,79.08387,Meera Nair,+91 854803 0328,"383, College Road, Trimurti Nagar",195258.0
1312.0,1,1,2.5,8,0.5,3,35.9,21.14145,79.08694,Vivaan Reddy,+91 662681 5493,"617, Green Valley Road, Dharampeth",227820.0
2868.0,1,1,3.5,17,10.8,2,82.3,21.05731,79.04466,Amit Nair,+91 865338 8241,"423, Market Street, Manish Nagar",365305.0
2622.0,1,1,1.0,11,0.8,8,63.1,21.13962,79.08416,Amit Agarwal,+91 848747 5401,"293, Ring Road, Sitabuldi",381788.0
1816.0,3,3,3.0,56,5.3,10,88.0,21.15251,79.13917,Meera Chauhan,+91 750035 7969,"303, MG Road, Manish Nagar",273117.0
1609.0,5,5,3.5,29,4.4,7,62.3,21.10587,79.08608,Sanjay Kulkarni,+91 826016 3597,"586, Sunrise Boulevard, Gandhibagh",326480.0
1714.0,4,4,3.0,56,25.5,8,77.9,21.14626,78.84156,Pooja Rao,+91 736925 7644,"429, Sunrise Boulevard, Laxmi Nagar",239987.0
1948.0,3,3,3.5,48,5.3,8,69.7,21.13863,79.038,Pooja Mehta,+91 854387 6152,"156, MG Road, Hingna Road",312280.0
2840.0,1,1,3.0,1,2.6,9,46.3,21.15318,79.11211,Sai Kulkarni,+91 612175 7921,"378, Church Street, Ramdaspeth",441527.0
2075.0,2,2,2.5,24,9.1,1,68.9,21.22185,79.12145,Rahul Deshmukh,+91 710056 2527,"448, Church Street, Trimurti Nagar",256246.0
2272.0,3,3,2.5,0,1.0,10,66.4,21.14123,79.09603,Vivaan Patel,+91 677580 4080,"625, Green Valley Road, Sadar",384397.0
2560.0,2,2,2.0,5,4.2,5,0.7,21.18058,79.07192,Meera Verma,+91 641745 9943,"442, Church Street, Laxmi Nagar",423944.0
1040.0,4,4,3.0,37,2.8,6,69.9,21.16125,79.06715,Ishaan Iyer,+91 626955 9100,"195, Hill Top Road, Gandhibagh",240640.0
2291.0,5,5,2.5,21,49.8,8,26.2,21.56211,79.26752,Sai Gupta,+91 658278 9736,"576, Green Valley Road, Ramdaspeth",277869.0
1609.0,2,2,2.0,7,1.7,5,54.2,21.13437,79.07701,Rahul Mehta,+91 854768 5624,"836, College Road, Dharampeth",230002.0
400.0,2,2,1.0,32,24.4,3,11.1,20.92603,79.07442,Priya Rao,+91 687552 3610,"387, College Road, Gandhibagh",71171.0
417.0,1,1,1.0,36,1.3,1,2.3,21.14032,79.09909,Pooja Chauhan,+91 757941 6316,"633, Church Street, Dharampeth",125120.0
1138.0,4,4,1.0,79,4.0,2,1.5,21.13227,79.05289,Aditya Deshmukh,+91 670757 6436,"455, Green Valley Road, Sadar",195434.0
2145.0,3,3,2.5,52,1.6,1,15.8,21.16007,79.08571,Suman Patel,+91 715720 0546,"297, Civil Lines, Dharampeth",333518.0
1874.0,2,2,2.0,31,10.2,4,2.0,21.18549,79.17723,Rahul Agarwal,+91 689317 0623,"875, Station Road, Civil Lines",252286.0
1920.0,2,2,3.0,37,13.8,8,13.2,21.26982,79.07469,Priya Deshmukh,+91 710142 3117,"962, Market Street, Laxmi Nagar",288040.0
3068.0,1,1,2.5,7,2.2,4,55.9,21.13268,79.0729,Aarav Iyer,+91 687971 7276,"181, MG Road, Manish Nagar",377327.0
975.0,3,3,1.5,30,8.5,6,40.0,21.13336,79.16947,Vivaan Sharma,+91 889695 9047,"622, College Road, Civil Lines",179092.0
1782.0,4,4,2.5,46,9.6,2,98.1,21.18714,79.1698,Diya Deshmukh,+91 798360 1735,"921, Market Street, Laxmi Nagar",191125.0
1998.0,2,2,1.5,1,4.6,6,80.9,21.17226,79.05461,Meera Patel,+91 827066 8235,"537, Ring Road, Ramdaspeth",338065.0
1321.0,1,1,3.0,73,7.8,10,14.7,21.08514,79.05096,Kavya Gupta,+91 927774 6113,"538, Church Street, Hingna Road",262839.0
1818.0,3,3,3.5,41,5.1,4,41.7,21.12502,79.04419,Sai Rao,+91 728294 7074,"958, MG Road, Wardha Road",290446.0
760.0,4,4,1.0,62,18.2,5,43.1,21.01242,78.9866,Sneha Verma,+91 881285 5539,"628, Park Avenue, Sadar",85116.0
2716.0,2,2,1.5,22,2.7,10,36.2,21.15127,79.06327,Riya Iyer,+91 950294 7002,"848, Lake View Lane, Hingna Road",426918.0
1357.0,2,2,1.5,66,1.3,7,49.6,21.15746,79.08686,Ananya Gupta,+91 756096 3457,"105, Sunrise Boulevard, Laxmi Nagar",263124.0
3120.0,1,1,2.5,29,9.6,4,67.0,21.15511,78.99646,Sai Sharma,+91 605573 3888,"589, Sunrise Boulevard, Laxmi Nagar",422201.0
1779.0,4,4,1.5,74,5.7,2,64.1,21.1806,79.04769,Priya Chauhan,+91 881662 4918,"145, College Road, Pratap Nagar",273397.0
2468.0,5,5,3.0,41,10.7,10,35.7,21.05254,79.06205,Amit Gupta,+91 838501 8726,"204, Church Street, Hingna Road",384800.0
1765.0,4,4,1.0,50,1.4,7,70.5,21.15713,79.09472,Riya Joshi,+91 750714 0295,"732, Church Street, Hingna Road",257318.0
1780.0,3,3,2.5,16,5.8,1,28.9,21.14706,79.03225,Ishaan Agarwal,+91 772062 1441,"869, Sunrise Boulevard, Laxmi Nagar",276769.0
1420.0,4,4,2.0,79,0.5,6,83.5,21.14465,79.09287,Ritu Rao,+91 654904 7429,"899, Green Valley Road, Wardha Road",173637.0
1877.0,2,2,1.5,15,4.0,10,96.4,21.13861,79.05013,Rohan Reddy,+91 839867 5620,"764, MG Road, Gandhibagh",353402.0
2007.0,1,1,3.5,2,4.3,10,29.5,21.18397,79.0915,Rahul Deshmukh,+91 868879 5122,"518, Sunrise Boulevard, Ramdaspeth",349328.0
1290.0,2,2,1.0,35,5.0,2,78.5,21.12801,79.13293,Aarav Kulkarni,+91 898783 7116,"434, Park Avenue, Sitabuldi",203472.0
1719.0,4,4,3.5,66,9.4,5,81.3,21.23067,79.09154,Arjun Sharma,+91 775463 2233,"168, MG Road, Sadar",241771.0
1403.0,4,4,3.5,73,0.5,10,49.1,21.1413,79.08824,Meera Agarwal,+91 615419 5100,"785, Market Street, Manish Nagar",223258.0
3295.0,5,5,2.5,68,34.0,8,8.8,21.34038,79.3419,Pooja Verma,+91 842947 2036,"796, Market Street, Trimurti Nagar",473740.0
1742.0,5,5,3.0,44,6.5,6,78.6,21.0988,79.12584,Meera Deshmukh,+91 871243 2993,"128, Hill Top Road, Ramdaspeth",254661.0
2804.0,2,2,2.0,73,21.2,4,40.7,21.31894,79.17474,Vivaan Verma,+91 603887 6348,"916, Church Street, Sadar",352320.0
1673.0,1,1,1.0,39,3.2,8,20.8,21.16335,79.0642,Ritu Sharma,+91 624861 7029,"329, Park Avenue, Manish Nagar",279354.0
1969.0,2,2,1.0,38,1.7,6,62.7,21.14251,79.10429,Arjun Verma,+91 701862 3963,"669, Station Road, Trimurti Nagar",293071.0
941.0,5,5,3.0,14,1.7,6,43.7,21.13841,79.07365,Ananya Deshmukh,+91 614340 4292,"128, Green Valley Road, Sadar",202939.0
1509.0,5,5,2.0,63,11.5,10,8.8,21.24886,79.07846,Aditya Nair,+91 623672 6112,"183, MG Road, Wardha Road",269151.0
1937.0,1,1,3.0,25,1.4,4,98.4,21.14585,79.102,Rahul Mehta,+91 865461 2790,"605, Civil Lines, Ramdaspeth",253170.0
2831.0,1,1,1.0,15,11.8,7,24.5,21.15032,79.20182,Priya Reddy,+91 738820 5623,"412, MG Road, Trimurti Nagar",418182.0
1944.0,3,3,3.5,29,0.5,1,51.1,21.15025,79.08746,Kabir Verma,+91 765289 7931,"28, Station Road, Dharampeth",313820.0
2699.0,4,4,3.5,48,9.3,8,66.7,21.13171,78.99951,Sneha Deshmukh,+91 875420 1629,"938, Park Avenue, Pratap Nagar",398274.0
2216.0,5,5,1.5,21,0.8,6,11.5,21.14651,79.08018,Rohan Agarwal,+91 640661 8751,"886, MG Road, Ramdaspeth",361738.0
2858.0,4,4,2.0,28,9.1,9,73.9,21.10709,79.16586,Kavya Agarwal,+91 649291 6306,"192, Church Street, Ramdaspeth",473833.0
1762.0,2,2,3.5,26,0.7,4,64.8,21.1397,79.08878,Sneha Sharma,+91 743241 5025,"649, Civil Lines, Sadar",246929.0
3354.0,1,1,1.5,47,0.8,10,49.4,21.14238,79.09537,Sanjay Chauhan,+91 773695 7423,"171, Market Street, Manish Nagar",433541.0
1484.0,4,4,1.0,57,11.8,6,52.8,21.13794,78.9745,Rahul Joshi,+91 835171 7471,"716, MG Road, Ramdaspeth",222852.0
1302.0,3,3,1.5,54,14.1,3,95.5,21.18756,78.95961,Meera Patel,+91 622723 1281,"701, Green Valley Road, Dharampeth",160474.0
1013.0,5,5,2.0,11,6.6,2,91.1,21.12173,79.02967,Aarav Patel,+91 798966 8754,"745, Sunrise Boulevard, Wardha Road",210754.0
3315.0,3,3,1.5,27,5.2,2,11.2,21.17932,79.05353,Kabir Rao,+91 883506 1026,"543, Church Street, Sitabuldi",479248.0
2333.0,3,3,2.0,51,6.1,4,36.9,21.19909,79.10256,Meera Mehta,+91 985621 1037,"24, Sunrise Boulevard, Ramdaspeth",335269.0
1583.0,2,2,3.5,17,8.9,6,51.7,21.07693,79.13291,Kavya Sharma,+91 803605 3945,"205, Station Road, Dharampeth",273774.0
